author,flag,source,tier
criti_fin,banned,top50,high
village_aapiser,banned,top50,high
Critifin,ok,top50,high
speedballandcrack,ok,top50,high
liyakadav,deleted,top50,high
Cheap_trick1412,banned,top50,high
JustASheepInTheFlock,ok,top50,high
MempuraanIsBack,deleted,top50,high
QueasyAdvertising173,ok,top50,high
Entharo_entho,ok,top50,high
Slurpmey,ok,top50,high
amongus-77-sky,ok,top50,high
RodrickJasperHeffley,banned,top50,high
the_storm_rider,ok,top50,high
DioTheSuperiorWaifu,ok,top50,high
_karyon_,ok,top50,high
Few-Entrepreneur6491,ok,top50,high
vigya16,banned,top50,high
RaccoonDoor,ok,top50,high
Uncertn_Laaife,ok,top50,high
KingPictoTheThird,ok,top50,high
Mempuraan_Returns,deleted,top50,high
ExploringDoctor,deleted,top50,high
sadsoul0777,banned,top50,high
RealFriendlyPitbull,ok,top50,high
DustyAsh69,ok,top50,high
obelix_dogmatix,ok,top50,high
FinePersimmon3718,ok,top50,high
missyousachin,banned,top50,high
Outlander_TB,ok,top50,high
Embarrassed_Look9200,ok,top50,high
kilaithalai,ok,top50,high
redditcruzer,ok,top50,high
yes-reply,ok,top50,high
TheCricketAnimator,ok,top50,high
TaxMeDaddy_,banned,top50,high
Dry-Expert-2017,ok,top50,high
Zealousideal-Role-24,ok,top50,high
unbiased_crook,banned,top50,high
Ok_Satisfaction1775,ok,top50,high
Sweet-Author-6037,ok,top50,high
chill_fann,ok,top50,high
evammist,ok,top50,high
creatism_1,deleted,top50,high
NormalTraining5268,banned,top50,high
sachin_root,ok,top50,high
Diligent_Bit3396,deleted,top50,high
nickdonhelm,ok,top50,high
Modijifor2024,banned,top50,high
Impressive-Permit-30,banned,top50,high
yellow_pills,ok,next150_v2composite_partial,high
AuthorityBrain,ok,next150_v2composite_partial,high
Just_Chill_Yaar,ok,next150_v2composite_partial,high
Sharp-Potential7934,banned,next150_v2composite_partial,high
Yournewbestfriend_01,ok,next150_v2composite_partial,high
IndianByBrain,deleted,next150_v2composite_partial,high
SuperbHealth5023,ok,next150_v2composite_partial,high
TheDoodleBug_,banned,next150_v2composite_partial,high
Solenoidics,banned,next150_v2composite_partial,high
Your_Friendly_Panda,ok,next150_v2composite_partial,high
God_Emperor__Doom,banned,next150_v2composite_partial,high
Own_Associate_6920,deleted,next150_v2composite_partial,high
GiveMeSomeSunshine3,ok,next150_v2composite_partial,high
Live_Ostrich_6668,ok,next150_v2composite_partial,high
Chai_Lijiye,deleted,next150_v2composite_partial,high
pranagrapher,ok,next150_v2composite_partial,high
sixty9e,banned,next150_v2composite_partial,high
Sharp-potential7935,ok,next150_v2composite_partial,high
Twinkling_Paw,ok,next150_v2composite_partial,high
NoTensionAtAll,ok,next150_v2composite_partial,high
Gracious_Heart_,deleted,next150_v2composite_partial,high
Kindly_Department142,ok,next150_v2composite_partial,high
shini_gami09,banned,next150_v2composite_partial,high
vsshal7,banned,next150_v2composite_partial,high
AfterSomeTime,deleted,next150_v2composite_partial,high
That-Replacement-232,ok,next150_v2composite_partial,high
LimpCoco,banned,next150_v2composite_partial,high
picklepaapad,ok,next150_v2composite_partial,high
Eikichi_Onizuka09,ok,next150_v2composite_partial,high
rustyyryan,ok,next150_v2composite_partial,high
Main_Pay_9669,deleted,next150_v2composite_partial,high
Majestic_____kdj,ok,next150_v2composite_partial,high
Capable_Control_2845,ok,next150_v2composite_partial,high
IREDA1000,deleted,next150_v2composite_partial,high
kuzuma-,banned,next150_v3,high
ColorfulButterfly25,ok,next150_v3,high
pluto_N,banned,next150_v3,high
Unstoppable_X_Force,banned,next150_v3,high
anshuwuman,banned,next150_v3,high
FriendlyFlag,deleted,next150_v3,high
undo-undo-undo-undo,deleted,next150_v3,high
The-Maker5456,deleted,next150_v3,high
Interesting-Take781,deleted,next150_v3,high
Ok-Importance-3095,banned,next150_v3,high
theanonymoussking,mod,next150_v3,high
Remote_Tap6299,ok,next150_v3,high
Same_Investigator_46,ok,next150_v3,high
thwitter,ok,next150_v3,high
Cosmic_Traveller_,banned,next150_v3,high
Distinct-Library5173,deleted,next150_v3,high
DragonDeninSharkTank,ok,next150_v3,high
fuckyou_politicians,ok,next150_v3,high
No-Explorer-2427,ok,next150_v3,high
bips99,ok,next150_v3,high
find_a_rare_uuid,ok,next150_v3,high
GoodMechanic2526,deleted,next150_v3,high
OverratedDataScience,ok,next150_v3,high
Keep0nBuckin,ok,next150_v3,high
LagrangeMultiplier99,ok,next150_v3,high
electriccamels,ok,next150_v3,high
Broad-Research5220,ok,next150_v3,high
Moongfali4president,ok,next150_v3,high
aloomatarkisabji,ok,next150_v3,high
Oopsforgotagain,ok,next150_v3,high
BROWN-MUNDA_,deleted,next150_v3,high
dillimunda,ok,next150_v3,high
Silly-Jellyfish-3518,banned,next150_v3,high
happusinghh,deleted,next150_v3,high
iWantJob-,ok,next150_v3,high
Similar_Duty1951,ok,next150_v3,high
Technical-Relation-9,ok,next150_v3,high
kadhai_panner,banned,next150_v3,high
kalinooni,banned,next150_v3,high
ManyFaithlessness404,ok,next150_v3,high
playeryyeye,ok,next150_v3,high
Lonely-Ordinary1478,ok,next150_v3,high
Obvious-Fisherman998,banned,next150_v3,high
Fantastic_Form3607,ok,next150_v3,high
No-Sundae3423,ok,next150_v3,high
ConsiderationNo808,deleted,next150_v3,high
nyxxxtron,ok,next150_v3,high
_sabir007_,deleted,next150_v3,high
vegarhoalpha,ok,next150_v3,high
quacchead09,ok,next150_v3,high
shayT_T,banned,next150_v3,mid
Every-Assistant7458,ok,next150_v3,mid
lonerblues,ok,next150_v3,mid
unban_interaction,deleted,next150_v3,mid
Impossible-Sort-8542,ok,next150_v3,mid
Terrible_Quantity312,banned,next150_v3,mid
Inukollu,ok,next150_v3,mid
NotAnUncle,ok,next150_v3,mid
marchfortheantifa,ok,next150_v3,mid
MildCoffer,banned,next150_v3,mid
Your-Fat-Mother,ok,next150_v3,mid
radifgoo,ok,next150_v3,mid
harshacc,ok,next150_v3,mid
Jolly_Librarian2610,ok,next150_v3,mid
Busy-Tower-1263,ok,next150_v3,mid
dipsy_98,ok,next150_v3,mid
Astitv09,banned,next150_v3,mid
iwontgiveumyusernane,deleted,next150_v3,mid
solitude_sage,ok,next150_v3,mid
Dexmeditomidine,ok,next150_v3,mid
chipcrazy,ok,next150_v3,mid
Complex-Quality-3798,ok,next150_v3,mid
PehleAap,ok,next150_v3,mid
Enthonnade,ok,next150_v3,mid
LiteraturePuzzled810,ok,next150_v3,mid
Big_Collection_8949,banned,next150_v3,mid
PixelReaper69,ok,next150_v3,mid
cuddle_bubbles,ok,next150_v3,mid
AlbertJoseph_3401,ok,next150_v3,mid
orldliness8978,banned,next150_v3,mid
Recent-Tear155,ok,next150_v3,mid
TheIndianChef,ok,next150_v3,mid
SlicKilled,ok,next150_v3,mid
cagr_hunter_of_hni,deleted,next150_v3,mid
SuperfluousMainMan,ok,next150_v3,mid
Affectionate_Ebb4411,deleted,next150_v3,mid
MajesticMurabba,ok,next150_v3,mid
DRAGONUV7890,banned,next150_v3,mid
bankai2803,ok,next150_v3,mid
Simple_Mall_9388,deleted,next150_v3,mid
TopGunTornado,ok,next150_v3,mid
KakashiHatake0000,ok,next150_v3,mid
Kalaputra,ok,next150_v3,mid
vemarun,ok,next150_v3,mid
slowkey_,ok,next150_v3,mid
gajni-chudail,ok,next150_v3,mid
Helpful-Throat-4341,deleted,next150_v3,mid
AFullmetalNerd,ok,next150_v3,mid
Le_sussy_,banned,next150_v3,mid
pilotshashi,ok,next150_v3,mid
Ok_Thought_6170,deleted,next150_v3,low
me_am_20,deleted,next150_v3,low
12av21,banned,next150_v3,low
R4r6202,banned,next150_v3,low
Strict-You-7942,ok,next150_v3,low
laugh_till_u_yeet,ok,next150_v3,low
Realistic_Share9716,ok,next150_v3,low
rizzlerexe_,ok,next150_v3,low
Symmetry_7,ok,next150_v3,low
BorosHunter,ok,next150_v3,low
Street_Strawberry739,ok,next150_v3,low
MeEntertain,ok,next150_v3,low
AccordingMud3949,banned,next150_v3,low
No_Worldliness5285,ok,next150_v3,low
voltstorm17,ok,next150_v3,low
deparody2,ok,next150_v3,low
Zealousideal_Law6288,banned,next150_v3,low
No-Masterpiece-1251,ok,next150_v3,low
joisnaveen,ok,next150_v3,low
VernaVincent,banned,next150_v3,low
External-Theme-9643,ok,next150_v3,low
TechMo4,ok,next150_v3,low
Worth_Geologist4643,banned,next150_v3,low
Ok-Pirate-2343,ok,next150_v3,low
Unfair_Type_5676,ok,next150_v3,low
PossibilityDry8488,banned,next150_v3,low
Horror_Cauliflower88,ok,next150_v3,low
Velvet_Haze_0001,ok,next150_v3,low
ISROAddict,ok,next150_v3,low
ParticularShare1054,banned,next150_v3,low
Prashank_25,ok,next150_v3,low
VarunOnt,ok,next150_v3,low
Practical-Pin1137,ok,next150_v3,low
copenhegan54,deleted,next150_v3,low
Free_Effective7474,deleted,next150_v3,low
Ill_Shoulder_940,ok,next150_v3,low
Timely_Ad_9073,ok,next150_v3,low
The-Cactus-Flower,ok,next150_v3,low
thor_rsk,ok,next150_v3,low
123Bulls_Eye123,ok,next150_v3,low
MrLions31,ok,next150_v3,low
Necessary-Double134,ok,next150_v3,low
reo_sam,ok,next150_v3,low
neutender,banned,next150_v3,low
Reesa2990,ok,next150_v3,low
Hiro-natsu3,ok,next150_v3,low
External_Chance,ok,next150_v3,low
Advanced_Hotel_8269,ok,next150_v3,low
42cybertron,ok,next150_v3,low
Sad_Firefighter3450,ok,next150_v3,low
Icongau,ok,sample60_r1,high
Sufficient-Bus-6387,ok,sample60_r1,high
Hungry_Bit_6643,banned,sample60_r1,high
ihaveballs007,ok,sample60_r1,high
jaadu_tone_wali,ok,sample60_r1,high
Specialist-Food7313,deleted,sample60_r1,high
choker_18,ok,sample60_r1,high
Background_Event4584,banned,sample60_r1,high
averageboblover,banned,sample60_r1,high
polestar_0208,ok,sample60_r1,high
Individual-Oven9410,ok,sample60_r1,high
ShreyedUp,ok,sample60_r1,high
BreadfruitThese3361,ok,sample60_r1,high
Glass-Evidence-7296,banned,sample60_r1,high
Beautiful_Roof_9239,ok,sample60_r1,high
ConsistentString4627,ok,sample60_r1,high
Ok_Balance_726,ok,sample60_r1,high
ceaser1997,ok,sample60_r1,high
CyberPunk7911,ok,sample60_r1,high
Unlikely-Priority-59,ok,sample60_r1,high
wavemaker7,ok,sample60_r1,mid
anotherRedditor2020,ok,sample60_r1,mid
GHOST-DoYouCopy,ok,sample60_r1,mid
I-am-the-beef,banned,sample60_r1,mid
Screen_sLaYeR_,ok,sample60_r1,mid
Busy_Theme961,ok,sample60_r1,mid
Twel-12,ok,sample60_r1,mid
AloneInThisSea,banned,sample60_r1,mid
GhastlyGhost2008,ok,sample60_r1,mid
CandidFalcon,banned,sample60_r1,mid
DEVIATE_sama,ok,sample60_r1,mid
avacadodoo,ok,sample60_r1,mid
PremKrr,banned,sample60_r1,mid
moonparker,ok,sample60_r1,mid
Sufficient_Coffee7,deleted,sample60_r1,mid
ImaginationThick481,ok,sample60_r1,mid
Sensitive-Pie-2887,deleted,sample60_r1,mid
No_Bee_3915,banned,sample60_r1,mid
Rasodemekaun,ok,sample60_r1,mid
Happiness_Seeker9,deleted,sample60_r1,mid
satvikr3ddy,ok,sample60_r1,low
Realfire123,banned,sample60_r1,low
Paannuu,ok,sample60_r1,low
nam558881456,ok,sample60_r1,low
8b10b,ok,sample60_r1,low
thafraj,ok,sample60_r1,low
AnshulU,banned,sample60_r1,low
Able-Aide-8909,ok,sample60_r1,low
keenreef,ok,sample60_r1,low
black_V1king,ok,sample60_r1,low
WellOkayMaybe,ok,sample60_r1,low
silver_conch,ok,sample60_r1,low
Regular-Good-6835,ok,sample60_r1,low
Sykhow,ok,sample60_r1,low
greatbat13,ok,sample60_r1,low
the2ndfloorguy,ok,sample60_r1,low
RelevantBaby7929,ok,sample60_r1,low
Meme-nto_Mori_,banned,sample60_r1,low
Ms_Shetty,ok,sample60_r1,low
AhoyChocoChipCookies,ok,sample60_r1,low
Defiant-Lie3189,ok,sample60_r2,high
One-Collection1418,ok,sample60_r2,high
Candid-Bar-3807,banned,sample60_r2,high
No_Exchange8995,banned,sample60_r2,high
wheygirl,ok,sample60_r2,high
Separate_Parfait_539,banned,sample60_r2,high
newd3lhiguy,deleted,sample60_r2,high
FunPresentation6433,deleted,sample60_r2,high
Interesting_reddevil,ok,sample60_r2,high
retrochips,ok,sample60_r2,high
rakshit101,deleted,sample60_r2,high
HakunaMatata603,ok,sample60_r2,high
Original-Alfalfa4406,banned,sample60_r2,high
grinlowr,ok,sample60_r2,high
KauvaBiryanii,ok,sample60_r2,high
Loud-Maintenance6829,banned,sample60_r2,high
Witty_Butterfly_2774,ok,sample60_r2,high
illuminandicomrade,ok,sample60_r2,high
Not_A_Saint_11,deleted,sample60_r2,high
Character_Calendar47,ok,sample60_r2,high
Tushar_thapliyal,ok,sample60_r2,mid
TaserBone69,ok,sample60_r2,mid
jonhot123,ok,sample60_r2,mid
69thhHokage,ok,sample60_r2,mid
AZRAELwaiDEAD,banned,sample60_r2,mid
boobalieutenant,ok,sample60_r2,mid
maybe-tomorr0w,ok,sample60_r2,mid
Exotic_Tomatillo_695,ok,sample60_r2,mid
bharatiya42,ok,sample60_r2,mid
raj00da,ok,sample60_r2,mid
lax_skyfall,ok,sample60_r2,mid
darkemperor55,ok,sample60_r2,mid
Square_Cup_7297,ok,sample60_r2,mid
bhagwano-ka-bhagwan,deleted,sample60_r2,mid
aksh729,deleted,sample60_r2,mid
Massive-Basket2317,deleted,sample60_r2,mid
V1R4J,ok,sample60_r2,mid
Tall_Bowl6870,banned,sample60_r2,mid
shinobiixx,ok,sample60_r2,mid
Goddamn_it_9991,ok,sample60_r2,mid
Fabulous_Thought6114,ok,sample60_r2,low
Advanced_Bread4751,ok,sample60_r2,low
Material_Emphasis_67,ok,sample60_r2,low
Golgappa-King,ok,sample60_r2,low
AggravatingAnswer921,ok,sample60_r2,low
pizzagamer35,deleted,sample60_r2,low
smartharty7,banned,sample60_r2,low
ded_futya12,ok,sample60_r2,low
Akil29,ok,sample60_r2,low
andhakaran,deleted,sample60_r2,low
OpenWeb5282,deleted,sample60_r2,low
Federal_Lie_7641,banned,sample60_r2,low
Advanced_Poet_7816,ok,sample60_r2,low
Poha_Best_Breakfast,ok,sample60_r2,low
refusestonamethyself,ok,sample60_r2,low
lol10lol10lol,ok,sample60_r2,low
RogueConscious,ok,sample60_r2,low
Mademan84,banned,sample60_r2,low
UncleRichardFanny,deleted,sample60_r2,low
infinity______18,deleted,sample60_r2,low
Emotional-Mix-9889,deleted,sample60_r3,high
Frequent-Place6578,deleted,sample60_r3,high
TryRoutine2465,banned,sample60_r3,high
GoldieeMasala,deleted,sample60_r3,high
samajdar_ladka,ok,sample60_r3,high
LunchSharp2663,deleted,sample60_r3,high
emberecho1256,ok,sample60_r3,high
Nklbsdk7783,deleted,sample60_r3,high
pichki1234,ok,sample60_r3,high
static_luna_01,banned,sample60_r3,high
FirmCockroach6677,ok,sample60_r3,high
TamraajKilvishh,deleted,sample60_r3,high
cosmicprincess16,deleted,sample60_r3,high
drifttsar,deleted,sample60_r3,high
goodatlife-2605,ok,sample60_r3,high
im-vengeance99,deleted,sample60_r3,high
AsishPC,banned,sample60_r3,high
NoInsurance1383,deleted,sample60_r3,high
133kv,banned,sample60_r3,high
xyz_abc_123_987,banned,sample60_r3,high
Nehaji-667,deleted,sample60_r3,mid
Left_Scratch8489,ok,sample60_r3,mid
iconicfish,ok,sample60_r3,mid
no1premiumfastbowler,ok,sample60_r3,mid
Puzzled_Bad_7571,banned,sample60_r3,mid
Puckerfactor7,ok,sample60_r3,mid
heaven_fears,banned,sample60_r3,mid
ravi_ram,ok,sample60_r3,mid
bitefo2425,ok,sample60_r3,mid
Still_Gene_,ok,sample60_r3,mid
Sassqueen9,ok,sample60_r3,mid
Kush-03,ok,sample60_r3,mid
Desperate-Board6989,ok,sample60_r3,mid
Critical_Thinking369,ok,sample60_r3,mid
Jealous-Bag-3818,banned,sample60_r3,mid
Due-Wrap9155,ok,sample60_r3,mid
ZealousidealPast5382,deleted,sample60_r3,mid
Beginning_Tackle908,ok,sample60_r3,mid
Fit-Spinach-8387,ok,sample60_r3,mid
sarrthac,ok,sample60_r3,mid
Additional_Service68,ok,sample60_r3,low
Forsaken-Sundae4797,ok,sample60_r3,low
RayonLovesFish,ok,sample60_r3,low
Responsible_Fig_413,banned,sample60_r3,low
cousinokri,ok,sample60_r3,low
pm_me_ur_brandy_pics,ok,sample60_r3,low
Yorker_length,ok,sample60_r3,low
masterslaytm,ok,sample60_r3,low
HULKAB-8569,ok,sample60_r3,low
Fone_Linging,ok,sample60_r3,low
blitzkreig90,ok,sample60_r3,low
Darkdragon69_,deleted,sample60_r3,low
Aakarsh_K,ok,sample60_r3,low
popeculture,ok,sample60_r3,low
dontknow_anything,ok,sample60_r3,low
A_Certain_Monk,ok,sample60_r3,low
Apprehensive_Dig281,ok,sample60_r3,low
Ok_Comparison_3748,ok,sample60_r3,low
Imaginary-Pace-47,ok,sample60_r3,low
This-is-Shanu-J,ok,sample60_r3,low
Signal_Flow_1682,banned,pre_final_120,high
Emotional-Survey9269,ok,pre_final_120,high
Interesting_Arm_4309,deleted,pre_final_120,high
Relative_Hunt9916,deleted,pre_final_120,high
MysteriousWitness980,banned,pre_final_120,high
desimountai,ok,pre_final_120,high
Username280307,deleted,pre_final_120,high
Shivam08567,deleted,pre_final_120,high
Accomplished_Test543,banned,pre_final_120,high
Over_Tangerine_7499,ok,pre_final_120,high
Agreeable-Tree-7525,deleted,pre_final_120,high
K4L4D1,deleted,pre_final_120,high
CitronAncient8605,banned,pre_final_120,high
CumWaltuh209,ok,pre_final_120,high
Its_me_unknown_007,deleted,pre_final_120,high
Lopsided_Contract672,deleted,pre_final_120,high
Swimming_Scene_4135,banned,pre_final_120,high
hallofshamer19,deleted,pre_final_120,high
AmbitiousCrow726,banned,pre_final_120,high
Historical_Trash5520,deleted,pre_final_120,high
RingFantastic1234,banned,pre_final_120,high
infinityredstar5,deleted,pre_final_120,high
Important_Yak_3615,ok,pre_final_120,high
Upstairs-Quote-8076,deleted,pre_final_120,high
reyhysterio,banned,pre_final_120,high
Odd-System-3612,banned,pre_final_120,high
Bakwaas-Karunga-Woo,deleted,pre_final_120,high
NewNeedleworker2668,banned,pre_final_120,high
Loud-Chair7104,deleted,pre_final_120,high
AgePsychological9504,banned,pre_final_120,high
IllustriousEngine651,banned,pre_final_120,high
Ok-Sheepherder-3917,deleted,pre_final_120,high
fitstackinvestor,ok,pre_final_120,high
Magnet_001,deleted,pre_final_120,high
NewConversation6644,deleted,pre_final_120,high
Disastrous_Wing_6582,banned,pre_final_120,high
Extension-Berry-548,deleted,pre_final_120,high
LuckSure5435,deleted,pre_final_120,high
Born-Calligrapher-31,deleted,pre_final_120,high
babubhaiya360,deleted,pre_final_120,high
Uchiha_Madara_Nipple,ok,pre_final_120,mid
Think_Highway_9958,deleted,pre_final_120,mid
FantasticLocation15,ok,pre_final_120,mid
CYCLONOUS_69,ok,pre_final_120,mid
Fuckyourfinger,deleted,pre_final_120,mid
maushichimaanjar,ok,pre_final_120,mid
RA-Destroyer,banned,pre_final_120,mid
Fifiishere53,ok,pre_final_120,mid
parol_pappa,deleted,pre_final_120,mid
demonic666entity,ok,pre_final_120,mid
ak22info,ok,pre_final_120,mid
Unhappy_Ad6304,banned,pre_final_120,mid
Sakamoto_2012,ok,pre_final_120,mid
Extension_Agent4981,ok,pre_final_120,mid
claws76,ok,pre_final_120,mid
abhi150993,ok,pre_final_120,mid
plz_scratch_my_back,banned,pre_final_120,mid
CupAffectionate,ok,pre_final_120,mid
high-hills,ok,pre_final_120,mid
Blue_Molecule1048,banned,pre_final_120,mid
OnlyTrauma,ok,pre_final_120,mid
RheumatoidEpilepsy,ok,pre_final_120,mid
MasterrrReady12,ok,pre_final_120,mid
Flat_Championship_20,ok,pre_final_120,mid
Sudden-Awareness-551,ok,pre_final_120,mid
ComprehensiveStep158,deleted,pre_final_120,mid
DrDeath_07,ok,pre_final_120,mid
CHUGGLETES,ok,pre_final_120,mid
50_50With_Cristobal,deleted,pre_final_120,mid
He18n,ok,pre_final_120,mid
MaujiJi,ok,pre_final_120,mid
evaru_nuvvu,ok,pre_final_120,mid
Fluffy_Cat1674,ok,pre_final_120,mid
razdaman92,ok,pre_final_120,mid
sanjeevkhatoi,ok,pre_final_120,mid
Standard_Secretary52,ok,pre_final_120,mid
Fickle_Library8115,ok,pre_final_120,mid
killua_kurosaki,banned,pre_final_120,mid
retro_rude007,ok,pre_final_120,mid
Wonderful_Comment_94,ok,pre_final_120,mid
lonelywarewolf,ok,pre_final_120,low
Main_Steak_8605,ok,pre_final_120,low
Broken_BiryaniBoy,ok,pre_final_120,low
Mickeythesame,ok,pre_final_120,low
jesus_fucking_marry,ok,pre_final_120,low
PlentyBake8358,ok,pre_final_120,low
Waste_Priority_3663,ok,pre_final_120,low
FizzyBoy147,ok,pre_final_120,low
Single_Act_1231,ok,pre_final_120,low
profitmaker_tobe,ok,pre_final_120,low
centarsirius,ok,pre_final_120,low
Vivid_Tamper,ok,pre_final_120,low
Blakedsilva,ok,pre_final_120,low
Upper-Refrigerator54,ok,pre_final_120,low
Blackbeard567,ok,pre_final_120,low
THE_UNKILLED,ok,pre_final_120,low
RaspberryEth,ok,pre_final_120,low
notmuchconfused,ok,pre_final_120,low
Gabrielle_Laurent,ok,pre_final_120,low
Debopam77,ok,pre_final_120,low
Simple_Feedback_5873,ok,pre_final_120,low
arhythmn,ok,pre_final_120,low
Large-Difference-231,ok,pre_final_120,low
SpaldingXI,ok,pre_final_120,low
Jai_Nimavat,ok,pre_final_120,low
EthicalHacker2005,ok,pre_final_120,low
Redmanharfire,ok,pre_final_120,low
Classic-Aside-3266,ok,pre_final_120,low
Silver-Conclusion134,ok,pre_final_120,low
drunk_ace,ok,pre_final_120,low
theredgiant,ok,pre_final_120,low
mayicuminyourass,ok,pre_final_120,low
hasntbeenmydecade,ok,pre_final_120,low
MAYR-ih-WAH-nuh,ok,pre_final_120,low
Silver-Excitement-80,ok,pre_final_120,low
BonChan12002,deleted,pre_final_120,low
DentistPositive8960,ok,pre_final_120,low
Greatest-DOOT,ok,pre_final_120,low
poopybuttholesex,ok,pre_final_120,low
Familiar-Estimate336,ok,pre_final_120,low
Kattu_Maram,banned,boundary_50,mid_high_boundary
DentistLongjumping59,banned,boundary_50,mid_high_boundary
Glum_Fruit6105,deleted,boundary_50,mid_high_boundary
Strange_Adeptness268,ok,boundary_50,mid_high_boundary
pyad4,ok,boundary_50,mid_high_boundary
Initial-Shine-5955,ok,boundary_50,mid_high_boundary
Exotic_Salad_2532,ok,boundary_50,mid_high_boundary
Dry_Cry5292,deleted,boundary_50,mid_high_boundary
Easy_Road_3806,ok,boundary_50,mid_high_boundary
Rom_X2,deleted,boundary_50,mid_high_boundary
Easy_Control_7507,ok,boundary_50,mid_high_boundary
WatchMyEntry2,deleted,boundary_50,mid_high_boundary
Various_Spend3057,ok,boundary_50,mid_high_boundary
rashdash,ok,boundary_50,mid_high_boundary
Present_Effect,deleted,boundary_50,mid_high_boundary
Smooth_Expression501,banned,boundary_50,mid_high_boundary
Outrageous-Watch-947,banned,boundary_50,mid_high_boundary
simpnotsimp,deleted,boundary_50,mid_high_boundary
redditismytea,ok,boundary_50,mid_high_boundary
The5th-Butcher,ok,boundary_50,mid_high_boundary
Mountain-Display-321,deleted,boundary_50,mid_high_boundary
InLoveWithPussies,ok,boundary_50,mid_high_boundary
Signal_Pie_963,banned,boundary_50,mid_high_boundary
largeapple001,ok,boundary_50,mid_high_boundary
_shru_,ok,boundary_50,mid_high_boundary
jhakaas_wala_pondy,banned,boundary_50,low_mid_boundary
CSretrogamer,ok,boundary_50,low_mid_boundary
Anxious-Following-66,ok,boundary_50,low_mid_boundary
Ken_words,ok,boundary_50,low_mid_boundary
No_Palpitation_9512,ok,boundary_50,low_mid_boundary
TheRealBotiRoti,ok,boundary_50,low_mid_boundary
LordOfPoops,ok,boundary_50,low_mid_boundary
Shashank9115,ok,boundary_50,low_mid_boundary
sandm4n_RS,ok,boundary_50,low_mid_boundary
PoopySoothu,deleted,boundary_50,low_mid_boundary
lucifer9590,banned,boundary_50,low_mid_boundary
Groundbreaking-Swan2,ok,boundary_50,low_mid_boundary
Affectionate-Big8739,ok,boundary_50,low_mid_boundary
Sedlyf19,ok,boundary_50,low_mid_boundary
Creative_Place_905,ok,boundary_50,low_mid_boundary
Equivalent_Yam_3777,ok,boundary_50,low_mid_boundary
SnooFoxes449,ok,boundary_50,low_mid_boundary
imik4991,banned,boundary_50,low_mid_boundary
Nearby_Essay9148,deleted,boundary_50,low_mid_boundary
Weekly_Edge6098,ok,boundary_50,low_mid_boundary
sumandas094,ok,boundary_50,low_mid_boundary
ihatewonderwall99,ok,boundary_50,low_mid_boundary
rooney_potterhead,ok,boundary_50,low_mid_boundary
onelifeCoder,ok,boundary_50,low_mid_boundary
existential_d-read,ok,boundary_50,low_mid_boundary
