score,n_accounts,n_comments,n_posts,total_karma,pct_accounts,pct_comments,pct_posts,pct_karma,concentration_ratio_karma
0,24166,408096,18319.0,37114736.0,69.9146535512802,44.400344674517584,27.836195107126578,32.17492799253644,0.46020292396839446
1,4048,155143,3290.0,9272186.0,11.711268624330971,16.879368270795798,4.999240237046042,8.03809885333428,0.6863559458139806
2,3831,187641,6011.0,18260349.0,11.08346593374801,20.41511084419145,9.133870232487464,15.8299769178901,1.4282515065697503
3,701,28234,5701.0,7343604.0,2.028063069579054,3.071824598967717,8.662817201033278,6.366202629211819,3.1390555474851145
4,877,61200,6279.0,11070039.0,2.53724866194127,6.6584849988249735,9.541103175809148,9.596665531975496,3.7823117914792816
6,421,25548,7661.0,8477914.0,1.2179950817300738,2.7795910906859547,11.641087980550068,7.349540960682479,6.0341302447978595
8,285,21744,6590.0,8160699.0,0.8245334876319976,2.365720552523696,10.013675733171251,7.074545881015134,8.580058890431163
9,94,10648,3007.0,3549103.0,0.2719513959207291,1.1584893507759528,4.569214405105607,3.0767330114673332,11.313540057592379
12,113,16494,6483.0,8449627.0,0.3269202950961956,1.7945269864480247,9.85108646102416,7.325018835882106,22.406130624979202
16,29,4380,2469.0,3654716.0,0.08389989874150151,0.47653863226884613,3.7517094666464064,3.168289386004815,37.762731940433255
