sub,month,n_influencers,n_scored,coverage_pct,pct_high_risk_of_scored,mean_bot_score_scored
AnimeMirchi,2024-08,201.0,94.0,46.766169154228855,15.957446808510639,0.33866578340530396
AnimeMirchi,2024-09,226.0,110.0,48.67256637168141,20.90909090909091,0.352657675743103
AnimeMirchi,2024-10,198.0,105.0,53.03030303030303,15.238095238095237,0.30288445949554443
AnimeMirchi,2024-11,204.0,122.0,59.80392156862745,12.295081967213115,0.2818978428840637
AnimeMirchi,2024-12,211.0,110.0,52.132701421800945,9.090909090909092,0.2906179428100586
AnimeMirchi,2025-01,217.0,112.0,51.61290322580645,8.035714285714286,0.28950467705726624
AnimeMirchi,2025-02,208.0,96.0,46.15384615384615,11.458333333333334,0.2961622476577759
AnimeMirchi,2025-03,222.0,123.0,55.4054054054054,10.56910569105691,0.3034991919994354
AnimeMirchi,2025-04,211.0,98.0,46.44549763033175,15.306122448979592,0.31742823123931885
AnimeMirchi,2025-05,224.0,111.0,49.55357142857143,13.513513513513514,0.3195338547229767
AnimeMirchi,2025-06,233.0,117.0,50.21459227467811,11.11111111111111,0.31173110008239746
AnimeMirchi,2025-07,212.0,123.0,58.0188679245283,9.75609756097561,0.3018953502178192
AnimeMirchi,2025-08,213.0,125.0,58.68544600938967,12.8,0.3245147466659546
AnimeMirchi,2025-09,227.0,129.0,56.82819383259912,12.4031007751938,0.3090846538543701
AnimeMirchi,2025-10,223.0,117.0,52.46636771300449,13.675213675213675,0.3013549745082855
AnimeMirchi,2025-11,226.0,122.0,53.982300884955755,8.19672131147541,0.32188302278518677
AnimeMirchi,2025-12,236.0,129.0,54.66101694915254,11.627906976744185,0.33468931913375854
AnimeMirchi,2026-01,231.0,128.0,55.41125541125541,12.5,0.3555489182472229
AnimeMirchi,2026-02,227.0,101.0,44.49339207048458,8.910891089108912,0.34480950236320496
AnimeMirchi,2026-03,252.0,95.0,37.698412698412696,15.789473684210526,0.35079824924468994
AnimeMirchi,2026-04,249.0,57.0,22.89156626506024,14.035087719298245,0.306138813495636
AnimeMirchi,2026-05,259.0,50.0,19.305019305019304,20.0,0.3567526638507843
AnimeMirchi,2026-06,260.0,39.0,15.0,7.6923076923076925,0.308991014957428
AnimeMirchi,2026-07,257.0,51.0,19.844357976653697,3.9215686274509802,0.30693554878234863
AskIndia,2024-08,261.0,120.0,45.97701149425287,17.5,0.26655563712120056
AskIndia,2024-09,256.0,101.0,39.453125,24.752475247524753,0.37373384833335876
AskIndia,2024-10,264.0,92.0,34.84848484848485,19.565217391304348,0.3244001865386963
AskIndia,2024-11,269.0,103.0,38.28996282527881,23.300970873786408,0.3548539876937866
AskIndia,2024-12,253.0,111.0,43.873517786561266,13.513513513513514,0.3095843195915222
AskIndia,2025-01,260.0,111.0,42.69230769230769,15.315315315315315,0.3092309832572937
AskIndia,2025-02,259.0,132.0,50.965250965250966,16.666666666666668,0.31367647647857666
AskIndia,2025-03,265.0,136.0,51.320754716981135,13.970588235294118,0.2755042612552643
AskIndia,2025-04,259.0,118.0,45.55984555984556,16.949152542372882,0.3079889714717865
AskIndia,2025-05,264.0,94.0,35.60606060606061,14.893617021276595,0.2686883509159088
AskIndia,2025-06,261.0,124.0,47.509578544061306,14.516129032258064,0.2907906770706177
AskIndia,2025-07,260.0,90.0,34.61538461538461,15.555555555555555,0.2742066979408264
AskIndia,2025-08,265.0,119.0,44.905660377358494,10.92436974789916,0.23509716987609863
AskIndia,2025-09,255.0,101.0,39.6078431372549,11.881188118811881,0.24169209599494934
AskIndia,2025-10,278.0,133.0,47.84172661870504,14.285714285714286,0.2829475700855255
AskIndia,2025-11,263.0,118.0,44.866920152091254,11.016949152542374,0.2536676824092865
AskIndia,2025-12,265.0,130.0,49.056603773584904,14.615384615384615,0.2772204577922821
AskIndia,2026-01,263.0,101.0,38.40304182509506,15.841584158415841,0.2767750918865204
AskIndia,2026-02,267.0,115.0,43.07116104868914,7.826086956521739,0.26009130477905273
AskIndia,2026-03,258.0,115.0,44.57364341085271,11.304347826086957,0.242816761136055
AskIndia,2026-04,266.0,99.0,37.21804511278196,19.19191919191919,0.2805038392543793
AskIndia,2026-05,253.0,99.0,39.130434782608695,14.141414141414142,0.2688104510307312
AskIndia,2026-06,256.0,115.0,44.921875,13.043478260869565,0.27467334270477295
AskIndia,2026-07,255.0,123.0,48.23529411764706,16.260162601626018,0.283600777387619
BollyBlindsNGossip,2024-08,244.0,146.0,59.83606557377049,15.753424657534246,0.30852630734443665
BollyBlindsNGossip,2024-09,237.0,144.0,60.75949367088607,19.444444444444443,0.3444247245788574
BollyBlindsNGossip,2024-10,248.0,156.0,62.903225806451616,12.820512820512821,0.2803163230419159
BollyBlindsNGossip,2024-11,228.0,163.0,71.49122807017544,17.177914110429448,0.31713974475860596
BollyBlindsNGossip,2024-12,227.0,165.0,72.68722466960352,13.93939393939394,0.3218073844909668
BollyBlindsNGossip,2025-01,255.0,166.0,65.09803921568627,13.25301204819277,0.28615325689315796
BollyBlindsNGossip,2025-02,238.0,180.0,75.63025210084034,16.666666666666668,0.3072948157787323
BollyBlindsNGossip,2025-03,241.0,186.0,77.17842323651452,16.129032258064516,0.2944340109825134
BollyBlindsNGossip,2025-04,240.0,158.0,65.83333333333333,15.822784810126583,0.303679496049881
BollyBlindsNGossip,2025-05,225.0,149.0,66.22222222222223,16.778523489932887,0.3290300667285919
BollyBlindsNGossip,2025-06,244.0,170.0,69.67213114754098,14.705882352941176,0.2960396707057953
BollyBlindsNGossip,2025-07,247.0,184.0,74.49392712550608,17.391304347826086,0.3292654752731323
BollyBlindsNGossip,2025-08,231.0,165.0,71.42857142857143,16.363636363636363,0.2898906469345093
BollyBlindsNGossip,2025-09,228.0,158.0,69.29824561403508,8.860759493670885,0.28312137722969055
BollyBlindsNGossip,2025-10,249.0,183.0,73.49397590361446,18.0327868852459,0.3241112232208252
BollyBlindsNGossip,2025-11,239.0,156.0,65.27196652719665,16.666666666666668,0.3151925504207611
BollyBlindsNGossip,2025-12,220.0,156.0,70.9090909090909,23.076923076923077,0.3797171115875244
BollyBlindsNGossip,2026-01,229.0,178.0,77.7292576419214,19.662921348314608,0.34697064757347107
BollyBlindsNGossip,2026-02,252.0,174.0,69.04761904761905,20.114942528735632,0.34765470027923584
BollyBlindsNGossip,2026-03,244.0,157.0,64.34426229508196,17.197452229299362,0.3327697515487671
BollyBlindsNGossip,2026-04,239.0,164.0,68.61924686192468,21.951219512195124,0.3657594621181488
BollyBlindsNGossip,2026-05,242.0,158.0,65.2892561983471,15.822784810126583,0.3076575994491577
BollyBlindsNGossip,2026-06,236.0,165.0,69.91525423728814,20.606060606060606,0.332210510969162
BollyBlindsNGossip,2026-07,234.0,150.0,64.1025641025641,18.0,0.33621230721473694
BollywoodFashion,2024-08,213.0,142.0,66.66666666666667,14.788732394366198,0.2927674651145935
BollywoodFashion,2024-09,219.0,154.0,70.31963470319634,15.584415584415584,0.3177465796470642
BollywoodFashion,2024-10,206.0,144.0,69.90291262135922,16.666666666666668,0.2992745637893677
BollywoodFashion,2024-11,227.0,166.0,73.12775330396475,13.25301204819277,0.2929905354976654
BollywoodFashion,2024-12,224.0,155.0,69.19642857142857,9.03225806451613,0.26790422201156616
BollywoodFashion,2025-01,216.0,140.0,64.81481481481481,13.571428571428571,0.28233006596565247
BollywoodFashion,2025-02,211.0,141.0,66.82464454976304,12.056737588652481,0.27456825971603394
BollywoodFashion,2025-03,221.0,149.0,67.42081447963801,5.369127516778524,0.24777328968048096
BollywoodFashion,2025-04,213.0,142.0,66.66666666666667,5.633802816901408,0.23710311949253082
BollywoodFashion,2025-05,198.0,147.0,74.24242424242425,4.761904761904762,0.2397024780511856
BollywoodFashion,2025-06,213.0,149.0,69.9530516431925,6.7114093959731544,0.2587970197200775
BollywoodFashion,2025-07,201.0,148.0,73.6318407960199,4.72972972972973,0.2329675853252411
BollywoodFashion,2025-08,204.0,139.0,68.13725490196079,8.633093525179856,0.27278295159339905
BollywoodFashion,2025-09,220.0,143.0,65.0,7.6923076923076925,0.2578681409358978
BollywoodFashion,2025-10,225.0,152.0,67.55555555555556,11.18421052631579,0.2676880955696106
BollywoodFashion,2025-11,209.0,155.0,74.16267942583733,12.903225806451612,0.2806463837623596
BollywoodFashion,2025-12,198.0,152.0,76.76767676767676,11.18421052631579,0.27418065071105957
BollywoodFashion,2026-01,227.0,161.0,70.9251101321586,8.695652173913043,0.26188525557518005
BollywoodFashion,2026-02,229.0,142.0,62.00873362445415,9.859154929577464,0.2706853747367859
BollywoodFashion,2026-03,219.0,155.0,70.77625570776256,5.806451612903226,0.2710340619087219
BollywoodFashion,2026-04,227.0,141.0,62.11453744493392,9.929078014184396,0.29237180948257446
BollywoodFashion,2026-05,215.0,130.0,60.46511627906977,11.538461538461538,0.2884862720966339
BollywoodFashion,2026-06,207.0,127.0,61.35265700483092,11.023622047244094,0.29485973715782166
BollywoodFashion,2026-07,230.0,128.0,55.65217391304348,14.0625,0.3481537103652954
BollywoodMusic,2024-08,242.0,133.0,54.95867768595041,13.533834586466165,0.29274725914001465
BollywoodMusic,2024-09,241.0,141.0,58.50622406639004,21.98581560283688,0.35397592186927795
BollywoodMusic,2024-10,244.0,153.0,62.704918032786885,18.954248366013072,0.3310251533985138
BollywoodMusic,2024-11,266.0,155.0,58.27067669172932,18.06451612903226,0.3439635634422302
BollywoodMusic,2024-12,264.0,163.0,61.74242424242424,21.47239263803681,0.3290576934814453
BollywoodMusic,2025-01,245.0,161.0,65.71428571428571,13.043478260869565,0.2945978343486786
BollywoodMusic,2025-02,246.0,169.0,68.69918699186992,17.75147928994083,0.33756303787231445
BollywoodMusic,2025-03,254.0,155.0,61.023622047244096,18.06451612903226,0.33666175603866577
BollywoodMusic,2025-04,244.0,144.0,59.01639344262295,19.444444444444443,0.35339081287384033
BollywoodMusic,2025-05,237.0,136.0,57.38396624472574,13.235294117647058,0.3036944270133972
BollywoodMusic,2025-06,260.0,160.0,61.53846153846154,13.125,0.30177876353263855
BollywoodMusic,2025-07,271.0,166.0,61.254612546125465,11.44578313253012,0.2963677644729614
BollywoodMusic,2025-08,250.0,164.0,65.6,11.585365853658537,0.2719147205352783
BollywoodMusic,2025-09,254.0,156.0,61.41732283464567,11.538461538461538,0.2955082356929779
BollywoodMusic,2025-10,256.0,173.0,67.578125,9.826589595375722,0.2873309254646301
BollywoodMusic,2025-11,261.0,157.0,60.15325670498084,8.280254777070065,0.2652395963668823
BollywoodMusic,2025-12,266.0,168.0,63.1578947368421,12.5,0.3020564615726471
BollywoodMusic,2026-01,261.0,175.0,67.04980842911877,13.714285714285714,0.3239916265010834
BollywoodMusic,2026-02,263.0,168.0,63.87832699619772,10.714285714285714,0.28757184743881226
BollywoodMusic,2026-03,264.0,152.0,57.57575757575758,11.842105263157896,0.29465603828430176
BollywoodMusic,2026-04,258.0,123.0,47.674418604651166,9.75609756097561,0.272273451089859
BollywoodMusic,2026-05,246.0,130.0,52.84552845528455,9.23076923076923,0.27262115478515625
BollywoodMusic,2026-06,247.0,149.0,60.32388663967611,17.449664429530202,0.34226322174072266
BollywoodMusic,2026-07,260.0,128.0,49.23076923076923,14.84375,0.3315073549747467
CarsIndia,2024-08,254.0,163.0,64.1732283464567,12.883435582822086,0.28310903906822205
CarsIndia,2024-09,246.0,158.0,64.22764227642277,12.658227848101266,0.26840829849243164
CarsIndia,2024-10,257.0,163.0,63.42412451361868,11.656441717791411,0.2706083655357361
CarsIndia,2024-11,257.0,151.0,58.75486381322957,14.56953642384106,0.31052789092063904
CarsIndia,2024-12,267.0,168.0,62.92134831460674,11.904761904761905,0.2516981065273285
CarsIndia,2025-01,270.0,177.0,65.55555555555556,16.949152542372882,0.3180530369281769
CarsIndia,2025-02,254.0,162.0,63.77952755905512,12.345679012345679,0.2857193648815155
CarsIndia,2025-03,248.0,159.0,64.11290322580645,16.352201257861637,0.3392177224159241
CarsIndia,2025-04,263.0,163.0,61.97718631178707,17.177914110429448,0.33044111728668213
CarsIndia,2025-05,266.0,158.0,59.3984962406015,12.658227848101266,0.29231199622154236
CarsIndia,2025-06,261.0,172.0,65.90038314176245,12.790697674418604,0.30704042315483093
CarsIndia,2025-07,265.0,164.0,61.886792452830186,14.634146341463415,0.29135480523109436
CarsIndia,2025-08,260.0,170.0,65.38461538461539,13.529411764705882,0.2993141710758209
CarsIndia,2025-09,263.0,172.0,65.39923954372624,13.372093023255815,0.26200151443481445
CarsIndia,2025-10,250.0,151.0,60.4,15.2317880794702,0.3000343143939972
CarsIndia,2025-11,263.0,149.0,56.653992395437264,12.080536912751677,0.2796200215816498
CarsIndia,2025-12,252.0,161.0,63.888888888888886,8.074534161490684,0.25817203521728516
CarsIndia,2026-01,256.0,150.0,58.59375,8.666666666666666,0.26208677887916565
CarsIndia,2026-02,261.0,132.0,50.57471264367816,12.878787878787879,0.28284353017807007
CarsIndia,2026-03,261.0,131.0,50.191570881226056,12.977099236641221,0.31153160333633423
CarsIndia,2026-04,247.0,116.0,46.963562753036435,11.206896551724139,0.28162679076194763
CarsIndia,2026-05,261.0,126.0,48.275862068965516,18.253968253968253,0.3124473989009857
CarsIndia,2026-06,261.0,124.0,47.509578544061306,16.93548387096774,0.29183217883110046
CarsIndia,2026-07,263.0,126.0,47.90874524714829,14.285714285714286,0.26692304015159607
CricketShitpost,2024-08,228.0,153.0,67.10526315789474,27.45098039215686,0.3953513205051422
CricketShitpost,2024-09,228.0,165.0,72.36842105263158,20.0,0.37255483865737915
CricketShitpost,2024-10,227.0,166.0,73.12775330396475,19.27710843373494,0.37673866748809814
CricketShitpost,2024-11,242.0,155.0,64.0495867768595,24.516129032258064,0.39304041862487793
CricketShitpost,2024-12,235.0,160.0,68.08510638297872,19.375,0.3588518500328064
CricketShitpost,2025-01,247.0,165.0,66.80161943319838,21.818181818181817,0.38386207818984985
CricketShitpost,2025-02,248.0,163.0,65.7258064516129,25.153374233128833,0.4096831679344177
CricketShitpost,2025-03,247.0,169.0,68.42105263157895,18.93491124260355,0.38603493571281433
CricketShitpost,2025-04,234.0,161.0,68.80341880341881,20.496894409937887,0.3692512810230255
CricketShitpost,2025-05,260.0,162.0,62.30769230769231,16.666666666666668,0.36272919178009033
CricketShitpost,2025-06,241.0,166.0,68.87966804979253,18.674698795180724,0.3589194416999817
CricketShitpost,2025-07,238.0,161.0,67.6470588235294,22.981366459627328,0.39593371748924255
CricketShitpost,2025-08,252.0,162.0,64.28571428571429,15.432098765432098,0.35631847381591797
CricketShitpost,2025-09,231.0,153.0,66.23376623376623,23.529411764705884,0.38494864106178284
CricketShitpost,2025-10,215.0,156.0,72.55813953488372,25.641025641025642,0.4099007844924927
CricketShitpost,2025-11,230.0,159.0,69.1304347826087,18.238993710691823,0.3416900038719177
CricketShitpost,2025-12,229.0,154.0,67.24890829694323,27.92207792207792,0.44779106974601746
CricketShitpost,2026-01,241.0,147.0,60.995850622406635,19.727891156462587,0.35805806517601013
CricketShitpost,2026-02,235.0,136.0,57.87234042553192,22.794117647058822,0.4112708568572998
CricketShitpost,2026-03,229.0,141.0,61.572052401746724,27.659574468085108,0.4467695653438568
CricketShitpost,2026-04,239.0,148.0,61.92468619246862,20.945945945945947,0.3946903347969055
CricketShitpost,2026-05,241.0,140.0,58.09128630705394,25.714285714285715,0.43317216634750366
CricketShitpost,2026-06,232.0,136.0,58.62068965517241,24.264705882352942,0.42230358719825745
CricketShitpost,2026-07,241.0,131.0,54.356846473029044,17.557251908396946,0.3719843924045563
DesiVideoMemes,2024-08,244.0,130.0,53.278688524590166,22.307692307692307,0.3848702311515808
DesiVideoMemes,2024-09,241.0,139.0,57.67634854771784,24.46043165467626,0.3931061029434204
DesiVideoMemes,2024-10,206.0,121.0,58.737864077669904,22.31404958677686,0.4089719355106354
DesiVideoMemes,2024-11,208.0,124.0,59.61538461538461,23.387096774193548,0.39653512835502625
DesiVideoMemes,2024-12,198.0,115.0,58.08080808080808,25.217391304347824,0.4214930236339569
DesiVideoMemes,2025-01,230.0,126.0,54.78260869565217,18.253968253968253,0.3733900785446167
DesiVideoMemes,2025-02,252.0,139.0,55.15873015873016,15.107913669064748,0.31842052936553955
DesiVideoMemes,2025-03,260.0,147.0,56.53846153846154,18.367346938775512,0.3758576512336731
DesiVideoMemes,2025-04,249.0,135.0,54.21686746987952,21.48148148148148,0.4002782702445984
DesiVideoMemes,2025-05,261.0,125.0,47.89272030651341,17.6,0.3762762248516083
DesiVideoMemes,2025-06,222.0,131.0,59.009009009009006,11.450381679389313,0.34112682938575745
DesiVideoMemes,2025-07,251.0,145.0,57.76892430278885,20.689655172413794,0.38909927010536194
DesiVideoMemes,2025-08,246.0,136.0,55.28455284552845,16.176470588235293,0.34041836857795715
DesiVideoMemes,2025-09,260.0,144.0,55.38461538461539,16.666666666666668,0.3777981996536255
DesiVideoMemes,2025-10,251.0,125.0,49.800796812749006,17.6,0.33872801065444946
DesiVideoMemes,2025-11,273.0,126.0,46.15384615384615,21.428571428571427,0.36058691143989563
DesiVideoMemes,2025-12,248.0,132.0,53.225806451612904,18.181818181818183,0.37112289667129517
DesiVideoMemes,2026-01,253.0,131.0,51.77865612648221,22.900763358778626,0.43337079882621765
DesiVideoMemes,2026-02,259.0,124.0,47.87644787644788,20.161290322580644,0.3878589868545532
DesiVideoMemes,2026-03,262.0,115.0,43.89312977099237,18.26086956521739,0.4039210081100464
GadgetsIndia,2024-08,223.0,122.0,54.7085201793722,20.491803278688526,0.3110528588294983
GadgetsIndia,2024-09,245.0,149.0,60.816326530612244,18.120805369127517,0.33933234214782715
GadgetsIndia,2024-10,246.0,151.0,61.38211382113821,16.556291390728475,0.3016926348209381
GadgetsIndia,2024-11,242.0,141.0,58.264462809917354,17.73049645390071,0.32597091794013977
GadgetsIndia,2024-12,242.0,145.0,59.917355371900825,16.551724137931036,0.2903604209423065
GadgetsIndia,2025-01,237.0,143.0,60.33755274261603,20.97902097902098,0.32873088121414185
GadgetsIndia,2025-02,240.0,141.0,58.75,19.858156028368793,0.3236789107322693
GadgetsIndia,2025-03,241.0,146.0,60.58091286307054,11.643835616438356,0.24414783716201782
GadgetsIndia,2025-04,233.0,141.0,60.51502145922747,9.929078014184396,0.25084662437438965
GadgetsIndia,2025-05,250.0,130.0,52.0,7.6923076923076925,0.20704321563243866
GadgetsIndia,2025-06,258.0,137.0,53.10077519379845,8.75912408759124,0.23624077439308167
GadgetsIndia,2025-07,248.0,138.0,55.645161290322584,12.318840579710145,0.285299152135849
GadgetsIndia,2025-08,257.0,161.0,62.64591439688716,10.559006211180124,0.28681471943855286
GadgetsIndia,2025-09,262.0,155.0,59.16030534351145,11.612903225806452,0.265275776386261
GadgetsIndia,2025-10,257.0,148.0,57.5875486381323,16.89189189189189,0.31533992290496826
GadgetsIndia,2025-11,264.0,153.0,57.95454545454545,13.72549019607843,0.28827744722366333
GadgetsIndia,2025-12,270.0,162.0,60.0,9.25925925925926,0.26269224286079407
GadgetsIndia,2026-01,257.0,144.0,56.03112840466926,12.5,0.2811070680618286
GadgetsIndia,2026-02,261.0,144.0,55.172413793103445,12.5,0.2880035638809204
GadgetsIndia,2026-03,248.0,127.0,51.20967741935484,15.748031496062993,0.301703542470932
GadgetsIndia,2026-04,240.0,139.0,57.916666666666664,10.79136690647482,0.2816760241985321
GadgetsIndia,2026-05,231.0,105.0,45.45454545454545,12.380952380952381,0.29291415214538574
GadgetsIndia,2026-06,258.0,143.0,55.42635658914729,11.888111888111888,0.2515600323677063
GadgetsIndia,2026-07,266.0,112.0,42.10526315789474,13.392857142857142,0.2875063717365265
ISRO,2024-08,71.0,32.0,45.070422535211264,6.25,0.2378380000591278
ISRO,2024-09,66.0,36.0,54.54545454545455,2.7777777777777777,0.20718948543071747
ISRO,2024-10,65.0,33.0,50.76923076923077,9.090909090909092,0.2633005976676941
ISRO,2024-11,58.0,28.0,48.275862068965516,14.285714285714286,0.27571943402290344
ISRO,2024-12,61.0,44.0,72.1311475409836,13.636363636363637,0.28337037563323975
ISRO,2025-01,100.0,52.0,52.0,13.461538461538462,0.25392967462539673
ISRO,2025-02,92.0,51.0,55.43478260869565,15.686274509803921,0.28117263317108154
ISRO,2025-03,46.0,28.0,60.869565217391305,10.714285714285714,0.2817685306072235
ISRO,2025-04,40.0,25.0,62.5,8.0,0.2634877860546112
ISRO,2025-05,94.0,44.0,46.808510638297875,9.090909090909092,0.25234517455101013
ISRO,2025-06,75.0,48.0,64.0,6.25,0.25752905011177063
ISRO,2025-07,86.0,49.0,56.97674418604651,10.204081632653061,0.2703206241130829
ISRO,2025-08,95.0,52.0,54.73684210526316,9.615384615384615,0.24747225642204285
ISRO,2025-09,52.0,33.0,63.46153846153846,12.121212121212121,0.27110153436660767
ISRO,2025-10,76.0,46.0,60.526315789473685,6.521739130434782,0.23978710174560547
ISRO,2025-11,75.0,43.0,57.333333333333336,6.976744186046512,0.24627210199832916
ISRO,2025-12,70.0,38.0,54.285714285714285,7.894736842105263,0.24137632548809052
ISRO,2026-01,87.0,51.0,58.62068965517241,5.882352941176471,0.23011918365955353
ISRO,2026-02,65.0,41.0,63.07692307692308,9.75609756097561,0.22169294953346252
ISRO,2026-03,75.0,34.0,45.333333333333336,5.882352941176471,0.2541893422603607
ISRO,2026-04,75.0,35.0,46.666666666666664,5.714285714285714,0.2215629667043686
ISRO,2026-05,78.0,37.0,47.43589743589744,5.405405405405405,0.23108574748039246
ISRO,2026-06,100.0,38.0,38.0,5.2631578947368425,0.22567418217658997
ISRO,2026-07,147.0,57.0,38.775510204081634,12.280701754385966,0.2820834815502167
IncredibleIndia,2024-08,151.0,49.0,32.450331125827816,18.367346938775512,0.3575727641582489
IncredibleIndia,2024-09,159.0,53.0,33.333333333333336,15.09433962264151,0.2896471917629242
IncredibleIndia,2024-10,198.0,72.0,36.36363636363637,16.666666666666668,0.3015156090259552
IncredibleIndia,2024-11,216.0,81.0,37.5,19.753086419753085,0.32187411189079285
IncredibleIndia,2024-12,221.0,84.0,38.009049773755656,19.047619047619047,0.2897408902645111
IncredibleIndia,2025-01,227.0,99.0,43.61233480176212,19.19191919191919,0.29946500062942505
IncredibleIndia,2025-02,204.0,73.0,35.78431372549019,12.32876712328767,0.316755086183548
IncredibleIndia,2025-03,218.0,90.0,41.28440366972477,14.444444444444445,0.2963351607322693
IncredibleIndia,2025-04,194.0,70.0,36.08247422680412,11.428571428571429,0.27341699600219727
IncredibleIndia,2025-05,175.0,62.0,35.42857142857143,9.67741935483871,0.2541640102863312
IncredibleIndia,2025-06,156.0,66.0,42.30769230769231,12.121212121212121,0.3397115170955658
IncredibleIndia,2025-07,174.0,74.0,42.52873563218391,8.108108108108109,0.2700270414352417
IncredibleIndia,2025-08,175.0,68.0,38.857142857142854,8.823529411764707,0.30952927470207214
IncredibleIndia,2025-09,185.0,75.0,40.54054054054054,9.333333333333334,0.2774417996406555
IncredibleIndia,2025-10,230.0,83.0,36.08695652173913,13.25301204819277,0.32812634110450745
IncredibleIndia,2025-11,174.0,63.0,36.206896551724135,14.285714285714286,0.33771973848342896
IncredibleIndia,2025-12,156.0,52.0,33.333333333333336,17.307692307692307,0.28876176476478577
IncredibleIndia,2026-01,172.0,48.0,27.906976744186046,14.583333333333334,0.31767287850379944
IncredibleIndia,2026-02,153.0,53.0,34.64052287581699,16.9811320754717,0.34028366208076477
IncredibleIndia,2026-03,139.0,46.0,33.093525179856115,4.3478260869565215,0.2552728056907654
IncredibleIndia,2026-04,145.0,49.0,33.793103448275865,12.244897959183673,0.31019583344459534
IncredibleIndia,2026-05,143.0,39.0,27.272727272727273,10.256410256410257,0.2858615815639496
IncredibleIndia,2026-06,158.0,41.0,25.949367088607595,12.195121951219512,0.3170924186706543
IncredibleIndia,2026-07,219.0,52.0,23.744292237442924,17.307692307692307,0.2839150130748749
IndiaCricket,2024-08,262.0,158.0,60.30534351145038,22.78481012658228,0.36250749230384827
IndiaCricket,2024-09,224.0,141.0,62.94642857142857,25.53191489361702,0.39275121688842773
IndiaCricket,2024-10,248.0,163.0,65.7258064516129,25.153374233128833,0.37245237827301025
IndiaCricket,2024-11,248.0,151.0,60.88709677419355,25.827814569536425,0.4337482452392578
IndiaCricket,2024-12,232.0,161.0,69.39655172413794,27.950310559006212,0.4395434856414795
IndiaCricket,2025-01,248.0,172.0,69.35483870967742,20.930232558139537,0.4021969139575958
IndiaCricket,2025-02,232.0,166.0,71.55172413793103,22.89156626506024,0.38970550894737244
IndiaCricket,2025-03,242.0,168.0,69.42148760330579,24.404761904761905,0.3885524272918701
IndiaCricket,2025-04,254.0,164.0,64.56692913385827,25.0,0.38904330134391785
IndiaCricket,2025-05,243.0,157.0,64.60905349794238,18.471337579617835,0.3422592580318451
IndiaCricket,2025-06,254.0,153.0,60.23622047244095,16.99346405228758,0.3615271747112274
IndiaCricket,2025-07,242.0,163.0,67.35537190082644,23.926380368098158,0.4083312749862671
IndiaCricket,2025-08,224.0,146.0,65.17857142857143,19.17808219178082,0.37877723574638367
IndiaCricket,2025-09,249.0,175.0,70.28112449799197,21.714285714285715,0.39791712164878845
IndiaCricket,2025-10,239.0,158.0,66.10878661087867,24.68354430379747,0.41019806265830994
IndiaCricket,2025-11,239.0,155.0,64.85355648535565,25.161290322580644,0.40318503975868225
IndiaCricket,2025-12,222.0,142.0,63.96396396396396,25.35211267605634,0.43464773893356323
IndiaCricket,2026-01,218.0,157.0,72.01834862385321,19.10828025477707,0.3655446171760559
IndiaCricket,2026-02,245.0,159.0,64.89795918367346,23.270440251572328,0.41541755199432373
IndiaCricket,2026-03,236.0,129.0,54.66101694915254,19.37984496124031,0.3715382516384125
IndiaCricket,2026-04,247.0,150.0,60.72874493927125,26.0,0.42903921008110046
IndiaCricket,2026-05,246.0,142.0,57.72357723577236,24.64788732394366,0.4034663438796997
IndiaCricket,2026-06,257.0,149.0,57.976653696498055,20.80536912751678,0.4061073064804077
IndiaCricket,2026-07,236.0,134.0,56.779661016949156,20.149253731343283,0.3802355229854584
IndiaInvestments,2024-08,248.0,132.0,53.225806451612904,6.818181818181818,0.20991912484169006
IndiaInvestments,2024-09,238.0,127.0,53.36134453781513,11.023622047244094,0.245493546128273
IndiaInvestments,2024-10,245.0,119.0,48.57142857142857,11.764705882352942,0.22724702954292297
IndiaInvestments,2024-11,225.0,117.0,52.0,11.965811965811966,0.27132517099380493
IndiaInvestments,2024-12,219.0,120.0,54.794520547945204,6.666666666666667,0.2503145635128021
IndiaInvestments,2025-01,238.0,130.0,54.621848739495796,7.6923076923076925,0.23662972450256348
IndiaInvestments,2025-02,228.0,113.0,49.56140350877193,6.1946902654867255,0.22892530262470245
IndiaInvestments,2025-03,226.0,127.0,56.19469026548673,4.724409448818897,0.20429717004299164
IndiaInvestments,2025-04,239.0,143.0,59.8326359832636,5.594405594405594,0.23393206298351288
IndiaInvestments,2025-05,215.0,112.0,52.093023255813954,8.035714285714286,0.2191282957792282
IndiaInvestments,2025-06,220.0,116.0,52.72727272727273,7.758620689655173,0.25463584065437317
IndiaInvestments,2025-07,246.0,127.0,51.6260162601626,7.086614173228346,0.2205258309841156
IndiaInvestments,2025-08,234.0,140.0,59.82905982905983,4.285714285714286,0.19108980894088745
IndiaInvestments,2025-09,204.0,110.0,53.92156862745098,4.545454545454546,0.2168152928352356
IndiaInvestments,2025-10,182.0,82.0,45.05494505494506,7.317073170731708,0.21184609830379486
IndiaInvestments,2025-11,112.0,37.0,33.035714285714285,2.7027027027027026,0.16377541422843933
IndiaInvestments,2025-12,141.0,61.0,43.262411347517734,6.557377049180328,0.23702381551265717
IndiaInvestments,2026-01,184.0,71.0,38.58695652173913,4.225352112676056,0.20606069266796112
IndiaInvestments,2026-02,162.0,80.0,49.382716049382715,7.5,0.22421355545520782
IndiaInvestments,2026-03,159.0,68.0,42.76729559748428,8.823529411764707,0.209962397813797
IndiaInvestments,2026-04,127.0,43.0,33.85826771653543,13.953488372093023,0.24443967640399933
IndiaInvestments,2026-05,153.0,39.0,25.49019607843137,5.128205128205129,0.22741259634494781
IndiaInvestments,2026-06,167.0,45.0,26.94610778443114,6.666666666666667,0.2163374125957489
IndiaInvestments,2026-07,95.0,25.0,26.31578947368421,4.0,0.18495094776153564
IndiaNostalgia,2024-08,238.0,142.0,59.66386554621849,11.971830985915492,0.28893807530403137
IndiaNostalgia,2024-09,256.0,152.0,59.375,15.131578947368421,0.3001609444618225
IndiaNostalgia,2024-10,249.0,154.0,61.84738955823293,12.987012987012987,0.30121535062789917
IndiaNostalgia,2024-11,246.0,143.0,58.13008130081301,13.986013986013987,0.31654930114746094
IndiaNostalgia,2024-12,239.0,148.0,61.92468619246862,14.18918918918919,0.3392689824104309
IndiaNostalgia,2025-01,251.0,149.0,59.36254980079681,12.080536912751677,0.2881394922733307
IndiaNostalgia,2025-02,256.0,176.0,68.75,13.068181818181818,0.31271055340766907
IndiaNostalgia,2025-03,231.0,142.0,61.47186147186147,17.6056338028169,0.32162734866142273
IndiaNostalgia,2025-04,248.0,179.0,72.1774193548387,9.497206703910615,0.2826368808746338
IndiaNostalgia,2025-05,249.0,159.0,63.855421686746986,13.836477987421384,0.33324068784713745
IndiaNostalgia,2025-06,246.0,171.0,69.51219512195122,11.11111111111111,0.30171164870262146
IndiaNostalgia,2025-07,253.0,178.0,70.35573122529644,15.168539325842696,0.3266732394695282
IndiaNostalgia,2025-08,253.0,174.0,68.77470355731225,6.32183908045977,0.263517826795578
IndiaNostalgia,2025-09,263.0,176.0,66.92015209125475,9.090909090909092,0.26651954650878906
IndiaNostalgia,2025-10,237.0,162.0,68.35443037974683,11.728395061728396,0.28361228108406067
IndiaNostalgia,2025-11,255.0,176.0,69.01960784313725,12.5,0.29232504963874817
IndiaNostalgia,2025-12,243.0,161.0,66.2551440329218,11.801242236024844,0.2914392352104187
IndiaNostalgia,2026-01,254.0,173.0,68.11023622047244,12.138728323699421,0.2796187698841095
IndiaNostalgia,2026-02,253.0,166.0,65.61264822134387,12.650602409638553,0.2982800304889679
IndiaNostalgia,2026-03,249.0,153.0,61.44578313253012,11.764705882352942,0.2917000353336334
IndiaNostalgia,2026-04,240.0,144.0,60.0,13.88888888888889,0.3025255501270294
IndiaNostalgia,2026-05,237.0,147.0,62.0253164556962,12.244897959183673,0.27031761407852173
IndiaNostalgia,2026-06,235.0,149.0,63.40425531914894,9.395973154362416,0.252705842256546
IndiaNostalgia,2026-07,252.0,141.0,55.95238095238095,8.51063829787234,0.2516266703605652
IndiaSpeaks,2024-08,242.0,151.0,62.396694214876035,25.165562913907284,0.3475249409675598
IndiaSpeaks,2024-09,260.0,172.0,66.15384615384616,24.41860465116279,0.3373461365699768
IndiaSpeaks,2024-10,253.0,158.0,62.45059288537549,24.050632911392405,0.3534301221370697
IndiaSpeaks,2024-11,247.0,166.0,67.20647773279352,19.879518072289155,0.35547560453414917
IndiaSpeaks,2024-12,257.0,178.0,69.26070038910505,20.786516853932586,0.3562504053115845
IndiaSpeaks,2025-01,268.0,187.0,69.77611940298507,16.577540106951872,0.3191705346107483
IndiaSpeaks,2025-02,245.0,162.0,66.12244897959184,13.580246913580247,0.279620885848999
IndiaSpeaks,2025-03,235.0,165.0,70.2127659574468,13.93939393939394,0.32057392597198486
IndiaSpeaks,2025-04,233.0,162.0,69.52789699570816,20.37037037037037,0.35728079080581665
IndiaSpeaks,2025-05,248.0,168.0,67.74193548387096,14.285714285714286,0.27342715859413147
IndiaSpeaks,2025-06,250.0,188.0,75.2,14.361702127659575,0.2805645763874054
IndiaSpeaks,2025-07,251.0,189.0,75.2988047808765,8.994708994708995,0.257156103849411
IndiaSpeaks,2025-08,242.0,190.0,78.51239669421487,12.631578947368421,0.2782635986804962
IndiaSpeaks,2025-09,251.0,184.0,73.30677290836654,10.869565217391305,0.23227150738239288
IndiaSpeaks,2025-10,250.0,168.0,67.2,13.69047619047619,0.26035696268081665
IndiaSpeaks,2025-11,259.0,179.0,69.11196911196912,11.731843575418994,0.24635741114616394
IndiaSpeaks,2025-12,243.0,178.0,73.25102880658436,10.112359550561798,0.22453522682189941
IndiaSpeaks,2026-01,247.0,169.0,68.42105263157895,13.017751479289942,0.23090267181396484
IndiaSpeaks,2026-02,238.0,177.0,74.36974789915966,15.254237288135593,0.2561466693878174
IndiaSpeaks,2026-03,243.0,171.0,70.37037037037037,10.526315789473685,0.23889249563217163
IndiaSpeaks,2026-04,247.0,172.0,69.63562753036437,12.209302325581396,0.24617266654968262
IndiaSpeaks,2026-05,250.0,177.0,70.8,8.474576271186441,0.22905325889587402
IndiaSpeaks,2026-06,256.0,168.0,65.625,8.928571428571429,0.20415064692497253
IndiaSpeaks,2026-07,243.0,160.0,65.84362139917695,8.75,0.21227140724658966
IndiaTech,2024-08,249.0,155.0,62.24899598393574,19.35483870967742,0.2921449840068817
IndiaTech,2024-09,257.0,170.0,66.147859922179,21.176470588235293,0.346659392118454
IndiaTech,2024-10,254.0,173.0,68.11023622047244,16.184971098265898,0.30855226516723633
IndiaTech,2024-11,249.0,172.0,69.07630522088354,15.116279069767442,0.3160414695739746
IndiaTech,2024-12,247.0,168.0,68.01619433198381,20.238095238095237,0.35189586877822876
IndiaTech,2025-01,264.0,171.0,64.77272727272727,19.883040935672515,0.3486138582229614
IndiaTech,2025-02,268.0,183.0,68.28358208955224,20.218579234972676,0.33801376819610596
IndiaTech,2025-03,255.0,170.0,66.66666666666667,21.764705882352942,0.356209933757782
IndiaTech,2025-04,257.0,161.0,62.64591439688716,17.391304347826086,0.3156549036502838
IndiaTech,2025-05,275.0,178.0,64.72727272727273,10.112359550561798,0.2798321843147278
IndiaTech,2025-06,262.0,175.0,66.79389312977099,15.428571428571429,0.3012678623199463
IndiaTech,2025-07,261.0,170.0,65.13409961685824,12.941176470588236,0.29483380913734436
IndiaTech,2025-08,248.0,184.0,74.19354838709677,13.58695652173913,0.30849093198776245
IndiaTech,2025-09,250.0,163.0,65.2,12.883435582822086,0.3060811161994934
IndiaTech,2025-10,249.0,159.0,63.855421686746986,10.69182389937107,0.27271029353141785
IndiaTech,2025-11,266.0,153.0,57.5187969924812,15.032679738562091,0.32213446497917175
IndiaTech,2025-12,267.0,184.0,68.91385767790263,16.304347826086957,0.31136009097099304
IndiaTech,2026-01,256.0,142.0,55.46875,15.492957746478874,0.342778742313385
IndiaTech,2026-02,267.0,160.0,59.9250936329588,15.625,0.3362809121608734
IndiaTech,2026-03,257.0,145.0,56.42023346303502,19.310344827586206,0.37609541416168213
IndiaTech,2026-04,266.0,144.0,54.13533834586466,10.416666666666666,0.2706535756587982
IndiaTech,2026-05,244.0,130.0,53.278688524590166,12.307692307692308,0.29906517267227173
IndiaTech,2026-06,264.0,154.0,58.333333333333336,15.584415584415584,0.3006143569946289
IndiaTech,2026-07,258.0,128.0,49.6124031007752,10.15625,0.27322861552238464
IndiaTrending,2024-08,60.0,21.0,35.0,19.047619047619047,0.4087144732475281
IndiaTrending,2024-09,17.0,3.0,17.647058823529413,0.0,0.4618912935256958
IndiaTrending,2024-10,42.0,20.0,47.61904761904762,10.0,0.36873501539230347
IndiaTrending,2024-11,27.0,10.0,37.03703703703704,20.0,0.3768537640571594
IndiaTrending,2024-12,51.0,22.0,43.13725490196079,13.636363636363637,0.3138897716999054
IndiaTrending,2025-01,34.0,6.0,17.647058823529413,0.0,0.24390935897827148
IndiaTrending,2025-02,27.0,7.0,25.925925925925927,28.571428571428573,0.3439900279045105
IndiaTrending,2025-03,36.0,13.0,36.111111111111114,23.076923076923077,0.4186003506183624
IndiaTrending,2025-04,45.0,21.0,46.666666666666664,33.333333333333336,0.4053082764148712
IndiaTrending,2025-05,45.0,25.0,55.55555555555556,24.0,0.41492244601249695
IndiaTrending,2025-06,35.0,18.0,51.42857142857143,22.22222222222222,0.350529283285141
IndiaTrending,2025-07,27.0,17.0,62.96296296296296,23.529411764705884,0.442512184381485
IndiaTrending,2025-08,24.0,11.0,45.833333333333336,27.272727272727273,0.42422619462013245
IndiaTrending,2025-09,30.0,6.0,20.0,16.666666666666668,0.3715553283691406
IndiaTrending,2025-10,27.0,5.0,18.51851851851852,40.0,0.361804723739624
IndiaTrending,2025-11,28.0,8.0,28.571428571428573,12.5,0.3556874990463257
IndiaTrending,2025-12,31.0,8.0,25.806451612903224,0.0,0.19858242571353912
IndiaTrending,2026-01,21.0,4.0,19.047619047619047,0.0,0.3921560049057007
IndiaTrending,2026-02,15.0,1.0,6.666666666666667,0.0,0.5999405384063721
IndiaTrending,2026-03,22.0,1.0,4.545454545454546,100.0,0.8560214042663574
IndiaTrending,2026-04,22.0,1.0,4.545454545454546,0.0,0.06774156540632248
IndiaTrending,2026-05,23.0,3.0,13.043478260869565,0.0,0.4149700105190277
IndiaTrending,2026-06,23.0,3.0,13.043478260869565,0.0,0.4774322211742401
IndiaTrending,2026-07,25.0,4.0,16.0,0.0,0.15865139663219452
IndianDankMemes,2024-08,251.0,130.0,51.79282868525896,23.076923076923077,0.3950559198856354
IndianDankMemes,2024-09,240.0,147.0,61.25,25.85034013605442,0.37996137142181396
IndianDankMemes,2024-10,238.0,141.0,59.2436974789916,26.24113475177305,0.4018438756465912
IndianDankMemes,2024-11,233.0,130.0,55.79399141630901,28.46153846153846,0.39819759130477905
IndianDankMemes,2024-12,234.0,147.0,62.82051282051282,25.170068027210885,0.4054082930088043
IndianDankMemes,2025-01,246.0,144.0,58.53658536585366,26.38888888888889,0.4014508128166199
IndianDankMemes,2025-02,250.0,154.0,61.6,20.77922077922078,0.3746957778930664
IndianDankMemes,2025-03,261.0,150.0,57.47126436781609,17.333333333333332,0.3785359263420105
IndianDankMemes,2025-04,245.0,168.0,68.57142857142857,27.38095238095238,0.4073294997215271
IndianDankMemes,2025-05,248.0,155.0,62.5,18.70967741935484,0.3450739085674286
IndianDankMemes,2025-06,245.0,143.0,58.36734693877551,13.286713286713287,0.3297059237957001
IndianDankMemes,2025-07,257.0,162.0,63.03501945525292,13.580246913580247,0.3049478530883789
IndianDankMemes,2025-08,257.0,156.0,60.70038910505836,16.666666666666668,0.31760284304618835
IndianDankMemes,2025-09,256.0,138.0,53.90625,11.594202898550725,0.2974852919578552
IndianDankMemes,2025-10,264.0,139.0,52.65151515151515,12.949640287769784,0.3120383620262146
IndianDankMemes,2025-11,254.0,145.0,57.08661417322835,17.24137931034483,0.32699477672576904
IndianDankMemes,2025-12,237.0,148.0,62.447257383966246,14.18918918918919,0.30359160900115967
IndianDankMemes,2026-01,255.0,140.0,54.90196078431372,13.571428571428571,0.2990320026874542
IndianDankMemes,2026-02,254.0,138.0,54.330708661417326,10.144927536231885,0.28703585267066956
IndianDankMemes,2026-03,263.0,134.0,50.950570342205324,10.447761194029852,0.27640652656555176
IndianDankMemes,2026-04,231.0,122.0,52.81385281385281,13.934426229508198,0.3068215847015381
IndianDankMemes,2026-05,243.0,121.0,49.794238683127574,12.396694214876034,0.299852192401886
IndianDankMemes,2026-06,242.0,106.0,43.80165289256198,18.867924528301888,0.34313422441482544
IndianDankMemes,2026-07,238.0,110.0,46.21848739495798,11.818181818181818,0.25685665011405945
IndianFashionAddicts,2024-08,244.0,111.0,45.49180327868852,19.81981981981982,0.3293244540691376
IndianFashionAddicts,2024-09,240.0,113.0,47.083333333333336,16.8141592920354,0.32514631748199463
IndianFashionAddicts,2024-10,239.0,122.0,51.04602510460251,15.573770491803279,0.28377556800842285
IndianFashionAddicts,2024-11,253.0,135.0,53.359683794466406,17.77777777777778,0.3096880316734314
IndianFashionAddicts,2024-12,241.0,129.0,53.52697095435685,17.05426356589147,0.3269801139831543
IndianFashionAddicts,2025-01,237.0,114.0,48.10126582278481,13.157894736842104,0.2516578435897827
IndianFashionAddicts,2025-02,232.0,114.0,49.13793103448276,14.912280701754385,0.2789742350578308
IndianFashionAddicts,2025-03,247.0,113.0,45.74898785425101,9.734513274336283,0.2655973732471466
IndianFashionAddicts,2025-04,241.0,113.0,46.88796680497925,9.734513274336283,0.29035475850105286
IndianFashionAddicts,2025-05,235.0,113.0,48.08510638297872,9.734513274336283,0.24735122919082642
IndianFashionAddicts,2025-06,240.0,109.0,45.416666666666664,10.091743119266056,0.27712327241897583
IndianFashionAddicts,2025-07,243.0,121.0,49.794238683127574,9.090909090909092,0.2718915641307831
IndianFashionAddicts,2025-08,232.0,101.0,43.53448275862069,5.9405940594059405,0.25359252095222473
IndianFashionAddicts,2025-09,247.0,107.0,43.31983805668016,13.08411214953271,0.3224327266216278
IndianFashionAddicts,2025-10,233.0,107.0,45.92274678111588,13.08411214953271,0.29300907254219055
IndianFashionAddicts,2025-11,222.0,111.0,50.0,11.711711711711711,0.27963975071907043
IndianFashionAddicts,2025-12,223.0,92.0,41.25560538116592,7.608695652173913,0.23965680599212646
IndianFashionAddicts,2026-01,222.0,93.0,41.891891891891895,11.827956989247312,0.24962151050567627
IndianFashionAddicts,2026-02,230.0,76.0,33.04347826086956,9.210526315789474,0.2489805668592453
IndianFashionAddicts,2026-03,230.0,71.0,30.869565217391305,18.309859154929576,0.2815147638320923
IndianFashionAddicts,2026-04,222.0,76.0,34.234234234234236,17.105263157894736,0.3020106554031372
IndianFashionAddicts,2026-05,225.0,68.0,30.22222222222222,17.647058823529413,0.307192862033844
IndianFashionAddicts,2026-06,230.0,70.0,30.434782608695652,12.857142857142858,0.2958698570728302
IndianFashionAddicts,2026-07,223.0,68.0,30.493273542600896,11.764705882352942,0.27566152811050415
IndianGaming,2024-08,248.0,115.0,46.37096774193548,7.826086956521739,0.22784408926963806
IndianGaming,2024-09,256.0,136.0,53.125,11.029411764705882,0.24813362956047058
IndianGaming,2024-10,242.0,111.0,45.86776859504132,11.711711711711711,0.27095702290534973
IndianGaming,2024-11,250.0,133.0,53.2,12.781954887218046,0.2619872987270355
IndianGaming,2024-12,262.0,136.0,51.908396946564885,10.294117647058824,0.25116610527038574
IndianGaming,2025-01,250.0,133.0,53.2,7.518796992481203,0.23983490467071533
IndianGaming,2025-02,249.0,133.0,53.4136546184739,9.774436090225564,0.25087764859199524
IndianGaming,2025-03,250.0,139.0,55.6,12.23021582733813,0.302512526512146
IndianGaming,2025-04,249.0,133.0,53.4136546184739,9.774436090225564,0.26313653588294983
IndianGaming,2025-05,256.0,125.0,48.828125,9.6,0.2502117455005646
IndianGaming,2025-06,246.0,121.0,49.1869918699187,14.87603305785124,0.29137682914733887
IndianGaming,2025-07,252.0,113.0,44.84126984126984,5.3097345132743365,0.25567033886909485
IndianGaming,2025-08,259.0,119.0,45.945945945945944,8.403361344537815,0.2748793363571167
IndianGaming,2025-09,262.0,117.0,44.656488549618324,10.256410256410257,0.27105844020843506
IndianGaming,2025-10,251.0,108.0,43.02788844621514,13.88888888888889,0.2905733287334442
IndianGaming,2025-11,267.0,125.0,46.81647940074907,10.4,0.22019213438034058
IndianGaming,2025-12,264.0,112.0,42.42424242424242,9.821428571428571,0.23867011070251465
IndianGaming,2026-01,257.0,109.0,42.4124513618677,10.091743119266056,0.2633103132247925
IndianGaming,2026-02,266.0,120.0,45.11278195488722,8.333333333333334,0.22925682365894318
IndianGaming,2026-03,259.0,117.0,45.173745173745175,9.401709401709402,0.2559523582458496
IndianGaming,2026-04,254.0,125.0,49.21259842519685,10.4,0.264261394739151
IndianGaming,2026-05,252.0,98.0,38.888888888888886,11.224489795918368,0.23094990849494934
IndianGaming,2026-06,261.0,102.0,39.08045977011494,10.784313725490197,0.27885526418685913
IndianGaming,2026-07,258.0,91.0,35.27131782945737,9.89010989010989,0.2278951108455658
IndianStockMarket,2024-08,250.0,143.0,57.2,11.188811188811188,0.23695984482765198
IndianStockMarket,2024-09,236.0,125.0,52.96610169491525,12.0,0.22583019733428955
IndianStockMarket,2024-10,236.0,142.0,60.16949152542373,12.67605633802817,0.23622184991836548
IndianStockMarket,2024-11,245.0,147.0,60.0,12.244897959183673,0.25597143173217773
IndianStockMarket,2024-12,260.0,128.0,49.23076923076923,10.15625,0.23589971661567688
IndianStockMarket,2025-01,251.0,148.0,58.96414342629482,9.45945945945946,0.2559192180633545
IndianStockMarket,2025-02,234.0,131.0,55.98290598290598,9.16030534351145,0.23246154189109802
IndianStockMarket,2025-03,246.0,150.0,60.97560975609756,11.333333333333334,0.23624089360237122
IndianStockMarket,2025-04,260.0,160.0,61.53846153846154,7.5,0.23721686005592346
IndianStockMarket,2025-05,253.0,166.0,65.61264822134387,9.63855421686747,0.22948570549488068
IndianStockMarket,2025-06,251.0,159.0,63.34661354581673,5.660377358490566,0.2297792285680771
IndianStockMarket,2025-07,249.0,146.0,58.63453815261044,10.95890410958904,0.25016146898269653
IndianStockMarket,2025-08,256.0,156.0,60.9375,9.615384615384615,0.2528127431869507
IndianStockMarket,2025-09,258.0,152.0,58.91472868217054,10.526315789473685,0.2293357402086258
IndianStockMarket,2025-10,257.0,151.0,58.75486381322957,13.907284768211921,0.26403987407684326
IndianStockMarket,2025-11,262.0,138.0,52.67175572519084,5.797101449275362,0.20785465836524963
IndianStockMarket,2025-12,256.0,140.0,54.6875,4.285714285714286,0.20796190202236176
IndianStockMarket,2026-01,251.0,144.0,57.37051792828685,15.277777777777779,0.2868809700012207
IndianStockMarket,2026-02,245.0,141.0,57.55102040816327,12.056737588652481,0.23493240773677826
IndianStockMarket,2026-03,238.0,132.0,55.46218487394958,17.424242424242426,0.2789340019226074
IndianStockMarket,2026-04,262.0,127.0,48.47328244274809,13.385826771653543,0.2602732181549072
IndianStockMarket,2026-05,254.0,139.0,54.724409448818896,7.913669064748201,0.2263862043619156
IndianStockMarket,2026-06,262.0,138.0,52.67175572519084,15.217391304347826,0.2870989143848419
IndianStockMarket,2026-07,255.0,138.0,54.11764705882353,18.115942028985508,0.30567970871925354
IndianStreetBets,2024-08,253.0,150.0,59.28853754940712,16.666666666666668,0.2680632472038269
IndianStreetBets,2024-09,258.0,163.0,63.17829457364341,15.337423312883436,0.24703754484653473
IndianStreetBets,2024-10,254.0,152.0,59.84251968503937,14.473684210526315,0.251585453748703
IndianStreetBets,2024-11,246.0,159.0,64.63414634146342,16.352201257861637,0.26988452672958374
IndianStreetBets,2024-12,264.0,179.0,67.8030303030303,14.525139664804469,0.28249427676200867
IndianStreetBets,2025-01,258.0,172.0,66.66666666666667,13.372093023255815,0.2570510804653168
IndianStreetBets,2025-02,256.0,182.0,71.09375,12.087912087912088,0.25629785656929016
IndianStreetBets,2025-03,243.0,166.0,68.3127572016461,9.63855421686747,0.252498060464859
IndianStreetBets,2025-04,255.0,159.0,62.35294117647059,11.320754716981131,0.23592714965343475
IndianStreetBets,2025-05,243.0,159.0,65.4320987654321,10.062893081761006,0.23765623569488525
IndianStreetBets,2025-06,245.0,179.0,73.06122448979592,10.05586592178771,0.2277497500181198
IndianStreetBets,2025-07,252.0,175.0,69.44444444444444,12.0,0.22702807188034058
IndianStreetBets,2025-08,256.0,168.0,65.625,13.095238095238095,0.23866580426692963
IndianStreetBets,2025-09,256.0,168.0,65.625,7.738095238095238,0.2060699462890625
IndianStreetBets,2025-10,258.0,171.0,66.27906976744185,11.695906432748538,0.24000674486160278
IndianStreetBets,2025-11,259.0,192.0,74.13127413127413,7.8125,0.19932766258716583
IndianStreetBets,2025-12,244.0,164.0,67.21311475409836,9.146341463414634,0.213748961687088
IndianStreetBets,2026-01,254.0,160.0,62.99212598425197,6.25,0.1923483908176422
IndianStreetBets,2026-02,260.0,160.0,61.53846153846154,11.875,0.225528284907341
IndianStreetBets,2026-03,245.0,158.0,64.48979591836735,15.189873417721518,0.2461162954568863
IndianStreetBets,2026-04,252.0,157.0,62.301587301587304,15.286624203821656,0.2533029615879059
IndianStreetBets,2026-05,257.0,156.0,60.70038910505836,12.820512820512821,0.2098226547241211
IndianStreetBets,2026-06,253.0,144.0,56.91699604743083,11.805555555555555,0.2380160540342331
IndianStreetBets,2026-07,247.0,128.0,51.821862348178136,14.0625,0.2298261672258377
InstaCelebsGossip,2024-08,251.0,111.0,44.223107569721115,12.612612612612613,0.26810210943222046
InstaCelebsGossip,2024-09,251.0,129.0,51.39442231075697,16.27906976744186,0.2859817147254944
InstaCelebsGossip,2024-10,264.0,139.0,52.65151515151515,11.510791366906474,0.26249760389328003
InstaCelebsGossip,2024-11,238.0,125.0,52.52100840336134,12.0,0.2932584285736084
InstaCelebsGossip,2024-12,257.0,149.0,57.976653696498055,13.422818791946309,0.2877197265625
InstaCelebsGossip,2025-01,242.0,130.0,53.71900826446281,20.0,0.344810426235199
InstaCelebsGossip,2025-02,251.0,129.0,51.39442231075697,17.05426356589147,0.3366818428039551
InstaCelebsGossip,2025-03,237.0,124.0,52.32067510548523,15.32258064516129,0.325753778219223
InstaCelebsGossip,2025-04,235.0,121.0,51.48936170212766,11.570247933884298,0.28519588708877563
InstaCelebsGossip,2025-05,260.0,139.0,53.46153846153846,10.071942446043165,0.2871417701244354
InstaCelebsGossip,2025-06,255.0,131.0,51.372549019607845,14.50381679389313,0.30473992228507996
InstaCelebsGossip,2025-07,257.0,133.0,51.750972762645915,14.285714285714286,0.2783859968185425
InstaCelebsGossip,2025-08,241.0,121.0,50.20746887966805,10.743801652892563,0.30130890011787415
InstaCelebsGossip,2025-09,254.0,142.0,55.90551181102362,11.971830985915492,0.2907048761844635
InstaCelebsGossip,2025-10,251.0,141.0,56.17529880478088,17.02127659574468,0.32598623633384705
InstaCelebsGossip,2025-11,257.0,132.0,51.36186770428016,18.939393939393938,0.3209892809391022
InstaCelebsGossip,2025-12,256.0,124.0,48.4375,18.548387096774192,0.32631418108940125
InstaCelebsGossip,2026-01,253.0,113.0,44.66403162055336,23.008849557522122,0.38701558113098145
InstaCelebsGossip,2026-02,265.0,128.0,48.301886792452834,18.75,0.32545560598373413
InstaCelebsGossip,2026-03,266.0,131.0,49.24812030075188,18.3206106870229,0.3348802626132965
InstaCelebsGossip,2026-04,259.0,128.0,49.42084942084942,14.84375,0.346586674451828
InstaCelebsGossip,2026-05,249.0,99.0,39.75903614457831,23.232323232323232,0.3882143497467041
InstaCelebsGossip,2026-06,255.0,98.0,38.431372549019606,23.46938775510204,0.3684794306755066
InstaCelebsGossip,2026-07,246.0,94.0,38.21138211382114,24.46808510638298,0.3651627004146576
JEENEETards,2024-08,244.0,98.0,40.16393442622951,36.734693877551024,0.5262181162834167
JEENEETards,2024-09,246.0,99.0,40.24390243902439,36.36363636363637,0.5094456076622009
JEENEETards,2024-10,239.0,121.0,50.62761506276151,41.32231404958678,0.5192813277244568
JEENEETards,2024-11,249.0,120.0,48.19277108433735,31.666666666666668,0.4526222348213196
JEENEETards,2024-12,221.0,109.0,49.321266968325794,33.027522935779814,0.47027742862701416
JEENEETards,2025-01,249.0,99.0,39.75903614457831,33.333333333333336,0.4868271052837372
JEENEETards,2025-02,250.0,98.0,39.2,25.510204081632654,0.4148682951927185
JEENEETards,2025-03,247.0,108.0,43.7246963562753,26.85185185185185,0.4512880742549896
JEENEETards,2025-04,248.0,92.0,37.096774193548384,31.52173913043478,0.46484673023223877
JEENEETards,2025-05,243.0,95.0,39.09465020576132,36.8421052631579,0.5134599208831787
JEENEETards,2025-06,253.0,100.0,39.52569169960474,33.0,0.4852572977542877
JEENEETards,2025-07,255.0,84.0,32.94117647058823,28.571428571428573,0.44092777371406555
JEENEETards,2025-08,238.0,88.0,36.97478991596638,26.136363636363637,0.4355752766132355
JEENEETards,2025-09,244.0,98.0,40.16393442622951,23.46938775510204,0.4231708347797394
JEENEETards,2025-10,238.0,105.0,44.11764705882353,20.952380952380953,0.4196265935897827
JEENEETards,2025-11,248.0,93.0,37.5,33.333333333333336,0.5049036741256714
JEENEETards,2025-12,242.0,111.0,45.86776859504132,27.92792792792793,0.4387817680835724
JEENEETards,2026-01,250.0,81.0,32.4,24.691358024691358,0.4243367612361908
JEENEETards,2026-02,246.0,91.0,36.99186991869919,31.86813186813187,0.5170983672142029
JEENEETards,2026-03,244.0,80.0,32.78688524590164,26.25,0.44402194023132324
JEENEETards,2026-04,255.0,65.0,25.49019607843137,26.153846153846153,0.4553968012332916
JEENEETards,2026-05,249.0,82.0,32.93172690763052,40.24390243902439,0.5085492730140686
JEENEETards,2026-06,251.0,80.0,31.872509960159363,18.75,0.36980828642845154
JEENEETards,2026-07,257.0,71.0,27.626459143968873,21.12676056338028,0.41683217883110046
Kerala,2024-08,248.0,117.0,47.17741935483871,11.965811965811966,0.20369333028793335
Kerala,2024-09,252.0,127.0,50.3968253968254,9.448818897637794,0.2055300921201706
Kerala,2024-10,231.0,120.0,51.94805194805195,8.333333333333334,0.20182465016841888
Kerala,2024-11,242.0,116.0,47.93388429752066,7.758620689655173,0.20908936858177185
Kerala,2024-12,236.0,130.0,55.08474576271186,8.461538461538462,0.18608172237873077
Kerala,2025-01,241.0,140.0,58.09128630705394,8.571428571428571,0.20441998541355133
Kerala,2025-02,242.0,129.0,53.30578512396694,10.077519379844961,0.2189178764820099
Kerala,2025-03,247.0,140.0,56.68016194331984,7.142857142857143,0.1893695592880249
Kerala,2025-04,259.0,146.0,56.37065637065637,10.273972602739725,0.20987309515476227
Kerala,2025-05,254.0,139.0,54.724409448818896,8.633093525179856,0.20476916432380676
Kerala,2025-06,245.0,139.0,56.734693877551024,8.633093525179856,0.21450482308864594
Kerala,2025-07,228.0,127.0,55.70175438596491,6.299212598425197,0.20140065252780914
Kerala,2025-08,217.0,130.0,59.90783410138249,9.23076923076923,0.19432999193668365
Kerala,2025-09,248.0,121.0,48.79032258064516,10.743801652892563,0.20349527895450592
Kerala,2025-10,235.0,138.0,58.723404255319146,9.420289855072463,0.20550604164600372
Kerala,2025-11,256.0,140.0,54.6875,8.571428571428571,0.173375204205513
Kerala,2025-12,252.0,130.0,51.58730158730159,7.6923076923076925,0.20050938427448273
Kerala,2026-01,256.0,143.0,55.859375,5.594405594405594,0.15316705405712128
Kerala,2026-02,237.0,114.0,48.10126582278481,7.894736842105263,0.22758878767490387
Kerala,2026-03,251.0,108.0,43.02788844621514,4.62962962962963,0.19833829998970032
Kerala,2026-04,244.0,125.0,51.22950819672131,5.6,0.1750105619430542
Kerala,2026-05,241.0,108.0,44.81327800829875,5.555555555555555,0.17673958837985992
Kerala,2026-06,251.0,108.0,43.02788844621514,5.555555555555555,0.16475112736225128
Kerala,2026-07,256.0,109.0,42.578125,7.339449541284404,0.20248083770275116
RelationshipIndia,2024-08,261.0,97.0,37.16475095785441,18.556701030927837,0.32041269540786743
RelationshipIndia,2024-09,251.0,119.0,47.41035856573705,18.48739495798319,0.30765971541404724
RelationshipIndia,2024-10,240.0,107.0,44.583333333333336,21.49532710280374,0.34590446949005127
RelationshipIndia,2024-11,253.0,113.0,44.66403162055336,22.123893805309734,0.371762752532959
RelationshipIndia,2024-12,251.0,107.0,42.62948207171315,26.16822429906542,0.36814993619918823
RelationshipIndia,2025-01,265.0,107.0,40.37735849056604,20.560747663551403,0.3531920313835144
RelationshipIndia,2025-02,253.0,114.0,45.059288537549406,11.403508771929825,0.31307682394981384
RelationshipIndia,2025-03,259.0,106.0,40.92664092664093,22.641509433962263,0.35477468371391296
RelationshipIndia,2025-04,258.0,88.0,34.10852713178294,18.181818181818183,0.3533514738082886
RelationshipIndia,2025-05,253.0,103.0,40.71146245059288,15.533980582524272,0.33672472834587097
RelationshipIndia,2025-06,260.0,102.0,39.23076923076923,16.666666666666668,0.3076176047325134
RelationshipIndia,2025-07,247.0,98.0,39.67611336032389,18.367346938775512,0.31494468450546265
RelationshipIndia,2025-08,256.0,95.0,37.109375,16.842105263157894,0.3265283703804016
RelationshipIndia,2025-09,264.0,100.0,37.878787878787875,16.0,0.3269035220146179
RelationshipIndia,2025-10,249.0,97.0,38.95582329317269,15.463917525773196,0.33095604181289673
RelationshipIndia,2025-11,255.0,96.0,37.64705882352941,12.5,0.2927508056163788
RelationshipIndia,2025-12,269.0,110.0,40.89219330855018,12.727272727272727,0.30450239777565
RelationshipIndia,2026-01,251.0,86.0,34.26294820717131,13.953488372093023,0.2995312809944153
RelationshipIndia,2026-02,246.0,90.0,36.58536585365854,14.444444444444445,0.33293306827545166
RelationshipIndia,2026-03,247.0,92.0,37.24696356275304,15.217391304347826,0.3323124051094055
RelationshipIndia,2026-04,253.0,85.0,33.59683794466403,15.294117647058824,0.30573758482933044
RelationshipIndia,2026-05,256.0,92.0,35.9375,21.73913043478261,0.35878193378448486
RelationshipIndia,2026-06,260.0,76.0,29.23076923076923,10.526315789473685,0.2596166133880615
RelationshipIndia,2026-07,265.0,72.0,27.169811320754718,20.833333333333332,0.3256324231624603
SaimanSays,2024-08,239.0,127.0,53.13807531380753,16.53543307086614,0.2991950511932373
SaimanSays,2024-09,227.0,124.0,54.62555066079295,17.741935483870968,0.31846296787261963
SaimanSays,2024-10,210.0,126.0,60.0,15.079365079365079,0.3002125918865204
SaimanSays,2024-11,230.0,152.0,66.08695652173913,17.105263157894736,0.33188167214393616
SaimanSays,2024-12,224.0,144.0,64.28571428571429,15.972222222222221,0.311985045671463
SaimanSays,2025-01,250.0,169.0,67.6,11.242603550295858,0.3130113482475281
SaimanSays,2025-02,253.0,159.0,62.84584980237154,20.754716981132077,0.36394938826560974
SaimanSays,2025-03,227.0,151.0,66.51982378854626,21.192052980132452,0.3496573269367218
SaimanSays,2025-04,237.0,137.0,57.80590717299578,13.138686131386862,0.32384952902793884
SaimanSays,2025-05,227.0,136.0,59.91189427312775,13.970588235294118,0.33372896909713745
SaimanSays,2025-06,229.0,132.0,57.64192139737991,14.393939393939394,0.32321786880493164
SaimanSays,2025-07,210.0,135.0,64.28571428571429,11.11111111111111,0.29966849088668823
SaimanSays,2025-08,204.0,121.0,59.31372549019608,9.917355371900827,0.2809024751186371
SaimanSays,2025-09,223.0,113.0,50.672645739910315,12.389380530973451,0.31959933042526245
SaimanSays,2025-10,242.0,142.0,58.67768595041322,14.788732394366198,0.33029040694236755
SaimanSays,2025-11,211.0,123.0,58.29383886255924,14.634146341463415,0.32422348856925964
SaimanSays,2025-12,234.0,131.0,55.98290598290598,15.267175572519085,0.34276384115219116
SaimanSays,2026-01,217.0,122.0,56.22119815668203,11.475409836065573,0.28778940439224243
SaimanSays,2026-02,227.0,123.0,54.18502202643172,13.821138211382113,0.29653802514076233
SaimanSays,2026-03,235.0,117.0,49.787234042553195,7.6923076923076925,0.2606176435947418
SaimanSays,2026-04,257.0,117.0,45.525291828793776,14.52991452991453,0.2844727337360382
SaimanSays,2026-05,232.0,115.0,49.56896551724138,16.52173913043478,0.3033369183540344
SaimanSays,2026-06,252.0,111.0,44.04761904761905,16.216216216216218,0.32028812170028687
SaimanSays,2026-07,249.0,117.0,46.98795180722892,19.65811965811966,0.3441939055919647
animeindian,2024-08,245.0,124.0,50.61224489795919,16.129032258064516,0.3264460861682892
animeindian,2024-09,239.0,135.0,56.48535564853557,20.0,0.3489408791065216
animeindian,2024-10,237.0,133.0,56.118143459915615,20.30075187969925,0.3771167993545532
animeindian,2024-11,246.0,148.0,60.16260162601626,15.54054054054054,0.34942153096199036
animeindian,2024-12,236.0,138.0,58.47457627118644,15.217391304347826,0.334816575050354
animeindian,2025-01,231.0,144.0,62.33766233766234,20.833333333333332,0.3730563819408417
animeindian,2025-02,240.0,143.0,59.583333333333336,13.986013986013987,0.36597347259521484
animeindian,2025-03,256.0,143.0,55.859375,13.286713286713287,0.3270432949066162
animeindian,2025-04,246.0,149.0,60.56910569105691,16.107382550335572,0.34617719054222107
animeindian,2025-05,244.0,149.0,61.0655737704918,10.738255033557047,0.3223496079444885
animeindian,2025-06,249.0,142.0,57.028112449799195,15.492957746478874,0.36613598465919495
animeindian,2025-07,251.0,137.0,54.581673306772906,10.218978102189782,0.3303828537464142
animeindian,2025-08,238.0,146.0,61.34453781512605,15.753424657534246,0.3883523941040039
animeindian,2025-09,238.0,153.0,64.28571428571429,12.418300653594772,0.3494330048561096
animeindian,2025-10,246.0,150.0,60.97560975609756,10.666666666666666,0.3226489722728729
animeindian,2025-11,238.0,137.0,57.563025210084035,10.94890510948905,0.33177807927131653
animeindian,2025-12,255.0,140.0,54.90196078431372,12.142857142857142,0.32918089628219604
animeindian,2026-01,251.0,126.0,50.199203187250994,11.904761904761905,0.34330517053604126
animeindian,2026-02,252.0,121.0,48.01587301587302,9.917355371900827,0.33324190974235535
animeindian,2026-03,247.0,110.0,44.534412955465584,10.0,0.2929510772228241
animeindian,2026-04,246.0,123.0,50.0,11.382113821138212,0.34455859661102295
animeindian,2026-05,257.0,125.0,48.63813229571984,13.6,0.3065013587474823
animeindian,2026-06,248.0,112.0,45.16129032258065,12.5,0.2999454140663147
animeindian,2026-07,256.0,113.0,44.140625,13.274336283185841,0.3154260218143463
bangalore,2024-08,254.0,107.0,42.125984251968504,10.280373831775702,0.24069705605506897
bangalore,2024-09,265.0,133.0,50.18867924528302,15.037593984962406,0.27925539016723633
bangalore,2024-10,247.0,114.0,46.15384615384615,10.526315789473685,0.24294330179691315
bangalore,2024-11,256.0,118.0,46.09375,11.016949152542374,0.2500354051589966
bangalore,2024-12,237.0,120.0,50.63291139240506,9.166666666666666,0.21878837049007416
bangalore,2025-01,249.0,113.0,45.381526104417674,5.3097345132743365,0.19128507375717163
bangalore,2025-02,238.0,125.0,52.52100840336134,11.2,0.23415666818618774
bangalore,2025-03,257.0,139.0,54.08560311284047,2.8776978417266186,0.1580807864665985
bangalore,2025-04,253.0,130.0,51.383399209486164,9.23076923076923,0.2501264810562134
bangalore,2025-05,247.0,126.0,51.012145748987855,5.555555555555555,0.20594798028469086
bangalore,2025-06,243.0,131.0,53.90946502057613,6.870229007633588,0.2108297049999237
bangalore,2025-07,255.0,122.0,47.84313725490196,4.098360655737705,0.18061263859272003
bangalore,2025-08,263.0,133.0,50.57034220532319,10.526315789473685,0.23105449974536896
bangalore,2025-09,275.0,146.0,53.09090909090909,9.58904109589041,0.23992173373699188
bangalore,2025-10,266.0,129.0,48.49624060150376,10.852713178294573,0.20428520441055298
bangalore,2025-11,262.0,117.0,44.656488549618324,8.547008547008547,0.22119973599910736
bangalore,2025-12,267.0,126.0,47.19101123595506,12.698412698412698,0.2561211585998535
bangalore,2026-01,272.0,136.0,50.0,9.558823529411764,0.21972616016864777
bangalore,2026-02,268.0,109.0,40.67164179104478,7.339449541284404,0.20106402039527893
bangalore,2026-03,261.0,114.0,43.67816091954023,8.771929824561404,0.24843038618564606
bangalore,2026-04,255.0,110.0,43.13725490196079,9.090909090909092,0.23652541637420654
bangalore,2026-05,265.0,102.0,38.490566037735846,9.803921568627452,0.26330575346946716
bangalore,2026-06,264.0,106.0,40.15151515151515,14.150943396226415,0.2549341022968292
bangalore,2026-07,264.0,119.0,45.07575757575758,11.764705882352942,0.25890296697616577
bollywood,2024-08,228.0,161.0,70.6140350877193,15.527950310559007,0.29528963565826416
bollywood,2024-09,246.0,160.0,65.04065040650407,22.5,0.3666574954986572
bollywood,2024-10,240.0,173.0,72.08333333333333,17.91907514450867,0.3110007047653198
bollywood,2024-11,242.0,180.0,74.3801652892562,11.11111111111111,0.26340487599372864
bollywood,2024-12,233.0,162.0,69.52789699570816,18.51851851851852,0.33025914430618286
bollywood,2025-01,253.0,180.0,71.14624505928853,18.333333333333332,0.29452037811279297
bollywood,2025-02,249.0,172.0,69.07630522088354,14.534883720930232,0.29461872577667236
bollywood,2025-03,247.0,165.0,66.80161943319838,11.515151515151516,0.29221779108047485
bollywood,2025-04,243.0,171.0,70.37037037037037,11.695906432748538,0.3033513128757477
bollywood,2025-05,249.0,175.0,70.28112449799197,14.285714285714286,0.27584072947502136
bollywood,2025-06,248.0,179.0,72.1774193548387,8.379888268156424,0.27536720037460327
bollywood,2025-07,243.0,163.0,67.07818930041152,6.748466257668712,0.2571559250354767
bollywood,2025-08,248.0,190.0,76.61290322580645,13.157894736842104,0.3100588023662567
bollywood,2025-09,224.0,169.0,75.44642857142857,11.242603550295858,0.2757779657840729
bollywood,2025-10,254.0,173.0,68.11023622047244,8.670520231213873,0.27215853333473206
bollywood,2025-11,240.0,164.0,68.33333333333333,18.902439024390244,0.34168970584869385
bollywood,2025-12,249.0,168.0,67.46987951807229,16.071428571428573,0.31695911288261414
bollywood,2026-01,239.0,167.0,69.8744769874477,11.976047904191617,0.3114683926105499
bollywood,2026-02,247.0,172.0,69.63562753036437,11.046511627906977,0.2909158766269684
bollywood,2026-03,240.0,153.0,63.75,9.803921568627452,0.25759220123291016
bollywood,2026-04,239.0,148.0,61.92468619246862,12.162162162162161,0.3012935519218445
bollywood,2026-05,253.0,142.0,56.126482213438734,11.971830985915492,0.29891687631607056
bollywood,2026-06,242.0,147.0,60.743801652892564,17.687074829931973,0.32376986742019653
bollywood,2026-07,245.0,158.0,64.48979591836735,8.860759493670885,0.260566771030426
bollywoodmemes,2024-08,249.0,178.0,71.4859437751004,19.662921348314608,0.3388071060180664
bollywoodmemes,2024-09,245.0,163.0,66.53061224489795,23.926380368098158,0.39239704608917236
bollywoodmemes,2024-10,252.0,169.0,67.06349206349206,21.301775147928993,0.3549668490886688
bollywoodmemes,2024-11,253.0,163.0,64.42687747035573,24.539877300613497,0.39660802483558655
bollywoodmemes,2024-12,262.0,170.0,64.8854961832061,17.058823529411764,0.3169671595096588
bollywoodmemes,2025-01,247.0,161.0,65.18218623481782,22.36024844720497,0.3797251582145691
bollywoodmemes,2025-02,258.0,174.0,67.44186046511628,18.96551724137931,0.36124491691589355
bollywoodmemes,2025-03,259.0,186.0,71.81467181467181,19.892473118279568,0.3728627860546112
bollywoodmemes,2025-04,247.0,153.0,61.94331983805668,19.607843137254903,0.3732467293739319
bollywoodmemes,2025-05,249.0,150.0,60.24096385542169,15.333333333333334,0.32574644684791565
bollywoodmemes,2025-06,256.0,175.0,68.359375,13.714285714285714,0.3303484618663788
bollywoodmemes,2025-07,243.0,158.0,65.02057613168725,21.518987341772153,0.40409183502197266
bollywoodmemes,2025-08,253.0,162.0,64.03162055335969,17.28395061728395,0.3538423180580139
bollywoodmemes,2025-09,251.0,157.0,62.54980079681275,15.92356687898089,0.3385726511478424
bollywoodmemes,2025-10,252.0,163.0,64.68253968253968,14.110429447852761,0.3313092887401581
bollywoodmemes,2025-11,266.0,166.0,62.40601503759399,18.674698795180724,0.36336636543273926
bollywoodmemes,2025-12,256.0,173.0,67.578125,19.653179190751445,0.36144405603408813
bollywoodmemes,2026-01,246.0,141.0,57.31707317073171,17.02127659574468,0.3487042784690857
bollywoodmemes,2026-02,271.0,168.0,61.99261992619926,21.428571428571427,0.3859837055206299
bollywoodmemes,2026-03,245.0,140.0,57.142857142857146,17.142857142857142,0.35491135716438293
bollywoodmemes,2026-04,257.0,143.0,55.6420233463035,17.482517482517483,0.33038821816444397
bollywoodmemes,2026-05,261.0,143.0,54.78927203065134,16.083916083916083,0.3447934687137604
bollywoodmemes,2026-06,244.0,133.0,54.50819672131148,16.541353383458645,0.32092756032943726
bollywoodmemes,2026-07,252.0,132.0,52.38095238095238,21.96969696969697,0.32582375407218933
chennai,2024-08,240.0,118.0,49.166666666666664,8.474576271186441,0.19558781385421753
chennai,2024-09,243.0,144.0,59.25925925925926,6.944444444444445,0.21797987818717957
chennai,2024-10,242.0,136.0,56.19834710743802,8.823529411764707,0.222562775015831
chennai,2024-11,253.0,146.0,57.70750988142292,9.58904109589041,0.23192675411701202
chennai,2024-12,251.0,135.0,53.78486055776892,8.88888888888889,0.24525924026966095
chennai,2025-01,243.0,123.0,50.617283950617285,9.75609756097561,0.23625212907791138
chennai,2025-02,233.0,136.0,58.36909871244635,7.352941176470588,0.21422787010669708
chennai,2025-03,249.0,130.0,52.208835341365464,9.23076923076923,0.23938795924186707
chennai,2025-04,247.0,115.0,46.558704453441294,5.217391304347826,0.2008785754442215
chennai,2025-05,252.0,130.0,51.58730158730159,6.923076923076923,0.22482740879058838
chennai,2025-06,243.0,140.0,57.61316872427984,7.142857142857143,0.24313488602638245
chennai,2025-07,245.0,124.0,50.61224489795919,8.064516129032258,0.21183834969997406
chennai,2025-08,249.0,142.0,57.028112449799195,2.112676056338028,0.17272207140922546
chennai,2025-09,258.0,133.0,51.55038759689923,2.255639097744361,0.21042189002037048
chennai,2025-10,257.0,134.0,52.14007782101167,5.223880597014926,0.2107425481081009
chennai,2025-11,244.0,124.0,50.81967213114754,8.870967741935484,0.2262638807296753
chennai,2025-12,244.0,129.0,52.868852459016395,6.2015503875969,0.2059505432844162
chennai,2026-01,247.0,119.0,48.178137651821864,11.764705882352942,0.2522833049297333
chennai,2026-02,242.0,136.0,56.19834710743802,10.294117647058824,0.25742924213409424
chennai,2026-03,259.0,116.0,44.78764478764479,11.206896551724139,0.27927908301353455
chennai,2026-04,255.0,119.0,46.666666666666664,6.722689075630252,0.2127370685338974
chennai,2026-05,245.0,121.0,49.38775510204081,10.743801652892563,0.23836059868335724
chennai,2026-06,249.0,108.0,43.373493975903614,9.25925925925926,0.24231816828250885
chennai,2026-07,261.0,115.0,44.06130268199234,12.173913043478262,0.2735285460948944
delhi,2024-08,257.0,120.0,46.69260700389105,18.333333333333332,0.30352914333343506
delhi,2024-09,243.0,121.0,49.794238683127574,23.96694214876033,0.37467387318611145
delhi,2024-10,266.0,137.0,51.50375939849624,16.78832116788321,0.30500057339668274
delhi,2024-11,246.0,140.0,56.91056910569106,17.857142857142858,0.3588337004184723
delhi,2024-12,249.0,136.0,54.618473895582326,17.647058823529413,0.33129191398620605
delhi,2025-01,245.0,129.0,52.6530612244898,19.37984496124031,0.35536542534828186
delhi,2025-02,258.0,135.0,52.325581395348834,21.48148148148148,0.31510061025619507
delhi,2025-03,251.0,119.0,47.41035856573705,16.80672268907563,0.3359687030315399
delhi,2025-04,265.0,146.0,55.094339622641506,19.17808219178082,0.34014445543289185
delhi,2025-05,266.0,124.0,46.61654135338346,14.516129032258064,0.30022886395454407
delhi,2025-06,254.0,136.0,53.54330708661417,15.441176470588236,0.30388131737709045
delhi,2025-07,259.0,128.0,49.42084942084942,20.3125,0.3385227918624878
delhi,2025-08,258.0,140.0,54.263565891472865,10.0,0.2649805545806885
delhi,2025-09,261.0,139.0,53.25670498084291,14.388489208633093,0.28092557191848755
delhi,2025-10,259.0,142.0,54.826254826254825,14.788732394366198,0.30166953802108765
delhi,2025-11,251.0,127.0,50.59760956175299,14.960629921259843,0.29048559069633484
delhi,2025-12,270.0,131.0,48.51851851851852,9.923664122137405,0.25965631008148193
delhi,2026-01,273.0,126.0,46.15384615384615,16.666666666666668,0.2988695204257965
delhi,2026-02,263.0,109.0,41.444866920152094,12.844036697247706,0.267490953207016
delhi,2026-03,249.0,109.0,43.77510040160642,14.678899082568808,0.27227532863616943
delhi,2026-04,263.0,110.0,41.82509505703422,20.0,0.30007827281951904
delhi,2026-05,256.0,108.0,42.1875,17.59259259259259,0.28685399889945984
delhi,2026-06,261.0,110.0,42.1455938697318,15.454545454545455,0.28110575675964355
delhi,2026-07,242.0,85.0,35.12396694214876,23.529411764705884,0.3244355022907257
developersIndia,2024-08,253.0,118.0,46.640316205533594,12.711864406779661,0.2815447151660919
developersIndia,2024-09,259.0,116.0,44.78764478764479,12.931034482758621,0.2886534035205841
developersIndia,2024-10,260.0,119.0,45.76923076923077,15.126050420168067,0.30208486318588257
developersIndia,2024-11,255.0,102.0,40.0,13.72549019607843,0.28023767471313477
developersIndia,2024-12,259.0,107.0,41.31274131274131,12.149532710280374,0.298473596572876
developersIndia,2025-01,254.0,124.0,48.818897637795274,13.709677419354838,0.2691141963005066
developersIndia,2025-02,254.0,127.0,50.0,11.023622047244094,0.28144964575767517
developersIndia,2025-03,266.0,126.0,47.36842105263158,13.492063492063492,0.28389519453048706
developersIndia,2025-04,250.0,118.0,47.2,9.322033898305085,0.2867265045642853
developersIndia,2025-05,260.0,108.0,41.53846153846154,6.481481481481482,0.2578984498977661
developersIndia,2025-06,257.0,110.0,42.80155642023346,13.636363636363637,0.2874890863895416
developersIndia,2025-07,257.0,123.0,47.85992217898833,8.130081300813009,0.26355433464050293
developersIndia,2025-08,267.0,113.0,42.32209737827716,7.964601769911504,0.23543912172317505
developersIndia,2025-09,266.0,115.0,43.233082706766915,6.086956521739131,0.2623612880706787
developersIndia,2025-10,261.0,117.0,44.827586206896555,13.675213675213675,0.285164475440979
developersIndia,2025-11,259.0,121.0,46.71814671814672,16.52892561983471,0.28936177492141724
developersIndia,2025-12,261.0,93.0,35.632183908045974,11.827956989247312,0.26611000299453735
developersIndia,2026-01,263.0,106.0,40.3041825095057,8.49056603773585,0.26778146624565125
developersIndia,2026-02,270.0,123.0,45.55555555555556,10.56910569105691,0.24829579889774323
developersIndia,2026-03,264.0,108.0,40.90909090909091,12.962962962962964,0.2812363803386688
developersIndia,2026-04,255.0,107.0,41.96078431372549,13.08411214953271,0.26868724822998047
developersIndia,2026-05,258.0,114.0,44.18604651162791,9.649122807017545,0.2555890381336212
developersIndia,2026-06,253.0,109.0,43.08300395256917,9.174311926605505,0.25273728370666504
developersIndia,2026-07,258.0,94.0,36.434108527131784,6.382978723404255,0.23286426067352295
funnyIndia,2024-08,249.0,131.0,52.610441767068274,23.66412213740458,0.3562665283679962
funnyIndia,2024-09,252.0,142.0,56.34920634920635,20.422535211267604,0.364167183637619
funnyIndia,2024-10,259.0,138.0,53.28185328185328,20.28985507246377,0.37307947874069214
funnyIndia,2024-11,244.0,138.0,56.557377049180324,25.36231884057971,0.4110889136791229
funnyIndia,2024-12,246.0,144.0,58.53658536585366,25.694444444444443,0.39249417185783386
funnyIndia,2025-01,247.0,148.0,59.91902834008097,20.27027027027027,0.3697975277900696
funnyIndia,2025-02,244.0,142.0,58.19672131147541,20.422535211267604,0.3811558485031128
funnyIndia,2025-03,249.0,150.0,60.24096385542169,18.0,0.33733901381492615
funnyIndia,2025-04,245.0,148.0,60.40816326530612,14.864864864864865,0.3350708782672882
funnyIndia,2025-05,236.0,135.0,57.20338983050848,11.851851851851851,0.3179425299167633
funnyIndia,2025-06,243.0,141.0,58.02469135802469,12.76595744680851,0.34677189588546753
funnyIndia,2025-07,253.0,159.0,62.84584980237154,10.69182389937107,0.31044885516166687
funnyIndia,2025-08,254.0,152.0,59.84251968503937,14.473684210526315,0.3387437164783478
funnyIndia,2025-09,250.0,133.0,53.2,15.789473684210526,0.3609735667705536
funnyIndia,2025-10,257.0,143.0,55.6420233463035,15.384615384615385,0.3258282244205475
funnyIndia,2025-11,250.0,124.0,49.6,14.516129032258064,0.35493922233581543
funnyIndia,2025-12,257.0,129.0,50.19455252918288,12.4031007751938,0.3350711762905121
funnyIndia,2026-01,264.0,130.0,49.24242424242424,18.46153846153846,0.37012889981269836
funnyIndia,2026-02,272.0,145.0,53.30882352941177,18.620689655172413,0.3678226172924042
funnyIndia,2026-03,254.0,117.0,46.06299212598425,20.512820512820515,0.36999019980430603
funnyIndia,2026-04,271.0,121.0,44.64944649446495,11.570247933884298,0.29273298382759094
funnyIndia,2026-05,256.0,105.0,41.015625,18.095238095238095,0.35071325302124023
funnyIndia,2026-06,272.0,113.0,41.544117647058826,19.469026548672566,0.3714073598384857
funnyIndia,2026-07,269.0,107.0,39.77695167286245,31.77570093457944,0.43486762046813965
hyderabad,2024-08,265.0,134.0,50.56603773584906,11.940298507462687,0.27734461426734924
hyderabad,2024-09,241.0,122.0,50.62240663900415,13.114754098360656,0.2892468273639679
hyderabad,2024-10,246.0,135.0,54.8780487804878,10.37037037037037,0.2519286274909973
hyderabad,2024-11,244.0,136.0,55.73770491803279,13.235294117647058,0.2536802887916565
hyderabad,2024-12,247.0,156.0,63.1578947368421,12.179487179487179,0.2548470199108124
hyderabad,2025-01,253.0,133.0,52.569169960474305,10.526315789473685,0.24950790405273438
hyderabad,2025-02,253.0,136.0,53.75494071146245,9.558823529411764,0.26378604769706726
hyderabad,2025-03,247.0,137.0,55.465587044534416,8.75912408759124,0.24547576904296875
hyderabad,2025-04,255.0,137.0,53.72549019607843,15.328467153284672,0.29515811800956726
hyderabad,2025-05,255.0,144.0,56.470588235294116,12.5,0.28549426794052124
hyderabad,2025-06,262.0,140.0,53.43511450381679,8.571428571428571,0.2608461081981659
hyderabad,2025-07,252.0,145.0,57.53968253968254,8.275862068965518,0.22003214061260223
hyderabad,2025-08,246.0,158.0,64.22764227642277,13.924050632911392,0.2863856852054596
hyderabad,2025-09,253.0,125.0,49.40711462450593,12.0,0.2697201073169708
hyderabad,2025-10,255.0,128.0,50.19607843137255,13.28125,0.2936323881149292
hyderabad,2025-11,248.0,144.0,58.064516129032256,9.027777777777779,0.23686769604682922
hyderabad,2025-12,254.0,134.0,52.75590551181102,10.447761194029852,0.2560403645038605
hyderabad,2026-01,256.0,134.0,52.34375,11.940298507462687,0.2738715410232544
hyderabad,2026-02,252.0,142.0,56.34920634920635,11.971830985915492,0.2747308015823364
hyderabad,2026-03,255.0,125.0,49.01960784313726,12.8,0.297630250453949
hyderabad,2026-04,249.0,122.0,48.99598393574297,16.39344262295082,0.31667643785476685
hyderabad,2026-05,246.0,109.0,44.3089430894309,11.926605504587156,0.26818525791168213
hyderabad,2026-06,252.0,110.0,43.65079365079365,16.363636363636363,0.28577277064323425
hyderabad,2026-07,247.0,118.0,47.77327935222672,23.728813559322035,0.3517512083053589
india,2024-08,252.0,143.0,56.74603174603175,9.090909090909092,0.22918465733528137
india,2024-09,252.0,133.0,52.77777777777778,13.533834586466165,0.26563915610313416
india,2024-10,270.0,148.0,54.81481481481482,16.216216216216218,0.29034939408302307
india,2024-11,251.0,143.0,56.97211155378486,9.79020979020979,0.23357023298740387
india,2024-12,262.0,147.0,56.10687022900763,8.16326530612245,0.24877867102622986
india,2025-01,259.0,139.0,53.66795366795367,12.949640287769784,0.26229795813560486
india,2025-02,260.0,137.0,52.69230769230769,11.678832116788321,0.2420857548713684
india,2025-03,245.0,135.0,55.10204081632653,9.62962962962963,0.24984291195869446
india,2025-04,244.0,128.0,52.459016393442624,10.9375,0.259503036737442
india,2025-05,262.0,126.0,48.091603053435115,7.936507936507937,0.23460479080677032
india,2025-06,257.0,142.0,55.252918287937746,9.859154929577464,0.24271266162395477
india,2025-07,256.0,136.0,53.125,7.352941176470588,0.2020389586687088
india,2025-08,245.0,140.0,57.142857142857146,11.428571428571429,0.2571757733821869
india,2025-09,269.0,128.0,47.58364312267658,7.8125,0.2166944444179535
india,2025-10,253.0,115.0,45.45454545454545,10.434782608695652,0.25762054324150085
india,2025-11,260.0,137.0,52.69230769230769,13.138686131386862,0.2779240906238556
india,2025-12,261.0,134.0,51.34099616858238,5.970149253731344,0.21366316080093384
india,2026-01,244.0,143.0,58.60655737704918,4.895104895104895,0.1824103593826294
india,2026-02,244.0,154.0,63.114754098360656,8.441558441558442,0.21619650721549988
india,2026-03,257.0,145.0,56.42023346303502,6.896551724137931,0.21001091599464417
india,2026-04,257.0,143.0,55.6420233463035,11.888111888111888,0.27070900797843933
india,2026-05,250.0,128.0,51.2,10.9375,0.22941653430461884
india,2026-06,252.0,150.0,59.523809523809526,12.0,0.255802720785141
india,2026-07,247.0,129.0,52.22672064777328,7.751937984496124,0.23430249094963074
indiameme,2024-08,249.0,125.0,50.200803212851405,23.2,0.3622836172580719
indiameme,2024-09,250.0,126.0,50.4,26.19047619047619,0.4136776924133301
indiameme,2024-10,253.0,141.0,55.73122529644269,26.24113475177305,0.39795470237731934
indiameme,2024-11,251.0,137.0,54.581673306772906,18.248175182481752,0.3175557851791382
indiameme,2024-12,269.0,149.0,55.39033457249071,22.818791946308725,0.39562761783599854
indiameme,2025-01,257.0,136.0,52.91828793774319,29.41176470588235,0.425726056098938
indiameme,2025-02,262.0,142.0,54.19847328244275,21.830985915492956,0.38042718172073364
indiameme,2025-03,266.0,146.0,54.88721804511278,15.068493150684931,0.33557000756263733
indiameme,2025-04,267.0,149.0,55.80524344569288,21.476510067114095,0.3642567992210388
indiameme,2025-05,266.0,127.0,47.744360902255636,17.322834645669293,0.3660374879837036
indiameme,2025-06,265.0,149.0,56.22641509433962,16.778523489932887,0.35651695728302
indiameme,2025-07,270.0,144.0,53.333333333333336,13.194444444444445,0.3243788480758667
indiameme,2025-08,256.0,146.0,57.03125,16.438356164383563,0.31863826513290405
indiameme,2025-09,260.0,153.0,58.84615384615385,20.26143790849673,0.36432114243507385
indiameme,2025-10,261.0,153.0,58.62068965517241,22.22222222222222,0.3827623724937439
indiameme,2025-11,278.0,138.0,49.64028776978417,18.840579710144926,0.3683099150657654
indiameme,2025-12,257.0,138.0,53.69649805447471,17.391304347826086,0.3250810503959656
indiameme,2026-01,257.0,126.0,49.02723735408561,22.22222222222222,0.36719080805778503
indiameme,2026-02,257.0,115.0,44.747081712062254,13.91304347826087,0.36394932866096497
indiameme,2026-03,266.0,119.0,44.73684210526316,17.647058823529413,0.3568408489227295
indiameme,2026-04,256.0,122.0,47.65625,22.131147540983605,0.3479679226875305
indiameme,2026-05,251.0,112.0,44.62151394422311,25.0,0.3712117373943329
indiameme,2026-06,259.0,115.0,44.4015444015444,23.47826086956522,0.34759047627449036
indiameme,2026-07,261.0,113.0,43.29501915708812,23.008849557522122,0.3519458472728729
indiansports,2024-08,222.0,113.0,50.9009009009009,16.8141592920354,0.31668877601623535
indiansports,2024-09,213.0,120.0,56.33802816901409,11.666666666666666,0.2968478202819824
indiansports,2024-10,129.0,84.0,65.11627906976744,15.476190476190476,0.3301324248313904
indiansports,2024-11,122.0,81.0,66.39344262295081,11.11111111111111,0.29975950717926025
indiansports,2024-12,176.0,106.0,60.22727272727273,16.9811320754717,0.3267548680305481
indiansports,2025-01,158.0,91.0,57.59493670886076,15.384615384615385,0.3446994125843048
indiansports,2025-02,157.0,109.0,69.4267515923567,16.513761467889907,0.3248005509376526
indiansports,2025-03,168.0,118.0,70.23809523809524,12.711864406779661,0.33170652389526367
indiansports,2025-04,122.0,82.0,67.21311475409836,9.75609756097561,0.2984658479690552
indiansports,2025-05,169.0,111.0,65.68047337278107,9.00900900900901,0.22889234125614166
indiansports,2025-06,207.0,133.0,64.2512077294686,11.278195488721805,0.29957306385040283
indiansports,2025-07,170.0,114.0,67.05882352941177,7.894736842105263,0.2582673132419586
indiansports,2025-08,94.0,71.0,75.53191489361703,7.042253521126761,0.2410917431116104
indiansports,2025-09,154.0,103.0,66.88311688311688,9.70873786407767,0.27675899863243103
indiansports,2025-10,138.0,98.0,71.01449275362319,9.183673469387756,0.28774186968803406
indiansports,2025-11,141.0,95.0,67.37588652482269,7.368421052631579,0.27863991260528564
indiansports,2025-12,170.0,115.0,67.6470588235294,12.173913043478262,0.29889070987701416
indiansports,2026-01,173.0,120.0,69.36416184971098,2.5,0.2476990520954132
indiansports,2026-02,146.0,97.0,66.43835616438356,10.309278350515465,0.27300068736076355
indiansports,2026-03,130.0,74.0,56.92307692307692,4.054054054054054,0.2245916873216629
indiansports,2026-04,135.0,84.0,62.22222222222222,9.523809523809524,0.26366889476776123
indiansports,2026-05,167.0,97.0,58.08383233532934,6.185567010309279,0.2795158922672272
indiansports,2026-06,226.0,127.0,56.19469026548673,13.385826771653543,0.2898854613304138
indiansports,2026-07,195.0,106.0,54.35897435897436,9.433962264150944,0.2750178873538971
indiasocial,2024-08,249.0,136.0,54.618473895582326,20.58823529411765,0.32982516288757324
indiasocial,2024-09,265.0,157.0,59.24528301886792,25.477707006369428,0.3733319938182831
indiasocial,2024-10,255.0,129.0,50.588235294117645,21.705426356589147,0.3380180895328522
indiasocial,2024-11,249.0,149.0,59.83935742971887,24.83221476510067,0.36281949281692505
indiasocial,2024-12,261.0,143.0,54.78927203065134,15.384615384615385,0.305982768535614
indiasocial,2025-01,266.0,157.0,59.02255639097744,21.019108280254777,0.3517035245895386
indiasocial,2025-02,254.0,144.0,56.69291338582677,13.88888888888889,0.28494134545326233
indiasocial,2025-03,253.0,121.0,47.82608695652174,16.52892561983471,0.3362591564655304
indiasocial,2025-04,254.0,135.0,53.1496062992126,15.555555555555555,0.3117024600505829
indiasocial,2025-05,259.0,137.0,52.8957528957529,10.94890510948905,0.30034175515174866
indiasocial,2025-06,262.0,121.0,46.18320610687023,15.702479338842975,0.3481610417366028
indiasocial,2025-07,260.0,137.0,52.69230769230769,17.51824817518248,0.3279302716255188
indiasocial,2025-08,267.0,133.0,49.81273408239701,20.30075187969925,0.3616548776626587
indiasocial,2025-09,267.0,135.0,50.561797752808985,14.814814814814815,0.2989112436771393
indiasocial,2025-10,265.0,141.0,53.20754716981132,20.56737588652482,0.339467853307724
indiasocial,2025-11,258.0,146.0,56.58914728682171,16.438356164383563,0.3309975266456604
indiasocial,2025-12,265.0,130.0,49.056603773584904,11.538461538461538,0.2421341836452484
indiasocial,2026-01,265.0,137.0,51.698113207547166,19.708029197080293,0.3020230531692505
indiasocial,2026-02,263.0,114.0,43.346007604562736,21.05263157894737,0.32292982935905457
indiasocial,2026-03,253.0,130.0,51.383399209486164,17.692307692307693,0.32698026299476624
indiasocial,2026-04,267.0,131.0,49.06367041198502,16.03053435114504,0.28353065252304077
indiasocial,2026-05,246.0,119.0,48.3739837398374,16.80672268907563,0.3366677761077881
indiasocial,2026-06,261.0,103.0,39.46360153256705,14.563106796116505,0.29756006598472595
indiasocial,2026-07,258.0,107.0,41.47286821705426,14.953271028037383,0.2708624601364136
ipl,2024-08,220.0,150.0,68.18181818181819,20.666666666666668,0.3755824863910675
ipl,2024-09,226.0,155.0,68.58407079646018,21.29032258064516,0.35701221227645874
ipl,2024-10,238.0,168.0,70.58823529411765,19.047619047619047,0.3707953095436096
ipl,2024-11,247.0,145.0,58.70445344129555,20.0,0.34916606545448303
ipl,2024-12,229.0,169.0,73.79912663755458,21.893491124260354,0.35506051778793335
ipl,2025-01,226.0,168.0,74.33628318584071,17.857142857142858,0.3521791696548462
ipl,2025-02,228.0,177.0,77.63157894736842,19.2090395480226,0.38451287150382996
ipl,2025-03,252.0,161.0,63.888888888888886,22.36024844720497,0.3972007930278778
ipl,2025-04,233.0,157.0,67.38197424892704,19.745222929936304,0.3733862638473511
ipl,2025-05,238.0,147.0,61.76470588235294,18.367346938775512,0.37798017263412476
ipl,2025-06,252.0,141.0,55.95238095238095,22.69503546099291,0.38712435960769653
ipl,2025-07,249.0,169.0,67.8714859437751,16.568047337278106,0.3918010890483856
ipl,2025-08,239.0,162.0,67.78242677824268,19.753086419753085,0.3718734085559845
ipl,2025-09,234.0,161.0,68.80341880341881,21.11801242236025,0.39779132604599
ipl,2025-10,235.0,171.0,72.76595744680851,16.374269005847953,0.37119120359420776
ipl,2025-11,245.0,161.0,65.71428571428571,19.875776397515526,0.397554874420166
ipl,2025-12,259.0,170.0,65.63706563706563,15.882352941176471,0.3654184341430664
ipl,2026-01,247.0,176.0,71.25506072874494,19.318181818181817,0.4012499153614044
ipl,2026-02,243.0,156.0,64.19753086419753,17.307692307692307,0.38684388995170593
ipl,2026-03,249.0,147.0,59.036144578313255,19.047619047619047,0.38022381067276
ipl,2026-04,258.0,144.0,55.81395348837209,22.22222222222222,0.3936828076839447
ipl,2026-05,243.0,122.0,50.205761316872426,27.868852459016395,0.4538998305797577
ipl,2026-06,249.0,138.0,55.42168674698795,25.36231884057971,0.41298675537109375
ipl,2026-07,254.0,131.0,51.574803149606296,17.557251908396946,0.38104957342147827
kolkata,2024-08,226.0,125.0,55.309734513274336,18.4,0.3002017140388489
kolkata,2024-09,203.0,120.0,59.11330049261084,25.0,0.34315070509910583
kolkata,2024-10,235.0,139.0,59.148936170212764,12.949640287769784,0.29355135560035706
kolkata,2024-11,228.0,138.0,60.526315789473685,14.492753623188406,0.30110982060432434
kolkata,2024-12,232.0,132.0,56.89655172413793,15.909090909090908,0.2814028263092041
kolkata,2025-01,226.0,134.0,59.29203539823009,17.91044776119403,0.3298586905002594
kolkata,2025-02,231.0,138.0,59.74025974025974,16.666666666666668,0.32975897192955017
kolkata,2025-03,234.0,143.0,61.111111111111114,9.79020979020979,0.2859320044517517
kolkata,2025-04,243.0,146.0,60.08230452674897,6.8493150684931505,0.26280245184898376
kolkata,2025-05,245.0,124.0,50.61224489795919,7.258064516129032,0.25947222113609314
kolkata,2025-06,240.0,130.0,54.166666666666664,7.6923076923076925,0.25879067182540894
kolkata,2025-07,240.0,122.0,50.833333333333336,9.01639344262295,0.2567662298679352
kolkata,2025-08,241.0,133.0,55.18672199170125,6.015037593984962,0.25175029039382935
kolkata,2025-09,239.0,130.0,54.39330543933055,10.0,0.28246888518333435
kolkata,2025-10,242.0,107.0,44.21487603305785,6.542056074766355,0.25941237807273865
kolkata,2025-11,238.0,119.0,50.0,11.764705882352942,0.289102703332901
kolkata,2025-12,239.0,127.0,53.13807531380753,10.236220472440944,0.24605341255664825
kolkata,2026-01,245.0,113.0,46.12244897959184,12.389380530973451,0.24263964593410492
kolkata,2026-02,249.0,122.0,48.99598393574297,11.475409836065573,0.30016472935676575
kolkata,2026-03,242.0,105.0,43.388429752066116,7.619047619047619,0.243984654545784
kolkata,2026-04,230.0,103.0,44.78260869565217,14.563106796116505,0.2863839566707611
kolkata,2026-05,252.0,114.0,45.23809523809524,11.403508771929825,0.2944452464580536
kolkata,2026-06,223.0,98.0,43.946188340807176,13.26530612244898,0.306073397397995
kolkata,2026-07,235.0,100.0,42.5531914893617,15.0,0.31928205490112305
mumbai,2024-08,250.0,128.0,51.2,13.28125,0.27452361583709717
mumbai,2024-09,258.0,130.0,50.3875968992248,20.76923076923077,0.32273775339126587
mumbai,2024-10,254.0,119.0,46.8503937007874,14.285714285714286,0.2474798858165741
mumbai,2024-11,256.0,139.0,54.296875,13.66906474820144,0.26292380690574646
mumbai,2024-12,264.0,153.0,57.95454545454545,16.33986928104575,0.31599876284599304
mumbai,2025-01,266.0,154.0,57.89473684210526,11.03896103896104,0.28654560446739197
mumbai,2025-02,255.0,139.0,54.509803921568626,17.985611510791365,0.32414767146110535
mumbai,2025-03,255.0,144.0,56.470588235294116,11.11111111111111,0.2929069399833679
mumbai,2025-04,267.0,148.0,55.43071161048689,11.486486486486486,0.25501716136932373
mumbai,2025-05,258.0,156.0,60.46511627906977,7.6923076923076925,0.22998127341270447
mumbai,2025-06,260.0,150.0,57.69230769230769,13.333333333333334,0.25256606936454773
mumbai,2025-07,247.0,156.0,63.1578947368421,7.051282051282051,0.255619615316391
mumbai,2025-08,250.0,145.0,58.0,7.586206896551724,0.23142799735069275
mumbai,2025-09,265.0,154.0,58.113207547169814,7.142857142857143,0.2560051679611206
mumbai,2025-10,251.0,151.0,60.1593625498008,9.271523178807946,0.22706939280033112
mumbai,2025-11,258.0,143.0,55.42635658914729,6.293706293706293,0.22889763116836548
mumbai,2025-12,253.0,141.0,55.73122529644269,12.76595744680851,0.30144163966178894
mumbai,2026-01,255.0,138.0,54.11764705882353,9.420289855072463,0.2383706420660019
mumbai,2026-02,267.0,161.0,60.29962546816479,12.422360248447205,0.24967871606349945
mumbai,2026-03,260.0,122.0,46.92307692307692,14.754098360655737,0.2983950972557068
mumbai,2026-04,253.0,122.0,48.22134387351779,8.19672131147541,0.22643306851387024
mumbai,2026-05,257.0,137.0,53.30739299610895,6.569343065693431,0.22500568628311157
mumbai,2026-06,261.0,124.0,47.509578544061306,9.67741935483871,0.22120730578899384
mumbai,2026-07,253.0,136.0,53.75494071146245,10.294117647058824,0.22970007359981537
personalfinanceindia,2024-08,252.0,133.0,52.77777777777778,12.030075187969924,0.2599608600139618
personalfinanceindia,2024-09,242.0,106.0,43.80165289256198,15.09433962264151,0.2656272053718567
personalfinanceindia,2024-10,263.0,124.0,47.148288973384034,12.903225806451612,0.25580140948295593
personalfinanceindia,2024-11,250.0,123.0,49.2,18.69918699186992,0.289566308259964
personalfinanceindia,2024-12,245.0,133.0,54.285714285714285,11.278195488721805,0.24419434368610382
personalfinanceindia,2025-01,249.0,145.0,58.23293172690763,13.10344827586207,0.2928120493888855
personalfinanceindia,2025-02,253.0,122.0,48.22134387351779,7.377049180327869,0.2723281979560852
personalfinanceindia,2025-03,250.0,138.0,55.2,10.144927536231885,0.29481205344200134
personalfinanceindia,2025-04,250.0,129.0,51.6,10.852713178294573,0.27538856863975525
personalfinanceindia,2025-05,241.0,147.0,60.995850622406635,5.442176870748299,0.24053055047988892
personalfinanceindia,2025-06,252.0,145.0,57.53968253968254,6.896551724137931,0.26129698753356934
personalfinanceindia,2025-07,248.0,132.0,53.225806451612904,7.575757575757576,0.2664978504180908
personalfinanceindia,2025-08,259.0,151.0,58.3011583011583,6.622516556291391,0.25968196988105774
personalfinanceindia,2025-09,248.0,144.0,58.064516129032256,9.027777777777779,0.27458882331848145
personalfinanceindia,2025-10,259.0,140.0,54.054054054054056,11.428571428571429,0.2604484558105469
personalfinanceindia,2025-11,259.0,142.0,54.826254826254825,8.450704225352112,0.26572826504707336
personalfinanceindia,2025-12,247.0,126.0,51.012145748987855,7.142857142857143,0.23814710974693298
personalfinanceindia,2026-01,258.0,136.0,52.713178294573645,8.088235294117647,0.2526063323020935
personalfinanceindia,2026-02,253.0,129.0,50.98814229249012,7.751937984496124,0.25344565510749817
personalfinanceindia,2026-03,252.0,119.0,47.22222222222222,6.722689075630252,0.24507397413253784
personalfinanceindia,2026-04,253.0,118.0,46.640316205533594,9.322033898305085,0.24845540523529053
personalfinanceindia,2026-05,254.0,117.0,46.06299212598425,8.547008547008547,0.2371794432401657
personalfinanceindia,2026-06,262.0,123.0,46.94656488549618,10.56910569105691,0.2570253014564514
personalfinanceindia,2026-07,260.0,116.0,44.61538461538461,10.344827586206897,0.2647365927696228
unitedstatesofindia,2024-08,242.0,138.0,57.02479338842975,21.73913043478261,0.34186819195747375
unitedstatesofindia,2024-09,227.0,142.0,62.55506607929515,26.760563380281692,0.37122195959091187
unitedstatesofindia,2024-10,229.0,172.0,75.10917030567686,19.186046511627907,0.3164609968662262
unitedstatesofindia,2024-11,224.0,169.0,75.44642857142857,15.976331360946746,0.28316307067871094
unitedstatesofindia,2024-12,228.0,171.0,75.0,15.789473684210526,0.28266188502311707
unitedstatesofindia,2025-01,239.0,175.0,73.22175732217573,16.0,0.29759156703948975
unitedstatesofindia,2025-02,238.0,188.0,78.99159663865547,15.425531914893616,0.27773794531822205
unitedstatesofindia,2025-03,232.0,170.0,73.27586206896552,10.588235294117647,0.2741679847240448
unitedstatesofindia,2025-04,233.0,181.0,77.6824034334764,14.3646408839779,0.2810525596141815
unitedstatesofindia,2025-05,227.0,163.0,71.80616740088105,10.429447852760736,0.24010004103183746
unitedstatesofindia,2025-06,237.0,178.0,75.10548523206751,12.92134831460674,0.2334165871143341
unitedstatesofindia,2025-07,242.0,183.0,75.6198347107438,13.114754098360656,0.2937967777252197
unitedstatesofindia,2025-08,233.0,179.0,76.82403433476395,13.40782122905028,0.2514248788356781
unitedstatesofindia,2025-09,233.0,180.0,77.25321888412017,11.666666666666666,0.2482530027627945
unitedstatesofindia,2025-10,232.0,181.0,78.01724137931035,13.259668508287293,0.2573932707309723
unitedstatesofindia,2025-11,246.0,187.0,76.01626016260163,10.695187165775401,0.2436724156141281
unitedstatesofindia,2025-12,238.0,177.0,74.36974789915966,7.909604519774011,0.21115845441818237
unitedstatesofindia,2026-01,229.0,169.0,73.79912663755458,8.875739644970414,0.21504724025726318
unitedstatesofindia,2026-02,234.0,174.0,74.35897435897436,6.896551724137931,0.2115829735994339
unitedstatesofindia,2026-03,248.0,181.0,72.98387096774194,8.839779005524862,0.2252696305513382
unitedstatesofindia,2026-04,224.0,161.0,71.875,8.695652173913043,0.22559887170791626
unitedstatesofindia,2026-05,228.0,182.0,79.82456140350877,14.285714285714286,0.2539623975753784
unitedstatesofindia,2026-06,231.0,163.0,70.56277056277057,16.56441717791411,0.2765752375125885
unitedstatesofindia,2026-07,248.0,161.0,64.91935483870968,11.180124223602485,0.23738709092140198
