sub,n_accounts_active,coverage_pct,w_comment_spread,w_post_spread,w_comm_day,w_post_day,weighted_avg_score
BollyBlindsNGossip,1222.0,66.09756097560975,1.5874538745387454,0.5033210332103321,1.1682656826568265,0.3210332103321033,3.5800738007380075
IndiaTrending,36.0,20.454545454545453,1.4444444444444444,0.5555555555555556,0.6666666666666666,0.6666666666666666,3.3333333333333335
IndiaCricket,1049.0,61.60616061606161,1.3,0.4669642857142857,1.1964285714285714,0.3455357142857143,3.3089285714285714
unitedstatesofindia,958.0,67.66704416761041,1.4334728033472803,0.5221757322175732,1.003347280334728,0.3205020920502092,3.279497907949791
InstaCelebsGossip,1368.0,37.582529202640934,1.5405405405405406,0.34594594594594597,1.0162162162162163,0.33378378378378376,3.2364864864864864
bollywoodmemes,1094.0,55.83538083538083,1.3949394939493949,0.4444444444444444,1.0847084708470847,0.25962596259625964,3.1837183718371835
CricketShitpost,985.0,60.609613130128956,1.2543520309477756,0.40038684719535783,1.1866537717601546,0.2736943907156673,3.1150870406189557
ipl,829.0,57.496360989810775,1.2253164556962026,0.4278481012658228,1.1417721518987343,0.30759493670886073,3.1025316455696204
ISRO,314.0,46.01018675721562,0.5498154981549815,0.6014760147601476,1.132841328413284,0.7638376383763837,3.047970479704797
india,1205.0,54.66307277628032,1.4812623274161736,0.38461538461538464,0.9151873767258383,0.2406311637080868,3.021696252465483
indiameme,1390.0,40.51769677760169,1.4524119947848761,0.39374185136897,0.9256844850065189,0.22685788787483702,2.9986962190352022
delhi,1298.0,37.55230125523013,1.4623955431754874,0.3649025069637883,0.8885793871866295,0.266016713091922,2.981894150417827
bollywood,1105.0,63.84345794392523,1.3266239707227814,0.40347666971637697,0.9469350411710887,0.2881976212259835,2.9652333028362308
SaimanSays,1033.0,48.76543209876543,1.2037974683544304,0.40379746835443037,0.9658227848101266,0.30759493670886073,2.881012658227848
indiasocial,1524.0,40.77319587628866,1.4462705436156764,0.3729456384323641,0.8723135271807838,0.1592920353982301,2.8508217446270545
BollywoodFashion,913.0,62.03983101991551,1.1780155642023347,0.16731517509727625,1.122568093385214,0.3657587548638132,2.8336575875486383
AskIndia,1332.0,45.385007649158595,1.3898876404494382,0.31573033707865167,0.9078651685393259,0.19887640449438201,2.8123595505617978
kolkata,1136.0,42.7038626609442,1.14321608040201,0.36180904522613067,0.9296482412060302,0.3693467336683417,2.8040201005025125
IndianStreetBets,1009.0,54.464851171627615,1.2337209302325582,0.32558139534883723,0.9383720930232559,0.30465116279069765,2.802325581395349
indiansports,474.0,62.536302032913845,0.8513931888544891,0.23993808049535603,1.1176470588235294,0.5572755417956656,2.76625386996904
IndiaSpeaks,1101.0,64.08371040723982,1.4051191526919682,0.35127978817299205,0.795233892321271,0.19505736981465135,2.7466902030008824
BollywoodMusic,1044.0,48.16247582205029,1.287817938420348,0.2931726907630522,0.9598393574297188,0.19143239625167335,2.7322623828647923
AnimeMirchi,1082.0,27.53525856279382,0.8463414634146341,0.44146341463414634,0.9609756097560975,0.4682926829268293,2.7170731707317075
JEENEETards,1354.0,23.839332290036516,1.1597374179431073,0.3304157549234136,1.026258205689278,0.18599562363238512,2.702407002188184
funnyIndia,1347.0,35.84487534626039,1.224111282843895,0.2241112828438949,0.9938176197836167,0.2071097372488408,2.6491499227202473
mumbai,1351.0,51.446280991735534,1.4467871485943775,0.25,0.8122489959839357,0.13654618473895583,2.645582329317269
CarsIndia,1435.0,47.94805194805195,1.4420368364030336,0.28710725893824485,0.7865655471289275,0.12242686890574214,2.638136511375948
IndiaTech,1335.0,48.88143176733781,1.3524027459954233,0.31922196796338675,0.7963386727688787,0.12814645308924486,2.5961098398169336
IndiaNostalgia,994.0,56.30769230769231,1.169398907103825,0.24371584699453552,0.9038251366120219,0.2284153005464481,2.5453551912568306
bangalore,1288.0,43.90651085141903,1.3193916349809887,0.2585551330798479,0.7629911280101395,0.1888466413181242,2.5297845373891
IndianDankMemes,1027.0,46.34591961023143,1.137976346911958,0.2706964520367937,0.9027595269382391,0.21813403416557162,2.5295663600525624
GadgetsIndia,1201.0,44.84233030464992,1.1370679380214541,0.3468414779499404,0.8641239570917759,0.17759237187127533,2.525625744934446
IndianStockMarket,1232.0,46.27777777777778,1.2088835534213684,0.20048019207683074,0.9315726290516206,0.1836734693877551,2.524609843937575
hyderabad,1225.0,45.972293483837866,1.1785714285714286,0.29017857142857145,0.8582589285714286,0.19084821428571427,2.517857142857143
animeindian,1081.0,44.20374707259953,1.0066225165562914,0.2410596026490066,1.0211920529801324,0.24635761589403973,2.51523178807947
personalfinanceindia,1208.0,43.27683615819209,1.262402088772846,0.24804177545691905,0.8185378590078329,0.1814621409921671,2.510443864229765
RelationshipIndia,1213.0,28.082959641255606,1.215568862275449,0.2554890219560878,0.782435129740519,0.10778443113772455,2.3612774451097804
Kerala,1132.0,48.06539509536785,0.9863945578231292,0.29705215419501135,0.7913832199546486,0.23242630385487528,2.3072562358276643
developersIndia,1447.0,32.043010752688176,1.3238255033557047,0.19630872483221476,0.6409395973154363,0.07718120805369127,2.238255033557047
IndianGaming,1440.0,34.5718901453958,1.1292834890965733,0.2336448598130841,0.660436137071651,0.14018691588785046,2.163551401869159
IncredibleIndia,615.0,35.78629032258065,0.8,0.07887323943661972,1.0732394366197182,0.19154929577464788,2.1436619718309857
IndianFashionAddicts,1167.0,29.50030102347983,0.9,0.12653061224489795,0.746938775510204,0.2938775510204082,2.0673469387755103
chennai,1116.0,41.885441527446304,1.0427350427350428,0.24216524216524216,0.6809116809116809,0.09259259259259259,2.0584045584045585
IndiaInvestments,203.0,21.176470588235293,0.6296296296296297,0.07407407407407407,0.7037037037037037,0.2222222222222222,1.6296296296296295
