subreddit,post_id,title,score,upvote_ratio,num_comments,created_utc,author,total_karma,account_age_days,karma_per_day
india,1sp0w1z,Sat through 10 minutes of our PM's address.,5861,0.88,506,1776526619.0,Weak_Tennis6697,11852.0,1770.23833334824,6.6951436858691515
india,1t0z4q4,Delhi people have ruined every hill station within 400km and I'm tired of preten,3115,0.97,236,1777654641.0,Honest-Estate-4592,1764.0,2086.415359771158,0.8454692359020396
india,1sczgqv,Student complains of being forced to attend Modi event in 29° heat; Instagram vl,2357,0.95,121,1775382104.0,BannedForFactsAgain,61329.0,3053.1370080514585,20.087208611427744
india,1ssa6br,Top MAGA influencer revealed to be AI — created by a guy in India who made a min,2306,0.97,97,1776829379.0,God_Emperor__Doom,143645.0,59.675452368667834,2407.1036632043993
india,1sfxd9p,'This isn’t India'—Indian tourists in Nepal made to clean gutkha spit on the str,2288,0.99,74,1775664747.0,bhodrolok,934611.0,3972.038361242455,235.29757645836366
india,1sete5n,"Picked up a phone from a bus seat in 2008, went wrong after that",2129,0.96,90,1775561704.0,CorgiGlittering3167,1248.0,54.49750984730268,22.900128895738323
india,1skz2xb,"TCS Nashik row explodes: How undercover police op revealed sexual abuse, coercio",2109,0.96,346,1776143081.0,mumbaiblues,148607.0,5225.739613002062,28.437505693979432
india,1sq7mt1,My 18yo brother was brutally assaulted by a mob of 20 people on his FIRST DAY at,2053,0.99,101,1776638897.0,tadipaar69,4170.0,650.832610448403,6.407177410988983
india,1srh4ah,‘PM Modi darkened his skin tone for Tamil Nadu campaign?’ Internet erupts | Math,2029,0.92,142,1776758345.0,desigooner,154596.0,3831.2260517862023,40.35157359820205
india,1syul4a,"10,000 litres water for one litre ethanol: India's fuel push to worsen water cri",1953,0.98,83,1777457614.0,God_Emperor__Doom,143645.0,59.675452368667834,2407.1036632043993
india,1srp8fd,My mother has no savings. Zero. And she's not the exception. She's the norm.,1923,0.97,153,1776781551.0,GlassProfession1142,1215.0,90.15913694506995,13.476171591352376
india,1shxass,"Nepali Man Makes Indian Tourists Clean Gutka Spit From Street, Video Sparks Deba",1861,0.98,56,1775850862.0,Upstairs-Bit6897,433029.0,538.1361727842358,804.6829443922585
india,1sjv9tr,Assaulted and held against our will for simply relaxing in our car with doors wi,1814,0.97,202,1776039563.0,OriginalSinger1406,1462.0,902.0430457131482,1.6207652250610216
india,1svaluc,Raghav Chadha loses 1 million followers on social media after BJP switch,1771,0.95,132,1777119376.0,Yournewbestfriend_01,219719.0,1150.5088205184732,190.97550238770384
india,1sftdwd,"Sir, I’ll tell you everything: Constable was key to death penalty for 9 Tamil Na",1652,0.99,72,1775656125.0,bhodrolok,934611.0,3972.038361242455,235.29757645836366
india,1szqs5a,"Govt's pin drop silence aggravates suspicion as CAG flags Rs 54,282 cr ‘unaccoun",1630,0.97,61,1777540152.0,B-L-A-N-K-S-P-A-C-E,9006.0,2205.131499350115,4.084110177852977
india,1svtq6r,"Gen Z icon faces online backlash: Raghav Chadha loses over 1 million followers, ",1614,0.95,155,1777166391.0,No_Suspect8128,2040.0,321.1717503846299,6.351741700684853
india,1steh83,"‘Drink spiked, Wi-Fi cut for 3 days’: Chilling details emerge in rape case of US",1576,0.97,126,1776938911.0,mumbaiblues,148607.0,5225.739613002062,28.437505693979432
india,1sj7tej,Legendary singer Asha Bhosle dies,1546,0.97,73,1775978834.0,Yournewbestfriend_01,219719.0,1150.5088205184732,190.97550238770384
india,1skbpex,"Why is nobody talking about how expensive ""basic life"" has become in India?",1496,0.97,206,1776088848.0,Prestigious_Hair_757,820.0,1962.35936899037,0.41786433869240186
india,1sdzo2g,9 Tamil Nadu Cops Get Death Sentence In Father-Son Custodial Torture Case,1482,0.99,72,1775483991.0,aadsarraficionado,19249.0,220.48476899077494,87.30308260343088
india,1szy8i1,"Girls injected to appear young, boyfriends make them pregnant: Babies sold for ₹",1413,0.97,130,1777560531.0,Sweaty_Explorer_8441,11217.0,317.291561888288,35.3523426001139
india,1sns0s3,"""I Was Blaring Siren, Why Didn't You Move?"" BJP MLA's Son After Ramming 5 With T",1404,0.98,72,1776404545.0,bhodrolok,934611.0,3972.038361242455,235.29757645836366
india,1so5dmv,Caterer throws 11-year-old boy into burning tandoor for eating rasgullas at wedd,1380,0.98,88,1776442075.0,mumbaiblues,148607.0,5225.739613002062,28.437505693979432
india,1sflae8,Samay Raina says he was forced to delete India's Got Latent episodes after polic,1372,0.96,193,1775630726.0,Mrk2d,173837.0,2176.0194208980793,79.88761420532478
india,1smzr1p,Zimbabwe and Bangladesh surpass India in gdp per capita as India slips to 149th ,1359,0.94,117,1776335879.0,Puzzleheaded-Row-477,3501.0,1991.9016887678345,1.7576168641965835
india,1smxdcp,"CAG flags Modi govt’s Rs 54,282 crore unaccounted spending",1345,0.97,76,1776327567.0,TheIndianRevolution2,213330.0,776.0194458126746,274.90290501237814
india,1ssosuh,"Watch: Bali Hotel Catches Indian Tourists Taking Robes, Hairdryer, Doormat, And ",1315,0.95,142,1776871679.0,brazendude,26668.0,1552.1299777857407,17.18155076035862
india,1svdvu2,India turns into a hotbox: 95 out of 100 world's hottest cities today are in Ind,1301,0.98,95,1777127785.0,No_Suspect8128,2040.0,321.1717503846299,6.351741700684853
india,1swxvto,"China Has 1.4 billion Barrels Strategic Oil Inventory, India 21.4 million",1273,0.95,137,1777279394.0,BannedForFactsAgain,61329.0,3053.1370080514585,20.087208611427744
unitedstatesofindia,1shm4mf,"He didn't say sorry like Samay did, Balls of steel",2767,0.97,162,1775826644.0,potter_k,4940.0,2057.6004920127657,2.400854791382579
unitedstatesofindia,1sl0jat,Just a Dalit icon? Think again.,2275,0.96,179,1776147845.0,No-Assignment7129,233702.0,2065.2988200198142,113.15650681374906
unitedstatesofindia,1sxwndx,"""Bureaucratic Cruelty Exposed: Illiterate Tribal Man in Odisha Digs Up Dead Sist",2170,0.98,121,1777369488.0,Long_Consequence3808,32342.0,67.5227089305774,478.97959830450543
unitedstatesofindia,1sp262r,Nehru did that.,1871,0.97,86,1776529583.0,Giwargis_Sahada,247115.0,807.4232519783576,306.05385638141587
unitedstatesofindia,1sywooq,"""The Great Nicobar Project Is Possibly the Biggest Scam and Largest Theft Of Ind",1808,0.97,161,1777463941.0,Mirror-On-The-Wall,192203.0,2334.178643679514,82.34288344658067
unitedstatesofindia,1se4zfw,"This man, a retired ARMY MAN , tied a baby girl to an iron railing and beat her ",1702,0.98,160,1775495537.0,Obvious_Shoe7302,263877.0,2037.0006738867942,129.54193063495515
unitedstatesofindia,1syqh7i,One of the finest and cleanest explaintion on Caste based Reservation,1660,0.93,317,1777443486.0,chhagan04,11112.0,1403.2113773334966,7.9189779811477745
unitedstatesofindia,1sscfdl,Bootlicking of Politicians needs to be stopped and their careless behaviour need,1646,0.98,82,1776836227.0,playboy787,,,
unitedstatesofindia,1scz16v,"""Jaipur Residents Challenge BJP MLA to Drink 'Clean' Water He Defended-Leader Re",1512,0.99,32,1775380434.0,littleArtsy,41293.0,68.44260906452658,603.3229966594294
unitedstatesofindia,1skynct,Kejriwal Accuses Justice Swarna Kanta Sharma Of Bias,1498,0.99,78,1776141703.0,littleArtsy,41293.0,68.44260906452658,603.3229966594294
unitedstatesofindia,1ste4bp,Wtf is happening to our country,1420,0.96,173,1776937688.0,Hopeful_Panda_6833,4144.0,1507.2647713018403,2.749351062203082
unitedstatesofindia,1sd70z5,"Mob Justice Is Not Anger, It’s Administrative Breakdown",1340,0.97,100,1775404172.0,Oppyhead,347039.0,607.1062091011333,571.6281513803285
unitedstatesofindia,1spgzpi,"The greatest speaker, india ever had, in his 30 minute speech!!",1334,0.98,70,1776566958.0,Acceptable_Unit_9610,5200.0,294.082926605904,17.682087362278057
unitedstatesofindia,1shgbe0,"Woman praised, called ""a man""—Two women, two ways of how they view it",1328,0.98,93,1775808592.0,Mirror-On-The-Wall,192203.0,2334.178643679514,82.34288344658067
unitedstatesofindia,1swybmu,UNO Reverse—RSS stooge Justice Swarnakanta Sharma had refused to recuse herself ,1321,0.96,98,1777280991.0,Mirror-On-The-Wall,192203.0,2334.178643679514,82.34288344658067
unitedstatesofindia,1sqhl8t,Are we for real?,1321,0.97,71,1776667529.0,shashanksati,15288.0,1802.924669027883,8.479555614624276
unitedstatesofindia,1si9ww2,ELECTION FRAUD—Locals show a sudden surge in hundreds of Bihar registered busses,1317,0.98,76,1775883994.0,Mirror-On-The-Wall,192203.0,2334.178643679514,82.34288344658067
unitedstatesofindia,1scb69r,Modi spends ₹1.5 crore every single day for promotion,1281,0.98,48,1775314180.0,malayali-minds,128899.0,487.56487433071766,264.37302354264176
unitedstatesofindia,1siq2e4,My man Kamra got that spine,1266,0.96,26,1775930374.0,shashanksati,15288.0,1802.924669027883,8.479555614624276
unitedstatesofindia,1shd93b,2 Indias in 1 Frame,1248,0.98,44,1775797978.0,Yournewbestfriend_01,219719.0,1150.5088205184732,190.97550238770384
unitedstatesofindia,1sqvxrl,"how do we call it a part of our nation, but treat it worse than our enemies",1247,0.99,22,1776705740.0,shashanksati,15288.0,1802.924669027883,8.479555614624276
unitedstatesofindia,1sgqy3f,"In UP's Hathras, journalist identified as Ved Prakash found dead in a sewer. Alm",1235,1.0,38,1775744336.0,littleArtsy,41293.0,68.44260906452658,603.3229966594294
unitedstatesofindia,1t0tcq8,Manipur folks with a unique protest.,1223,0.99,18,1777641827.0,illuminandicomrade,5312.0,38.32525026828603,138.60313925714024
unitedstatesofindia,1sui57g,Founder &amp; Chancellor of Lovely Professional University,1214,0.99,22,1777042718.0,ciao-adios,147552.0,189.09891924704942,780.2900227432278
unitedstatesofindia,1t1rqvv,"This is what Ashok Mochi, the poster boy of the 2002 Gujarat riot said...",1211,0.97,45,1777732891.0,littleArtsy,41293.0,68.44260906452658,603.3229966594294
unitedstatesofindia,1sij9t1,"ANI's Smita Prakash , a popular BJp dalal , had gone to Miranda college of Delhi",1173,0.96,92,1775914480.0,sidmis,228389.0,2379.9989306507646,95.9618078221369
unitedstatesofindia,1sy7al7,"Taiwan is begging for workers and 40,000 of its citizens just signed a petition ",1171,0.95,186,1777395621.0,malayali-minds,128899.0,487.56487433071766,264.37302354264176
unitedstatesofindia,1sgiyj1,"One full tanker milk ""Offered"" to Narmada river.",1148,0.95,185,1775720315.0,No-Assignment7129,233702.0,2065.2988200198142,113.15650681374906
unitedstatesofindia,1t1fcae,LSG cheerleaders perform inside nets after fans throw money with contact numbers,1147,0.98,96,1777694760.0,littleArtsy,41293.0,68.44260906452658,603.3229966594294
unitedstatesofindia,1sum3vm,"Rs 54,282 cr unaccounted under BJP rule: CAG report",1145,0.98,55,1777051238.0,TheBlockChainVillage,20034.0,1786.292061379883,11.215411204662715
indiaspeaks,1sk4hzw,IT department head in TCS,3890,0.99,53,1776067912.0,God_Emperor__Doom,143645.0,59.675452368667834,2407.1036632043993
indiaspeaks,1si8lgh,Civic sense of Indian people; expectations from government,3168,0.96,132,1775879954.0,[deleted],,,
indiaspeaks,1sepwxg,Delivery Platforms should boycott this residential society.,3064,0.98,112,1775549785.0,Low-Hedgehog-2607,25102.0,587.2219641912149,42.74703865100341
indiaspeaks,1scylih,Please wear a helmet 🙏🏽,2952,0.99,47,1775378762.0,Typical_Spray928,14714.0,771.9763914518169,19.060168371636504
indiaspeaks,1sk2w3d,Joining kit sent by TCS,2889,0.96,64,1776062214.0,God_Emperor__Doom,143645.0,59.675452368667834,2407.1036632043993
indiaspeaks,1sfn7qx,To all the people who say kashmiri pandit genocide is a propaganda❤️‍🩹,2513,0.98,83,1775637879.0,Fun_Document_1991,22098.0,113.92363726105403,193.97203715821342
indiaspeaks,1sxt2a2,"Zaib Zuber Ansari (31), who had returned from the USA, asked the 2 security guar",2408,0.98,119,1777356905.0,ciao-adios,147552.0,189.09891924704942,780.2900227432278
indiaspeaks,1siek0c,A 20-year old Indian boy Ayush Shetty Beats WR7 and Li Shi Feng at Badminton Asi,2199,0.99,35,1775900148.0,[deleted],,,
indiaspeaks,1svzzng,"India Know Your Heroes. Braveheart Tahir Fazal Chaudhary. Also known as""Bahadur-",2152,0.98,44,1777185620.0,Electronic_Cause_796,160337.0,363.09116846300935,441.5888182538779
indiaspeaks,1su8t94,🎥🇮🇷 Iran consulate in Mumbai takes a jab at Trump over ‘Hellhole’ remark with vi,2046,0.99,46,1777015935.0,Syed__Sahab__,112290.0,74.19634263653998,1513.4169153062778
indiaspeaks,1sohne6,"Rajasthan SDM ‘caught taking Rs 60,000 bribe’ once promised ‘positive change in ",2047,0.99,126,1776469722.0,Upstairs-Bit6897,433029.0,538.1361727842358,804.6829443922585
indiaspeaks,1sls2l7,Dhurandhar in Nashik Police,1861,0.96,77,1776216961.0,UnderstandingWild134,12396.0,167.3408998458667,74.0763316763423
indiaspeaks,1sp1gzu,"'Women's Power Bill could not pass in Parliament, I apologize to all mothers and",1761,0.83,383,1776527975.0,SatoruGojo232,2417547.0,830.6980543607998,2910.2596151621406
indiaspeaks,1ssaiqc,India will never bow to any form of terror: PM Modi on Pahalgam attack anniversa,1746,0.97,50,1776830353.0,SatoruGojo232,2417547.0,830.6980543607998,2910.2596151621406
indiaspeaks,1shi8r1,the National Commission for Scheduled Tribe determined that Monalisa was born on,1654,0.99,84,1775815482.0,Atomsmasher_kal,48690.0,1729.050641537477,28.15996179076901
indiaspeaks,1smzge4,"Another case in tcs, Chennai",1639,0.98,65,1776334904.0,Altruistic-Berry8462,38260.0,1195.5222873731261,32.002749262054486
indiaspeaks,1shq7km,This is embarassing. A German guy was just praising Indian hospital services for,1634,0.97,161,1775835781.0,God_Emperor__Doom,143645.0,59.675452368667834,2407.1036632043993
indiaspeaks,1se4xj7,9 Policemen Given Capital Punishment in Father–Son Custodial Case,1617,0.99,53,1775495423.0,imfrom_mars_,834019.0,330.71131580998775,2521.894353561191
indiaspeaks,1t1rd2f,Mumbai Pune connecting link.,1605,0.99,38,1777731985.0,roytrivia_93,77786.0,3423.2049812917026,22.72314992094001
indiaspeaks,1ssfjpw,While all of India was mourning the loss of 26 innocent lives in the Pahalgam At,1587,0.98,40,1776846979.0,Electronic_Cause_796,160337.0,363.09116846300935,441.5888182538779
indiaspeaks,1sw93q5,Bombs recovered from TMC worker house.,1584,0.98,38,1777213917.0,Atomsmasher_kal,48690.0,1729.050641537477,28.15996179076901
indiaspeaks,1syryla,EVM button for BJP candidates blocked with tapes in several pooling booths in We,1557,0.98,47,1777448449.0,GiveMeSomeSunshine3,1699863.0,415.1911416986695,4094.1697191451594
indiaspeaks,1srsd9e,"Mumbai: Traffic affected during protest, confrontation with protesters caught on",1545,0.97,128,1776788008.0,jack_1760,19815.0,1678.6227150110403,11.804320186308022
indiaspeaks,1sl6hct,Training Manager at TCS Nashik,1512,0.98,32,1776167691.0,imfrom_mars_,834019.0,330.71131580998775,2521.894353561191
indiaspeaks,1t2awpl,When will we start taking men's mental health and domestic harassment seriously?,1503,0.98,62,1777780901.0,EkantVairagi,130026.0,19.722835077535773,6592.662742898412
indiaspeaks,1syptir,"Man takes sister’s skeletal remains to Odisha bank to prove her death, all for R",1451,0.98,80,1777441341.0,ic_97,140015.0,3599.1001989438414,38.90277910047836
indiaspeaks,1sj5qu4,‘Vande Mataram’ row in Indore civic body: Congress councillor refuses to sing Va,1422,0.96,120,1775971873.0,SatoruGojo232,2417547.0,830.6980543607998,2910.2596151621406
indiaspeaks,1seng7r,"Miss India Earth Sayali, who reconverted to Hinduism, goes missing",1420,0.99,62,1775541016.0,AppolloAlphaa,33719.0,596.1936130263546,56.55713054160052
indiaspeaks,1svvw0m,Groom Side Are Rejecting Girls Because She Doesn't Want To Work After Marriage,1406,0.96,178,1777172761.0,ClientRelevant5046,81178.0,606.17816701551,133.91772323255407
indiaspeaks,1szqwx4,Why can't we keep any places clean,1403,0.99,44,1777540603.0,MovieMate7,10392.0,802.6104849520023,12.947750116448407
teenindia,1snu16j,India is way hotter than Africa,6267,0.97,476,1776411304.0,BenjaRiders2026,4357.0,702.0785317160659,6.205858466217928
teenindia,1sjdc2k,My teacher asked me to go for a movie with her🙀😭🙏🏻,6103,0.9,1780,1775997238.0,No_Falcon_9178,3701.0,772.3145096076611,4.7920891734639595
teenindia,1scaeww,Crush started crying after i proposed to her,5693,0.97,666,1775312279.0,BottleQuiet4862,10863.0,105.14942050244245,103.31012713234753
teenindia,1ssigbd,"Creepy expirience, kya Maine Sahi Kiya?",5354,0.96,800,1776856555.0,Embarrassed-Wolf-700,2881.0,539.4212568288186,5.340909286625062
teenindia,1sovd1c,You paid extra for a window seat… and got a live horror show 💀✈️,4727,0.98,259,1776512468.0,kakarotx1,4384.0,730.2196274225801,6.003673190042819
teenindia,1sgvzxv,"I DON'T HAVE ANY WORDS, HOLY F MOLY😭😭😭😭😭😭😭😭😭",4354,0.94,1540,1775755169.0,akash_xv,11286.0,909.0485800950119,12.415178074223943
teenindia,1swf0l0,"This is our gift to the next generation, and sad part is that climate change isn",3950,0.93,298,1777227215.0,vishal55282,,,
teenindia,1szny2i,Car flies off hilly road in Himachal after tyre burst💔,3818,0.98,331,1777530281.0,SubjectRice9419,2646.0,29.423070172038344,89.92943239875001
teenindia,1st6h4e,Sir ka ghee khatam,3687,0.99,203,1776912799.0,Nice_cube17,2933.0,36.43081286005676,80.50877182638385
teenindia,1slx4fp,ITS KINDA SAD IDK WHY,3667,0.99,141,1776231537.0,Different-One2238,1327.0,477.01859731496484,2.7818621904248553
teenindia,1sqnroo,Toxic parenting of Indian parents,3547,0.97,1217,1776687837.0,Live-Window2010,1695.0,270.05650582119273,6.276464234200962
teenindia,1syzay1,I fucked up big time in my mom's phone,3323,0.97,343,1777470397.0,bigwayush,9119.0,1156.0141709619209,7.888311604702967
teenindia,1sz5g29,Is this true gng?,3237,0.95,244,1777483542.0,i_hate_bharat,5094.0,206.06510494577665,24.720342638024132
teenindia,1so04u6,Proof of my brother's intelligence,3082,0.99,308,1776430433.0,randomguy-06,2609.0,182.98482039383165,14.258013284297261
teenindia,1sufqid,Any dudes having this exact issue when it comes to puberty?,3079,0.99,361,1777037179.0,lowiqscroller,3304.0,97.2371264426493,33.97879103254566
teenindia,1t1r5m4,Alert message from mother ji 😭🙏🏻,2745,0.98,176,1777731478.0,shakyspearee,55366.0,218.9388641606354,252.88338008083377
teenindia,1suartl,Point to point vlogging,2730,0.99,111,1777022929.0,pulloffmydihh,4626.0,31.336738565925646,147.62225463469682
teenindia,1ssiqu1,Bargained it from 13k to 5.5k!!,2618,0.98,598,1776857406.0,catalyst_core,1908.0,31.989707303703934,59.64418435860718
teenindia,1sw0g3v,The girl I liked for so long finally likes me back but I don’t want her anymore,2500,0.95,393,1777187119.0,WrongOwl45,4597.0,211.4679147716308,21.738522389859515
teenindia,1slccoa,Cartoon character who scared you most in your childhood mine 'rangda ',2469,0.99,682,1776181262.0,TennisFine2776,3007.0,281.5830317672342,10.678910519315968
teenindia,1t1nb87,So… I had my first kiss today.,2319,0.95,153,1777721275.0,Stunning_Pea886,1394.0,673.6091463384142,2.069449335089148
teenindia,1sqfxga,Finally ended my 3-year LDR after catching her in 4K.,2262,0.98,271,1776662035.0,Famous_Zebra_7152,3322.0,124.62168904451309,26.656676100846532
teenindia,1synywz,who even uses this app in big 26,2201,0.98,173,1777435628.0,TrifleActual8966,1692.0,45.49376785019758,37.191907374465835
teenindia,1spnduz,My hand got stuck in this glass honey bottle what should i do 😭😭😭😭😭😭😭😭😭😭,2172,0.93,1170,1776587684.0,Safe-Presence7,2846.0,221.7316605065984,12.835334356391146
teenindia,1setvgz,I (16M) drew this and took it to school and then got scolded by my teachers that,2142,0.98,298,1775563106.0,NeighborhoodSad5291,1511.0,697.2316869898609,2.1671418958644844
teenindia,1smsb84,I just turned 18 and none of my friends remembers my birthday.,1994,0.98,1395,1776310908.0,Street_Buddy6875,1368.0,159.34672901185297,8.585052284934205
teenindia,1sy2uet,"Why are the ""uniforms"" in india not actually uniform?",1945,0.95,632,1777386076.0,ayooo_sms,2172.0,1065.1378739808556,2.039172630189506
teenindia,1sghoq1,why my mom is like this,1933,0.99,157,1775715803.0,DiskAsleep9525,1468.0,1257.3569615253696,1.167528430605011
teenindia,1sc2c8j,Any guy else who's short? I'm 5'5 only😭 What's your height?,1839,0.98,658,1775285903.0,Ill_Grass_4811,5929.0,51.473792910103995,115.18482833302484
teenindia,1suk5r5,"My Goat died two days ago what a great show it was ""Storage Wars""",1717,0.99,147,1777047046.0,6ix9ineisGoat,4928.0,1523.197384152142,3.2352996737471913
indiasocial,1suzmq4,A batman painting I did,9421,0.97,713,1777084057.0,vidhikaroy,94027.0,449.14024947127257,209.3488617657591
indiasocial,1swsh35,Travelled in my Ambassador Car from Kanyakumari to Kashmir,9054,0.98,466,1777261457.0,MadrasThorn,9439.0,34.00622346535877,277.56684036424264
indiasocial,1sd16oa,My friend brought his dog to my house…worst mistake of his life.,6966,0.98,338,1775388334.0,Bugskabunny,10645.0,361.2192587191087,29.469635804434677
indiasocial,1sxt8g1,"Sorry ladies for making fun of you for doing this in summers, I was not aware of",6336,0.97,316,1777357472.0,ryukendo_144,7326.0,1132.6090339885072,6.468251426709297
indiasocial,1sslf1l,Idk what else to say 😭😭,6048,0.95,385,1776864231.0,Skythrill18,3791.0,56.29120903568411,67.34621737466698
indiasocial,1szklvc,Why do pigeon don't even try building a nest?,5888,0.98,341,1777519842.0,StewartLittle_7030,5220.0,275.9961156549526,18.913309658770665
indiasocial,1swv2yl,"This is Pokhara, Nepal, just 180 km from India. The current temperature is 23°C ",5880,0.96,208,1777269625.0,Initial-Shoulder5906,107275.0,1337.381362345903,80.21272242932169
indiasocial,1sdrk86,Do we need new strict law again against plant thefts,5309,0.97,431,1775458711.0,Own-Coat7436,,,
indiasocial,1sphsdg,"Feel the aura, it’s unmatchable.",4840,0.96,61,1776569273.0,God_Emperor__Doom,143645.0,59.675452368667834,2407.1036632043993
indiasocial,1sn1xzv,How many of you have done this.,4824,0.99,114,1776342142.0,Wise-Formal494,,,
indiasocial,1srd54h,this is how silk is made,4756,0.97,518,1776745103.0,ObviousBody3053,,,
indiasocial,1sot9az,Can't even deny 😭🙏🏻,4359,0.96,99,1776505534.0,lmfaooomf,,,
indiasocial,1sjjz7l,We dont rent to bachelors/students because.........,4042,0.89,500,1776013183.0,Ecstatic_Writer5021,,,
indiasocial,1sfy8ua,And here they even refuse sick leaves,3313,0.99,44,1775666600.0,ciao-adios,147552.0,189.09891924704942,780.2900227432278
indiasocial,1t0qo5d,King Dogesh is arriving,3304,0.99,47,1777634785.0,godfather_wanderlust,,,
indiasocial,1su5bsf,From software job to rooftop ganja farming,3147,0.98,183,1777004562.0,Distinct-Let6921,,,
indiasocial,1smyzwh,Indian moms 💯,3091,0.98,43,1776333375.0,GearOutrageous6712,1626.0,886.2197491709143,1.8347593827842055
indiasocial,1si9m34,Platypus?perry the Platypus????,3002,0.99,33,1775883059.0,West_Future326,153646.0,2006.6287945960407,76.56921918681569
indiasocial,1sv8opx,We are so cooked,2918,0.97,159,1777113461.0,CalendarPretend2377,5442.0,133.7763289804867,40.679842551172094
indiasocial,1swvyx7,It’s 2026 bro. Stopppp,2894,0.95,542,1777272601.0,DARK_SPIRIT467,5544.0,1373.6565723557412,4.035943271098949
indiasocial,1ss9i8q,"Stood up for myself, should I call out my mom?",2835,0.99,342,1776827494.0,Competitive-Sir-6404,2115.0,357.5387934473736,5.915442012899527
indiasocial,1sc96g4,Delhi police btw 😭😭😭,2831,0.98,161,1775309062.0,sapta_cr7,8729.0,801.3436323087496,10.892954842419966
indiasocial,1smbbud,It started on reddit and now I can't imagine life without him🧿,2817,0.88,888,1776271028.0,almondkulfi,11627.0,786.2427953399083,14.788052836749262
indiasocial,1sdsva6,Which Indian movie traumatised you after you finished watching it? I will start,2651,0.98,722,1775463471.0,Street_Bed_1393,9682.0,1834.4256195959504,5.277946348204924
indiasocial,1suzsdn,Saw this linkedin post about a hotel in Patna,2579,0.99,64,1777084490.0,ChemicalCity2933,25857.0,738.1516495955211,35.029387273155386
indiasocial,1t10jnq,Hairline really decides your entire personality..,2577,0.97,122,1777657654.0,Separate_Hospital701,2075.0,1564.0083603760877,1.3267192507212924
indiasocial,1sx4n3p,I mean Seriously??,2498,0.97,210,1777298603.0,pixworm,16682.0,1105.9590012933231,15.083741784724252
indiasocial,1t1oq5n,Rich Dogesh,2490,0.99,26,1777725403.0,godfather_wanderlust,,,
indiasocial,1swd2zq,"Today, 7 years back.",2446,0.99,74,1777222921.0,-asimpleboy,31487.0,145.51572277515024,216.38211596319022
indiasocial,1sroj6i,Dhurandhar will surpass Bahubali tomorrow,2321,0.92,212,1776780023.0,Senior-Mix-3715,183964.0,275.5205262664457,667.6961694755738
