account,reason
1more7,suspended
Abyxrss,not_found
AckermanEren73,suspended
AdhesivenessWhole181,not_found
Admirable-Ticket3584,not_found
Adorable-Pie7403,not_found
Adorable_Airline_656,not_found
Afraid-Start-6906,not_found
AgeUnusual8553,suspended
Aggressive-Office301,not_found
Alert-Helicopter5072,not_found
Another_Guy_123,not_found
Any-Organization8541,not_found
Apprehensive-Leg8938,not_found
Appropriate-Cup-7225,suspended
Appropriate_Net594,not_found
Ashamed_Fox_9923,suspended
Atomsmasher_kal,suspended
Automatic-Funny-8842,not_found
Aware-Adman,not_found
Awkward_Way_3327,not_found
Bathakkaaa,not_found
BigGuy300000,not_found
Big_Tank8302,suspended
Bigusdickus_7,suspended
Broad_Result_6326,not_found
CandyInitial1963,not_found
Cant_Anything,not_found
Chance-Influence9778,not_found
Cheap-Comfort4669,not_found
CheesecakeSimilar347,not_found
CherryLipTwink,not_found
CityDazzling1937,not_found
Classic_Plantain2109,not_found
Conscious_Half6283,suspended
Constant-Recipe-9850,suspended
ConstructionBulky319,not_found
Content_Associate_76,not_found
ContextNo102,not_found
Cool-Ad-8804,not_found
Cool_Tea_5501,not_found
CozyAbode,not_found
CriticalStudio5800,suspended
CupPuzzleheaded5343,not_found
Curious-Preference25,not_found
Cursed_by_destiny,not_found
DevelopmentLimp8578,not_found
DifferentIssue1,not_found
Difficult-Piano-178,not_found
Diligent_Frosting_32,not_found
DimensionSuitable919,not_found
Dirt_to_stardust,not_found
Disastrous-Fix-5849,not_found
Disastrous_Citron911,not_found
DisciplineClear5761,suspended
DismalRoom4,not_found
DropOk7005,not_found
Due-Promotion6206,suspended
Educational_Gap_4441,not_found
Effective_Tour6961,not_found
ElectronicLab62,suspended
Embarrassed_Rip5194,not_found
Enough-Performer4607,not_found
Ensurekar,not_found
Entire_Feature_446,not_found
EntrepreneurReal1199,not_found
Equivalent_Crab_5461,not_found
ExcitingLadder9689,suspended
Fair_Amount5400,not_found
Fast-Competition8607,suspended
FewEntertainment8721,not_found
Fine-Group845,not_found
Fine-Sand-8806,not_found
Fit-Cut9104,not_found
Fit-Paramedic-3047,suspended
Flimsy-Report5949,suspended
Former_Guarantee_794,not_found
FrequentWeakness6900,not_found
Full_Nature_1091,not_found
GanjaGlobal,not_found
GoldenMoon_04,suspended
Great_Dimension_9866,not_found
Guren_Jasiha,not_found
Gyamerz,not_found
Haarrruuu,not_found
Head-Ice6889,not_found
Head_Consequence_870,not_found
Hefty-Individual6198,not_found
Hot-Lawfulness-5192,not_found
Human_Broccoli_9522,not_found
HumbleSandwich5467,not_found
IAmAllThis,not_found
IREDA1000,not_found
Ill-Focus-5215,not_found
Ill_Zookeepergame_77,suspended
Illustrious_Mix4946,suspended
Illustrious_Salt_564,not_found
Imaginary_Fudge8119,suspended
Impressive_Band_7585,not_found
Impressive_Pick_4742,not_found
Imvu_credits_seller,not_found
IndianLucifer666,not_found
Individual-Regret-33,suspended
IndividualAge715,suspended
Inside_One_9147,not_found
Intelligent-Pin4050,suspended
Intelligent_Green633,not_found
Interesting-Take781,not_found
Intrepid_Pride_9969,not_found
Itz_fat-batman,not_found
JShearar13,not_found
Jazzlike_Stable6491,suspended
Jerry-Ahlawat,not_found
KingJohn911,not_found
KitchenWolverine8695,suspended
LOfP,not_found
LargrFries43,not_found
LateAgain___,suspended
Lazy-One-1187,suspended
Least_Narwhal_9711,not_found
Less_Juggernaut2950,not_found
LocalDurian7120,not_found
MIKASAoo7,not_found
Madara_X_Uchiha,not_found
Maitrik_Kagda,not_found
MajesticAd5047,suspended
Major_Garden_8719,not_found
Margielamongos,not_found
Medical-Gap-1367,suspended
Midoriya_izuku_Ultra,suspended
Minimum_Garlic_5437,not_found
Mission-Marsupial191,not_found
Monika_Awasthi,not_found
More-Possibility65,not_found
MousseProud9172,suspended
MujkoYaadSatayeTeri,not_found
Mysterious-Stay-3393,not_found
Mysterious-Web-7690,not_found
Mzoconu,not_found
Natural_Spray_5503,not_found
Nervous-Bat5772,not_found
NewBox337,not_found
No-Chef-7654,suspended
NoSpinach1082,not_found
NoSwordfish3809,suspended
NoVisual1030,not_found
Nobita_kothari,not_found
Novel-Following-937,not_found
Numerous-Ad1097,not_found
Numerous-Trust7439,not_found
OddEnd1850,not_found
Ok-Energy669,not_found
Ok-Home9841,not_found
Ok-Might-8839,not_found
Ok_Constant_8405,not_found
Ok_Pudding8840,not_found
One-Imagination-3098,not_found
One-Seaworthiness508,suspended
Opposite_Antelope804,not_found
Optimal-Web-,not_found
Optimal_Life6803,not_found
Over-Conference-8714,not_found
Own-Quality-8759,not_found
PageEarly1231,not_found
PainNo3217,not_found
PawPawNeWaarKarwaDee,suspended
Pea_paw098,suspended
PentesterTechno,not_found
PhaseDramatic6137,not_found
Pleasant-Direction-4,not_found
PointySalt,suspended
Practical_Dig8735,not_found
Professional-Age1964,not_found
PsychologicalFilm460,not_found
PureConstruction7286,suspended
Putrid_Push7999,suspended
Quick_Eye_6585,not_found
RaiseTemporary636,not_found
Rarararararrararar,not_found
Relative-Cry8179,not_found
Right_Apartment3673,not_found
Rohi1227,not_found
Ronit_865,not_found
Royal-Junket5226,not_found
Sagacious_07,not_found
SaltWillingness6647,not_found
SapnoKaSenapati,not_found
Savings-Row-1161,not_found
Scared-Money-5540,not_found
Scary-Estimate-8842,suspended
Secret_Cat_823,not_found
Secure-Repair4538,not_found
SelectionCalm70,not_found
Separate_Hospital701,suspended
Serious_Homework_,suspended
Several-Today-473,not_found
Shawon770,not_found
ShockAffectionate226,not_found
Shower_enjoyer_ha,not_found
SignSilly7350,suspended
Signal_Astronomer645,not_found
SmoothLawyer4,not_found
Specific_Direction25,not_found
Standard_Feature_680,not_found
Stifffmeister11,suspended
Still-Voice2605,not_found
Straight_Airline_640,suspended
StudiousDolphin999,suspended
Substantial-Bed-2735,not_found
T3SLX69,not_found
TJ_4321,not_found
TRSxABHINAVOP,suspended
Temporary_Eye1371,not_found
Then-Equivalent4093,not_found
This-You-2737,suspended
Tight_Shelter3501,not_found
Traditional_Pair3105,not_found
Training-Swimmer8159,not_found
Turbulent_Ear_4807,not_found
UnluckyInCaseofTech,not_found
Unlucky_Scale_9483,suspended
Unusual_Marsupial271,not_found
Valuable_Ad_6869,not_found
Visible-Fly2853,not_found
Visual_Temperature71,suspended
VivaLaAnhaa,not_found
VividSet9554,not_found
Weird-Balance-481,not_found
West_Poetry_7183,not_found
Wh1teWalkerr,not_found
Wise-Formal494,not_found
Wonderful_Toe8986,not_found
World_Obliterator,not_found
Zealousideal-Yak1106,not_found
Zestyclose-Tell3201,not_found
Zestyclose_Sink_1062,not_found
_Kissess,not_found
__Pixie___,suspended
_the_morningstar__,not_found
a-cuteboy,not_found
abhi8149,suspended
abhunia,not_found
adityak469,suspended
ash-andvibes,not_found
assasin_234,suspended
audhd_girlie,suspended
barbaadiMe,not_found
beingthecherrytree,not_found
blehhhkiki,not_found
blood_clot_,not_found
bollyeggs,not_found
boowesh,suspended
burplesscucumber,not_found
callLx,not_found
chala_toh_chaand_tak,not_found
chandel_345,not_found
charming_charu_latha,not_found
consciousgrowth101,suspended
d1apol1cal,not_found
deathbed326,not_found
dishayvelled,suspended
dolll-eyes,suspended
dopaminedune,not_found
drox9,not_found
dud3_mclovin,not_found
dushyants2809,not_found
eatplayfuckrepeat12,not_found
eepanpappachi,not_found
elliyu_salladavanu,not_found
enlightenedshubham,not_found
fatboy_was_slim,suspended
fivio4in,not_found
flubbergrubbery,not_found
fredwhoisflatulent,suspended
fucked600times,not_found
googologies,not_found
gori_sanatani,not_found
grimreap13,suspended
gurningwanker,not_found
hmmmmmmmm12345678,not_found
ieatbiriyani,not_found
ikartikeya,not_found
isaac2988,not_found
jazzbluesbar,not_found
kalanerd,not_found
kalinooni,suspended
kamruddinn,suspended
knight_walkerz,not_found
kolinfo,suspended
lalmirchii,not_found
lonelypanther69,suspended
luciddreamingagain,not_found
m4jorminor,not_found
makeme_funx,not_found
mnemonade,not_found
mohitman1,not_found
msd_5878,not_found
nathomredit,not_found
naya_abby,not_found
neo_00_9,suspended
ninkaasiii,not_found
onlyrightt,not_found
polytonous_man,not_found
prince_op_238,not_found
pumpkinpiehoney,not_found
rehavocc,not_found
rk06,suspended
sapta_cr7,suspended
selflessx45,suspended
shanayashar,not_found
sidmis,suspended
six_string_sensei,not_found
sntpcvan_05,not_found
som_201,not_found
somerandomseven,not_found
stingray_545,not_found
sugardaddy_bot,not_found
tararanaway,not_found
that_black_suit_guy,not_found
thats_interesting_23,not_found
thesaturniandusk,not_found
tough-cookie21,not_found
tueursilencieux,suspended
uk4662117,not_found
unknown8327,suspended
v5nx,not_found
vermax69,not_found
vikasinc,not_found
waltermitty221ggn,not_found
wanna_be_gentleman,not_found
whoisvish,not_found
wintwr124,not_found
xidno,suspended
zengoind,not_found
