author,n_comments_fetched,active_span_days,interval_entropy,burstiness,n_gaps,circadian_dead_hours,circadian_entropy,n_unique_subs,subreddit_entropy,sub,incentive_tier,pilot_n_appearances
Comfortable-Fly7479,50,62.95,2.9724606170491215,0.3131,49.0,4.0,4.0712723801129105,30.0,4.355490674142515,ISRO,low,2
Depressedngga,11,1450.1,2.5032583347756456,0.4996,10.0,17.0,2.663532754804255,2.0,0.4394969869215134,ISRO,low,2
AuthorIll8470,50,52.08,2.782650661805678,0.1719,49.0,8.0,3.725295174055975,16.0,3.228434573446724,ISRO,low,8
teahugger,50,9.85,2.6521354433808786,0.145,49.0,6.0,3.978688570451097,26.0,4.300685879853296,ISRO,low,1
rgeek,50,501.13,2.6968422195230444,0.1896,49.0,4.0,4.121076880026372,14.0,2.6268449838450234,ISRO,low,1
Petulant-bro,50,524.16,2.973049116987402,0.5887,49.0,6.0,3.638004614523969,14.0,3.009751544586454,ISRO,low,1
Ok-Society-7386,50,12.99,2.662647522078096,0.1844,49.0,11.0,3.4782426910248465,22.0,4.121076880026372,ISRO,low,2
AdMundane5617,30,647.91,2.5172018025827265,0.5832,29.0,10.0,3.602910079649727,17.0,3.8150610122030697,ISRO,low,4
copenhegan54,50,91.95,3.0836246923214157,0.2022,49.0,10.0,3.4097242517204345,25.0,4.299987201776511,ISRO,low,1
Decronym,50,2.92,2.2551308366635494,0.0782,49.0,3.0,4.231272380112911,11.0,2.6441107529705565,ISRO,low,30
Dr_Prez,50,373.13,2.269773474534131,0.1021,49.0,4.0,4.113269689515108,19.0,2.9700445003405047,ISRO,low,2
spinningweb,50,314.28,2.8579397967325786,0.2115,49.0,9.0,3.3652130019367816,21.0,3.423985122164376,ISRO,low,5
ogogkehtehai,50,25.51,3.0262794862217604,0.2127,49.0,6.0,3.911272380112911,22.0,3.7014678801994494,ISRO,low,2
ryuKEN-19,50,14.46,2.7210271922413134,0.1825,49.0,10.0,3.3190795706241745,13.0,2.991705688822798,ISRO,low,4
unuser11d,50,784.38,2.937238851839319,0.6216,49.0,7.0,3.4585166738834374,9.0,2.5250959846222956,ISRO,low,4
ramanpon,50,611.05,2.7639678370998455,0.5003,49.0,10.0,3.648884070537636,11.0,1.5754312795575993,ISRO,low,4
Kimi_Raikkonen2001,50,227.1,3.015299803493344,0.3724,49.0,8.0,3.6724876891689533,4.0,0.84211674515183,ISRO,low,9
Enough_Image_7548,50,4.07,2.6005184945839344,0.3507,49.0,10.0,3.5705611313197623,17.0,3.554333545923115,ISRO,low,1
rs_bm,50,1058.41,2.869349704144249,0.2763,49.0,7.0,3.8908813799398336,6.0,1.3435674490794935,ISRO,low,1
Dishant2036,50,169.15,3.0017335131083533,0.2951,49.0,10.0,3.655854381449571,17.0,3.2981719394718385,ISRO,low,3
14000605wastaken,3,0.09,-0.0,-0.6997,2.0,21.0,1.584962500721156,1.0,-0.0,ISRO,low,2
yaaro_obba_,50,5.07,2.482911641943757,0.1628,49.0,6.0,3.994946750297236,24.0,4.2113431316659184,ISRO,low,3
Adit_prkk,50,32.39,2.8707949386847575,0.2938,49.0,7.0,3.913786320494366,15.0,3.1541549844498147,ISRO,low,2
Remarkable-Job7351,5,129.78,,-0.408,4.0,19.0,2.321928094887362,4.0,1.9219280948873623,ISRO,low,4
Dineshkrish4,50,91.65,2.6519908615745456,0.1651,49.0,6.0,3.943144940981577,33.0,4.718562939644917,ISRO,low,2
Ok-Fudge670,50,272.08,2.9911734610434846,0.4305,49.0,8.0,3.774177320667444,29.0,4.533340441068117,ISRO,low,2
spaceshipengineer,42,2575.24,2.827819531114783,0.2868,41.0,7.0,3.9098254583385126,15.0,3.1304925821696488,ISRO,low,2
Different_Minute3915,50,389.02,3.0254287448258994,0.4088,49.0,7.0,3.7378516908517687,13.0,3.07572875064339,ISRO,low,2
Asirbachan,50,456.68,2.5621052671295654,0.5751,49.0,6.0,3.765588129810025,14.0,3.1514687624720983,ISRO,low,2
MrJackOfAll,50,483.66,2.5497959313240477,0.0887,49.0,6.0,3.905979129983103,17.0,3.7361746300696415,ISRO,low,2
Friendly_Beach1271,16,104.46,2.918295834054489,0.3707,15.0,14.0,3.125,7.0,2.524397470347699,ISRO,low,2
Rajasree_27,50,20.76,2.1434323048896826,0.6674,49.0,17.0,2.397481874886749,10.0,1.9965656302427188,ISRO,low,2
Feeling-Attempt7962,50,94.27,2.7984755919014033,0.2843,49.0,6.0,3.951789011092169,21.0,3.5039233236630705,ISRO,low,2
nobodyy7777,27,1143.01,2.83256087505669,0.6378,26.0,11.0,3.531941205546659,3.0,1.1749946599731704,ISRO,low,2
Akshat_2307,50,15.48,2.8938259148814933,0.307,49.0,11.0,3.4248220017637045,18.0,3.7064957609623606,ISRO,low,2
BlackPhoenixX20,50,4.05,2.5795636873573935,0.4246,49.0,9.0,3.598759322004104,20.0,4.038242691024847,ISRO,low,1
kkkazehaya,11,1.31,2.3709505944546683,0.3127,10.0,17.0,2.663532754804255,5.0,2.1180782093497093,ISRO,low,2
xesone,50,1025.65,2.580462199727102,0.1587,49.0,9.0,3.5683674395583775,14.0,2.0643814577244934,ISRO,low,2
Tiny_Bad_1926,50,1.98,2.7491439186298137,0.4163,49.0,12.0,3.1974879835447108,6.0,0.9792118045972968,ISRO,low,2
ImportanceReal9271,11,483.15,0.9182958340544896,0.0269,10.0,15.0,3.095795255000934,2.0,0.4394969869215134,ISRO,low,4
Street_Strawberry739,50,47.54,3.0694402427169045,0.5383,49.0,10.0,3.224446873890461,9.0,2.6696746843754853,ISRO,low,4
RemindMeBot,50,0.02,1.7571211246656475,0.0411,49.0,23.0,-0.0,21.0,2.699721832409613,ISRO,low,2
JustGulabjamun,50,5.08,2.636172356317776,0.386,49.0,11.0,3.3288840705376352,9.0,2.210707863185276,ISRO,low,2
MidnightFamiliar2948,50,407.15,2.4806409835272816,0.2052,49.0,6.0,3.8679764393853002,30.0,4.606370130156182,ISRO,low,2
alpha_joker_1994,9,709.08,1.0,0.1238,8.0,18.0,2.503258334775646,8.0,2.94770277922009,ISRO,low,2
GoatSensitive1695,50,427.95,2.87629332198529,0.4228,49.0,7.0,3.7839818205809053,12.0,2.5627751250165565,ISRO,low,2
Terror404_Found,50,11.56,2.8868577436509617,0.2754,49.0,12.0,2.8375988922012354,6.0,2.2605038327557683,ISRO,low,2
Dependent_Ship324,1,,,,,,,,,ISRO,low,2
EigenGauss,50,114.13,2.8392987398127767,0.4148,49.0,11.0,3.3977809392987615,12.0,2.92902557364365,ISRO,low,8
Heewhorules,50,13.71,3.0788967137370244,0.3696,49.0,8.0,3.6619845111787077,10.0,2.6097693654723426,ISRO,low,2
princebhatpuriya,50,32.15,3.056708437459817,0.2417,49.0,8.0,3.6664408817091876,7.0,1.9879042733828598,ISRO,low,2
SoloLeveller07,50,38.91,3.0196380992974228,0.2728,49.0,8.0,3.5416642625586374,14.0,2.9718597626451757,ISRO,low,2
No-AI-Comment,50,6.74,2.6471181249049733,0.178,49.0,8.0,3.5778516908517695,31.0,4.6634651896016495,ISRO,low,2
polydomino,50,6.77,3.0323801771208423,0.3463,49.0,9.0,3.4712723801129104,10.0,2.37625401859316,ISRO,low,2
Own-Cauliflower6778,50,20.81,3.0413864191699425,0.313,49.0,8.0,3.681076880026372,17.0,3.248188694044322,ISRO,low,2
I-will-rule,50,18.31,2.845271307446742,0.2775,49.0,12.0,3.2832978646537767,9.0,2.5943062530570953,ISRO,low,2
Dramatic_Yam8355,50,52.01,2.9506818345987718,0.4136,49.0,9.0,3.6651971296369474,16.0,3.247255425090887,ISRO,low,6
shirisha_1989,3,130.63,,-0.8961,2.0,21.0,1.584962500721156,2.0,0.9182958340544896,ISRO,low,2
CosmicPenguin_OV103,50,60.72,2.96137783455715,0.2067,49.0,7.0,3.855337750470313,9.0,2.034034403111997,ISRO,low,1
Itchy_witchy_2k7,50,1.58,2.2492057555149825,0.5027,49.0,15.0,2.533763984276738,12.0,2.701526061036093,ISRO,low,3
TattaChamakRahaHai,50,27.83,3.068122012314987,0.468,49.0,8.0,3.5901974240127057,24.0,4.183465189601647,ISRO,low,1
Tirtha_Chkrbrti,50,776.34,2.845032504410935,0.2652,49.0,6.0,4.0063701301561805,6.0,1.3007332600779677,ISRO,low,2
vitrum_analytika,50,0.8,2.1804697237955812,0.5468,49.0,15.0,2.874248072220451,18.0,3.4096693724672615,ISRO,low,1
ModeTurbulent4582,3,9.28,1.0,-0.5658,2.0,21.0,1.584962500721156,1.0,-0.0,ISRO,low,5
Dry_Lack_2262,50,10.65,2.8191200616308905,0.4797,49.0,13.0,3.1700993795936783,11.0,2.904822001763704,ISRO,low,2
Trivikrama_0,50,21.89,2.722738478753688,0.1699,49.0,7.0,3.9190795706241746,17.0,3.308438191111385,ISRO,low,2
PinkyPromiser67,50,49.61,2.790290398429345,0.1942,49.0,7.0,3.6455332505568516,22.0,3.5896437346661614,ISRO,low,2
turnedonmosfet,50,131.92,3.002036284708304,0.5264,49.0,8.0,3.821984511178708,11.0,2.8836762941104914,ISRO,low,2
Own_Minimum7243,2,,,,,,,,,ISRO,low,2
frankyyysuperrr,50,21.94,2.8382159181522684,0.4364,49.0,8.0,3.6301974240127057,23.0,4.013102364567239,ISRO,low,2
the_master_chord,50,28.53,2.9546170422098674,0.1472,49.0,9.0,3.6843728207539823,21.0,3.3431998202347497,ISRO,low,2
Aggravating_Beat_768,50,74.92,2.9766437451870926,0.2906,49.0,10.0,3.2981964252633666,22.0,4.161076880026372,ISRO,low,2
Jumpy_Leadership1650,50,24.93,3.1155797257699365,0.352,49.0,12.0,3.182824692361507,18.0,3.5655881298100254,ISRO,low,2
gaganaut06,50,350.41,2.1657181735125097,0.059,49.0,7.0,3.6019992333283644,17.0,2.7811191885631823,ISRO,low,19
Alarmed-Use-9379,50,9.12,2.8194780647630955,0.2423,49.0,9.0,3.5383956146970466,24.0,3.879596201603433,ISRO,low,1
kev1ntayl0r,50,335.67,3.133783409004101,0.3496,49.0,7.0,3.8566912610489,13.0,3.10392332366307,ISRO,low,2
Vildhorn,50,56.19,2.823140204030096,0.1962,49.0,7.0,3.732503561468788,12.0,2.696022027271428,ISRO,low,2
Comfortable-Music1,50,121.36,2.7668070788755523,0.5312,49.0,10.0,3.377851690851769,20.0,3.8830741894285694,ISRO,low,1
North_Struggle_3299,50,32.15,3.018158421773495,0.4013,49.0,11.0,3.4259791299831024,12.0,2.6559092607027446,ISRO,low,2
loyd_water,50,80.22,3.030169865514483,0.1649,49.0,4.0,3.991272380112911,14.0,3.144498451560163,ISRO,low,2
Vegence6996,50,6.26,2.849931796413073,0.3434,49.0,9.0,3.132696642244504,11.0,2.0214678801994497,ISRO,low,2
SignatureKnown6715,21,26.91,2.7709505944546686,0.1246,20.0,18.0,2.2359263506290326,15.0,3.7256507561120924,ISRO,low,4
TheNerdyCroc,50,21.14,2.760746624792124,0.1518,49.0,6.0,3.8888840705376353,34.0,4.908758439731456,ISRO,low,2
mobileusr,50,3.32,2.6501545454228714,0.2244,49.0,8.0,3.6027539408084994,3.0,0.48217919020227284,ISRO,low,4
Any-Profession-5509,50,17.57,2.9156314076145753,0.2449,49.0,7.0,3.7051422503837745,15.0,2.6211191885631817,ISRO,low,7
mudit23june,50,860.07,2.313110579952223,0.5182,49.0,7.0,3.8961746300696416,1.0,-0.0,ISRO,low,2
karan_bigbass,50,12.52,2.7158541566243737,0.5305,49.0,6.0,3.8354085020233204,12.0,3.102308061382248,ISRO,low,1
Kanjilal-SHAR,8,477.47,-0.0,-0.0991,7.0,18.0,2.4056390622295662,1.0,-0.0,ISRO,low,2
Broad-Birthday-1946,50,15.48,2.57487904002233,0.4154,49.0,14.0,2.4656800655710898,13.0,3.0254208048621556,ISRO,low,2
stickfigure,50,86.36,3.180468769841459,0.4527,49.0,6.0,3.903144940981577,17.0,3.5449041738828977,ISRO,low,1
Idea_less_,50,7.1,2.8543347223564046,0.1928,49.0,10.0,3.4827539408084993,19.0,3.5582975702780195,ISRO,low,2
HunterRenegade09,50,18.48,2.874168501192387,0.4442,49.0,5.0,3.973660689688186,14.0,3.5481179424913143,ISRO,low,2
maximus_decimus100,27,354.85,3.0220552088742005,0.6011,26.0,10.0,3.556201280807903,6.0,2.1315941161149343,ISRO,low,2
Xamot113,50,49.87,2.9352578075673086,0.1928,49.0,7.0,3.89998720177651,18.0,3.703981820580905,ISRO,low,2
pranshumaan,50,26.47,2.694105836751854,0.055,49.0,7.0,3.870435500513582,10.0,1.3463137138648344,ISRO,low,1
Undervalued_centrist,22,147.08,1.894273869771264,-0.0191,21.0,10.0,3.6635327548042547,11.0,2.767646120961223,ISRO,low,2
Ancient-Dig-2855,50,17.28,2.9215026848653056,0.3804,49.0,8.0,3.6644984515601635,13.0,2.7164130274445055,ISRO,low,2
UnicornWithTits,50,80.03,2.808261511107636,0.1459,49.0,7.0,3.7990795706241745,21.0,3.8593535534827654,ISRO,low,2
Careful-Plum6202,50,38.16,3.0268066606903905,0.4102,49.0,12.0,3.0505062520665898,17.0,3.5209598627118854,ISRO,low,2
vish_was_raj,50,54.87,2.6628541455649835,0.1772,49.0,5.0,4.005588129810025,25.0,4.1876834836312495,ISRO,low,2
Homelandr,50,12.05,2.6392959948996166,0.3127,49.0,12.0,2.9093332515473573,15.0,2.6015419333359273,ISRO,low,1
SwimmingSky8427,50,304.54,2.884402782604276,0.3882,49.0,8.0,3.7975988922012354,30.0,4.5970822612219795,ISRO,low,2
handmegun,50,18.09,2.898657471012984,0.3037,49.0,8.0,3.6363002608758226,23.0,4.017851690851769,ISRO,low,13
ComfortableCake9828,22,703.0,2.702819531114783,0.3644,21.0,13.0,3.261043983337285,10.0,3.0449127332389447,ISRO,low,2
Momo_Magi,21,12.37,2.933206219346495,0.2357,20.0,13.0,3.27280432733462,5.0,1.0834189322427712,ISRO,low,9
throwaway-cc123,50,84.87,3.1203007814753616,0.2545,49.0,6.0,3.978171939471839,21.0,3.616371012428829,ISRO,low,2
lunafrost07,50,1575.29,2.426819311165902,0.1833,49.0,5.0,4.0231449409815765,23.0,4.058688570451097,ISRO,low,2
Any-Individual5262,50,17.75,2.7805491848020956,0.2524,49.0,8.0,3.7325035614687874,25.0,4.212878689342031,ISRO,low,2
AksharV,50,30.38,2.869968829773218,0.2314,49.0,7.0,3.8664957609623607,21.0,3.99127238011291,ISRO,low,4
DankHeehaw,50,214.74,2.7706202595293563,0.2549,49.0,4.0,4.0279764393852995,21.0,4.0631449409815765,ISRO,low,2
Mr_Noobstar,50,67.43,2.869361175166095,0.0959,49.0,8.0,3.7416642625586376,18.0,3.452503561468787,ISRO,low,2
ERR_CONNECTION_TIMED,50,27.19,2.9120927981296054,0.4694,49.0,7.0,3.705142250383774,21.0,3.704498451560163,ISRO,low,4
AstroPhy25,7,7.06,1.9182958340544896,-0.1081,6.0,18.0,2.5216406363433186,1.0,-0.0,ISRO,low,2
Due-Order5501,50,30.2,2.687323427865737,0.1413,49.0,9.0,3.6538570720473733,18.0,3.5461206330891173,ISRO,low,6
ZealousidealBoss8221,50,177.59,2.8568599886570465,0.396,49.0,8.0,3.635783629896564,16.0,3.119479184288946,ISRO,low,2
Sanddeepp,11,178.03,1.5219280948873621,-0.0003,10.0,15.0,3.0271691184406184,4.0,1.823067982273661,ISRO,low,2
NoCut7204,50,6.36,2.776068643081998,0.3328,49.0,13.0,3.1871944390391453,4.0,1.3725857335879805,ISRO,low,2
theholytinkerer,50,73.0,3.013083930437028,0.1979,49.0,6.0,3.828493070364558,22.0,3.559448234579623,ISRO,low,2
EntertainerOk9959,50,67.82,3.0798378905757917,0.2556,49.0,7.0,3.7892750707107132,19.0,3.0268303448440927,ISRO,low,1
Successful-Cat8608,50,180.29,2.391513764906504,0.0805,49.0,9.0,3.71095213149284,28.0,4.234653794543187,ISRO,low,2
goodwinausten,50,4.91,2.775091909921503,0.2922,49.0,9.0,3.428117942491314,2.0,0.14144054254182067,ISRO,low,1
Zero_sleepying_002,50,27.04,3.0192553157532966,0.3253,49.0,8.0,3.695017501850243,11.0,2.5479764393853004,ISRO,low,2
Visible-Road-8074,50,28.7,3.023942480960282,0.3427,49.0,10.0,3.3641074513870857,22.0,4.008367439558377,ISRO,low,2
ReductionGear,50,78.19,2.8655581315531298,0.3166,49.0,7.0,3.8304355005135826,17.0,3.441999233328364,ISRO,low,2
Next_Tangelo5935,50,588.33,3.2583132039345655,0.2935,49.0,8.0,3.495099673969436,12.0,3.106288278910974,ISRO,low,2
Fine_Ad_9209,50,64.47,2.978494988460617,0.1909,49.0,8.0,3.6847512502106974,26.0,4.471272380112913,ISRO,low,2
Public_External_2661,1,,,,,,,,,ISRO,low,2
Meow8437,19,74.24,2.739572261986723,0.1581,18.0,13.0,3.2866294867861954,6.0,2.1406064599010723,ISRO,low,4
Academic_Bass_5788,50,64.28,2.88523367520253,0.2525,49.0,8.0,3.753269689515108,20.0,3.533660689688186,ISRO,low,2
Gloomy_Purpose_2594,50,5.77,2.5813346646022532,0.5142,49.0,13.0,3.1711050551650413,7.0,2.1226300745476174,ISRO,low,2
Careful-Bug-6754,20,86.25,2.2607845582978525,0.4489,19.0,13.0,3.060964047443681,6.0,1.5567796494470394,ISRO,low,1
AgnivMandal,50,92.62,2.6511104174408935,0.0993,49.0,7.0,3.8782426910248464,14.0,3.3064408817091873,ISRO,low,2
zephyr0110,33,1146.29,2.8096220466514703,0.5168,32.0,9.0,3.602460515556214,2.0,0.19590927087360493,ISRO,low,2
arjun_raf,50,12.75,2.8513232873400653,0.1437,49.0,9.0,3.5479764393853,15.0,3.4751704255224425,ISRO,low,11
Abishek_Muthian,50,62.22,2.865863293796932,0.2566,49.0,11.0,3.082258494037298,33.0,4.751272380112911,ISRO,low,2
berserk210,50,111.96,2.277695300650399,-0.0116,49.0,8.0,3.8211476315793798,17.0,3.3128324235805517,ISRO,low,2
ComprehensiveDuty328,50,37.05,2.9460397819628557,0.5759,49.0,16.0,2.602781233674519,9.0,1.5737629491660325,ISRO,low,2
FocusCool4260,50,111.99,2.926632889127877,0.2853,49.0,9.0,3.7252130019367815,18.0,3.4351704255224433,ISRO,low,2
The_Space_Guy_17,50,82.79,3.053713419755166,0.5128,49.0,7.0,3.8387593220041047,11.0,2.746874190419075,ISRO,low,4
VolggaWax,50,39.08,2.848107337802204,0.1762,49.0,7.0,3.8659791299831032,26.0,4.448367439558378,ISRO,low,2
Ar2_Dee2,11,5.47,2.170950594454669,0.3202,10.0,19.0,1.971747257128181,2.0,0.6840384356390417,ISRO,low,1
Next_Brother_5972,50,5.86,2.940043517054767,0.3068,49.0,13.0,3.2455881298100255,21.0,3.869275070710713,ISRO,low,2
Remote_Community_398,50,29.23,3.0505942250041094,0.2103,49.0,9.0,3.580685879853294,16.0,3.5563002608758225,ISRO,low,2
ApartAssistant4874,47,68.9,3.0281942959663506,0.1363,46.0,10.0,3.525140383906272,18.0,3.2520375860458968,ISRO,low,2
Accomplished-Tie4045,3,10.54,1.0,-0.0001,2.0,22.0,0.9182958340544896,1.0,-0.0,ISRO,low,2
rushan3103,50,6.17,2.6445250297544884,0.1475,49.0,8.0,3.7006310006001213,22.0,4.173340441068116,ISRO,low,1
FluffyLikeABunnnyy,50,93.58,3.1139476925209384,0.3441,49.0,5.0,3.895392629723486,13.0,3.186840495373959,ISRO,low,2
Reelthusiast,50,187.2,2.4865094323850663,0.1631,49.0,9.0,3.615337750470313,8.0,1.86146788019945,ISRO,low,6
spaceTech4kids,50,197.06,2.9094442099812863,0.2877,49.0,11.0,3.3780753660769762,7.0,2.5451971296369478,ISRO,low,4
GroundbreakingSite21,50,497.85,2.6824066102570496,0.3107,49.0,9.0,3.6868867611354386,16.0,3.630952131492841,ISRO,low,2
earthsmight,50,2.25,2.4346559689519145,0.2747,49.0,8.0,3.5044984515601634,14.0,3.0150626156021505,IndiaSpeaks,high,1
BreadfruitThese3361,50,8.79,2.5139797661263077,0.4004,49.0,16.0,2.639458000080889,11.0,2.1315943932782795,IndiaSpeaks,high,3
paneer-roll,50,144.82,2.399003597600084,0.1425,49.0,10.0,3.677598892201235,24.0,4.20307418942857,IndiaSpeaks,high,2
East_Information8423,50,0.11,1.7995061664079248,0.0003,49.0,21.0,1.5775765559836068,15.0,3.272487689168953,IndiaSpeaks,high,2
Striking_Bat_5614,50,52.56,2.954617042209868,0.2869,49.0,6.0,3.812180011265246,27.0,4.431272380112912,IndiaSpeaks,high,4
amiintherightplace15,50,2.65,2.2966817405040176,0.527,49.0,15.0,2.6517764403758055,3.0,0.28229218908241477,IndiaSpeaks,high,2
goldiekapur,50,25.36,2.5415020599529483,0.0566,49.0,8.0,3.831789011092169,31.0,4.718562939644919,IndiaSpeaks,high,2
Overall-Claim315,50,8.21,2.859496431756815,0.5371,49.0,10.0,3.5567620126019066,26.0,4.001741863058041,IndiaSpeaks,high,1
Bleachigo1,50,3.28,2.3982919717680815,0.3181,49.0,11.0,3.320756631406302,27.0,4.55656563024272,IndiaSpeaks,high,3
SkullSplitter204,50,81.72,2.8913552134118423,0.3106,49.0,6.0,3.9076013115120563,22.0,3.924458294456646,IndiaSpeaks,high,1
ramdomvariableX,50,5.11,2.672180938595827,0.267,49.0,8.0,3.6468867611354385,22.0,3.9904355005135823,IndiaSpeaks,high,3
DangerousJuice6748,50,19.92,2.7698100397017864,0.3897,49.0,11.0,3.411398010919091,8.0,1.8651522565005274,IndiaSpeaks,high,4
EmbarrassedEmploy69,50,12.87,3.015178000493529,0.4589,49.0,10.0,3.44604988153611,10.0,2.3167335695857094,IndiaSpeaks,high,2
ksveeresh,50,15.85,2.7079436349324455,0.2873,49.0,7.0,3.8815935110056303,27.0,4.455337750470314,IndiaSpeaks,high,1
Agitated_Gap_6009,50,60.38,3.0623067343021892,0.3275,49.0,7.0,3.7031449409815766,22.0,4.021984511178707,IndiaSpeaks,high,2
ResearcherLatter1148,50,7.86,2.7382003453827113,0.3091,49.0,7.0,3.7753926297234863,16.0,3.012096688995876,IndiaSpeaks,high,2
TermParking7243,50,10.06,3.001666986619132,0.4683,49.0,11.0,3.42765619076523,26.0,4.207292483458173,IndiaSpeaks,high,1
squidward_2022,50,65.94,2.980112115783683,0.3578,49.0,11.0,3.2125584407219607,9.0,2.556668924831271,IndiaSpeaks,high,2
SAINT_LUNATIC,50,73.29,2.792147658048005,0.2744,49.0,7.0,3.8888840705376357,22.0,4.018171939471839,IndiaSpeaks,high,1
Kung_Fu_andfindout,50,11.04,2.621096642195604,0.1604,49.0,3.0,4.018171939471839,20.0,3.781984511178708,IndiaSpeaks,high,5
palash90,50,83.73,2.673644311839523,0.7332,49.0,11.0,3.06302792366709,16.0,3.5406858798532945,IndiaSpeaks,high,2
NegativeChipmunk2428,50,10.04,3.089315307855591,0.3405,49.0,11.0,3.384360250037619,7.0,1.6399958387470213,IndiaSpeaks,high,2
soonwar,50,5.12,2.473050267497202,0.5579,49.0,15.0,2.7017191418118114,4.0,1.2826990615553262,IndiaSpeaks,high,1
Spectre-S1,50,27.2,2.958714044989479,0.3897,49.0,12.0,3.366566512515368,23.0,3.956448612928232,IndiaSpeaks,high,1
Acrobatic-Mind3581,50,5.64,2.750127640511121,0.4511,49.0,12.0,3.21998720177651,23.0,4.230435500513583,IndiaSpeaks,high,2
Fancy_Resident_6374,50,80.42,2.5707874500105317,0.22,49.0,3.0,4.178171939471839,36.0,4.983465189601649,IndiaSpeaks,high,1
lays_indian_masalaaa,50,2.42,2.407393201338239,0.4568,49.0,14.0,3.0416241054551207,8.0,1.8023632615094094,IndiaSpeaks,high,2
blueberry_slushyyy,50,16.62,2.853009588350881,0.2692,49.0,9.0,3.6390795706241748,18.0,3.427194439039145,IndiaSpeaks,high,6
Imaginary_Ad122,50,228.93,2.665755044873014,0.0978,49.0,8.0,3.844889451733241,25.0,4.258171939471839,IndiaSpeaks,high,2
RohanNotFound,50,21.88,2.871622943425031,0.2824,49.0,7.0,3.6521800112652465,23.0,4.2312723801129115,IndiaSpeaks,high,4
Maleficent-Law2750,50,14.22,2.89160208171851,0.2453,49.0,11.0,3.3312261143514315,27.0,4.465979129983103,IndiaSpeaks,high,1
gintoki_sakata34,50,49.42,2.9684903967121863,0.2655,49.0,6.0,3.7459791299831027,17.0,3.621202510832553,IndiaSpeaks,high,1
PolicyDependent1740,50,20.42,2.964273233113269,0.2984,49.0,8.0,3.76604988153611,20.0,3.8440525721339123,IndiaSpeaks,high,2
sherlock_30,50,20.85,2.8056950921978063,0.4074,49.0,11.0,2.978830073557112,8.0,1.5803283888251836,IndiaSpeaks,high,1
Dotster69,50,13.12,2.83190351087422,0.2753,49.0,9.0,3.574693951646702,19.0,3.6115107774877746,IndiaSpeaks,high,1
just_spawned_again,50,14.32,2.951900417277351,0.1831,49.0,9.0,3.63127238011291,17.0,3.416174630069641,IndiaSpeaks,high,1
kuromiwinnie,50,11.23,2.726959011315331,0.2635,49.0,10.0,3.479079570624174,20.0,3.772180011265246,IndiaSpeaks,high,2
seaworthy14698,50,52.36,2.9305660997749676,0.2318,49.0,5.0,3.936174630069641,25.0,4.150197424012705,IndiaSpeaks,high,1
First_Specific3212,50,17.67,2.662822926738973,0.0577,49.0,5.0,3.9084930703645577,32.0,4.67572875064339,IndiaSpeaks,high,2
Sidonkey,50,26.1,2.774971749102196,0.0995,49.0,7.0,3.8035908204078277,27.0,4.445533250556853,IndiaSpeaks,high,2
SubstantialRegion932,50,8.42,2.922599578845107,0.4014,49.0,11.0,3.4941773206674434,19.0,3.6034189238401675,IndiaSpeaks,high,1
letsmessitup,50,8.37,3.0109620105172414,0.2456,49.0,10.0,3.3856588813630326,19.0,3.092878689342031,IndiaSpeaks,high,2
Mysterious_Fun4403,50,233.99,2.577982610688598,0.4663,49.0,12.0,2.907012391941619,16.0,3.3763710124288293,IndiaSpeaks,high,1
Spare-Promotion-6913,50,21.2,2.9939008558517077,0.2779,49.0,6.0,3.8669575126884457,15.0,2.9254060827124984,IndiaSpeaks,high,1
sud007,50,54.42,2.9331313450621677,0.1732,49.0,4.0,4.00637013015618,28.0,4.496174630069643,IndiaSpeaks,high,2
Marsmagnetar,50,11.97,2.9322213870494105,0.472,49.0,12.0,2.972180011265246,8.0,1.5803283888251836,IndiaSpeaks,high,2
studiord,50,65.0,2.916814065735432,0.2559,49.0,7.0,3.6371677349246405,20.0,3.5643728207539827,IndiaSpeaks,high,1
Kasugaa,50,20.21,2.913800715679255,0.2379,49.0,7.0,3.937851690851769,20.0,3.941147631579379,IndiaSpeaks,high,1
Orwellisright,50,55.18,2.9550666009017315,0.2541,49.0,12.0,3.331859762645176,1.0,-0.0,IndiaSpeaks,high,6
IdoitsAreIdoits,50,29.33,2.797585353966071,0.2112,49.0,7.0,3.7869575126884456,12.0,2.8601937346655646,IndiaSpeaks,high,1
Unknown21892,50,31.39,2.937379727487095,0.1304,49.0,8.0,3.6930201924480457,16.0,3.41050625206659,IndiaSpeaks,high,2
emmfranklin,50,12.17,2.7178083783417253,0.2426,49.0,9.0,3.686049881536109,29.0,4.35326968951511,IndiaSpeaks,high,4
IronRiff_Messiah,50,46.85,2.7692828652331554,0.2549,49.0,9.0,3.500392924099244,14.0,3.1579773216579494,IndiaSpeaks,high,4
kkbingak,50,60.74,2.7424175089816285,0.1545,49.0,4.0,3.8259791299831023,14.0,3.250044500340505,IndiaSpeaks,high,1
NoraEmiE,50,2.72,2.8622452440483337,0.2445,49.0,9.0,3.7431449409815767,20.0,3.8536606896881858,IndiaSpeaks,high,10
AshutoshRaiK,50,87.76,2.808835265699319,0.2135,49.0,3.0,4.168367439558377,14.0,2.9260531831195804,IndiaSpeaks,high,1
Broken_BiryaniBoy,50,4.13,2.6924817683034217,0.3072,49.0,8.0,3.7674033921146965,24.0,4.1403929240992445,IndiaSpeaks,high,4
javier_marlega,50,86.64,3.035367908896077,0.3239,49.0,5.0,4.08307418942857,21.0,3.77672185549839,IndiaSpeaks,high,2
HAHAHA-Idiot,50,3.68,2.5207787660204133,0.3855,49.0,12.0,3.3232156925345846,20.0,3.8581719394718386,IndiaSpeaks,high,2
SnooGuavas6494,50,69.51,2.291159725221851,0.369,49.0,6.0,3.8777809392987614,6.0,1.782611023253052,IndiaSpeaks,high,2
xexeedhunter,50,43.74,2.631951501224306,0.145,49.0,8.0,3.8239818205809053,27.0,4.519079570624176,IndiaSpeaks,high,1
Bkm321,50,9.02,2.998774957025738,0.4085,49.0,11.0,3.1230741894285696,20.0,3.7873632350111794,IndiaSpeaks,high,2
ajm2601,50,265.19,2.3030179590186286,0.1513,49.0,9.0,3.6228246923615064,9.0,2.4671379395990747,IndiaSpeaks,high,1
Forsaken-Sundae4797,50,26.64,2.7039694065385045,0.05,49.0,9.0,3.5439818205809046,7.0,0.9372685007309205,IndiaSpeaks,high,3
Mother-Day-1657,50,10.27,2.824165229970081,0.1507,49.0,9.0,3.768884070537635,20.0,3.7248894517332407,IndiaSpeaks,high,6
Beautiful_Soup9229,50,2.14,2.614511254509199,0.278,49.0,9.0,3.1949467502972353,26.0,4.187601311512057,IndiaSpeaks,high,2
Bourbonaddicted,50,16.4,2.805696265820436,0.1695,49.0,9.0,3.478759322004104,21.0,3.7811476315793793,IndiaSpeaks,high,1
Beautiful_Sort5736,50,64.8,2.474091162239071,0.1223,49.0,7.0,3.730044500340505,27.0,4.473269689515109,IndiaSpeaks,high,1
crazybooty123,50,77.38,2.6253171747572464,0.1126,49.0,5.0,3.873786320494366,25.0,4.195728750643391,IndiaSpeaks,high,2
blackman60001,50,8.28,2.7675011838149555,0.4325,49.0,12.0,2.9696693724672616,19.0,3.7059791299831026,IndiaSpeaks,high,11
Pretty_Piccolo2010,50,21.99,2.354384326120366,0.6852,49.0,15.0,2.7961283643081623,24.0,3.960240000427044,IndiaSpeaks,high,1
ohbabyitsme111,50,23.38,2.333804322473608,-0.0489,49.0,9.0,3.6953377504703133,18.0,3.6874033921146965,IndiaSpeaks,high,1
OwnOstrich1492,50,13.07,2.672827518487403,0.1374,49.0,8.0,3.5453659256089822,18.0,3.4323056420714275,IndiaSpeaks,high,2
TrueLuck2677,50,45.63,2.652863382290964,0.6775,49.0,9.0,3.720756631406301,14.0,2.818632071011026,IndiaSpeaks,high,2
hornyspiritualist,50,63.58,3.1644947507732932,0.4142,49.0,9.0,3.6639818205809043,17.0,3.2219011889093374,IndiaSpeaks,high,1
AwesomeI-123,50,15.23,2.802986629608732,0.2986,49.0,8.0,3.748954822090643,26.0,4.237487983544712,IndiaSpeaks,high,2
Infamous-Chemical111,50,2.68,2.629973121138222,0.3286,49.0,9.0,3.355170425522443,20.0,3.3477943922877738,IndiaSpeaks,high,1
Automatic-Part8723,50,14.87,2.5037781531781667,0.0896,49.0,6.0,3.964889451733241,20.0,3.6518597626451763,IndiaSpeaks,high,3
Anxious-Progress3480,50,13.91,2.84190810262265,0.1804,49.0,9.0,3.6145557501241576,11.0,2.387346975823351,IndiaSpeaks,high,1
J_Ceaser,50,325.07,2.6476677833013804,0.3887,49.0,5.0,3.961076880026372,15.0,3.488884070537635,IndiaSpeaks,high,1
Axel_Blazer,50,7.95,2.9239247128506305,0.3116,49.0,7.0,3.603074189428569,23.0,4.174177320667444,IndiaSpeaks,high,1
Constant-Decision-32,50,31.26,2.797694188568847,0.054,49.0,8.0,3.7579224424047766,10.0,2.1324312728776076,IndiaSpeaks,high,4
F1R8,50,8.8,2.7881673048869287,0.2839,49.0,7.0,3.8868867611354383,7.0,1.5489724589357756,IndiaSpeaks,high,2
Infamous_Golf_7484,50,10.77,2.7769786010947546,0.1713,49.0,5.0,4.016174630069641,8.0,2.671985393451357,IndiaSpeaks,high,2
gunner0987,50,3.42,2.7881951547502144,0.2192,49.0,10.0,3.4626831892554915,5.0,1.7765742437344132,IndiaSpeaks,high,2
something-123456789,50,61.42,2.560330500368789,-0.0006,49.0,6.0,3.8626831892554923,34.0,4.820631000600122,IndiaSpeaks,high,1
child_target,50,11.21,2.7876057477192,0.3425,49.0,8.0,3.676245381622649,22.0,4.035783629896564,IndiaSpeaks,high,6
Extension_Weight288,50,65.79,2.7713062408724705,0.1958,49.0,8.0,3.7261047607892834,33.0,4.783465189601648,IndiaSpeaks,high,1
Visual-Director-9537,50,24.15,3.118387906262113,0.3105,49.0,9.0,3.5092750707107125,13.0,2.786957512688445,IndiaSpeaks,high,1
batteuu,50,4.04,2.78270666104361,0.4914,49.0,16.0,2.6376021937847063,11.0,2.0955647272789912,IndiaSpeaks,high,2
fury_x98,50,43.43,2.814930747895259,0.2456,49.0,6.0,3.9892750707107134,18.0,3.6800019239261665,IndiaSpeaks,high,2
Wizardofoz756,50,11.49,2.798913856934319,0.3265,49.0,9.0,3.574693951646702,16.0,3.380909555078502,IndiaSpeaks,high,3
Atomsmasher_kal,50,10.91,2.9111153095727498,0.3085,49.0,9.0,3.621147631579379,8.0,2.0407550112194044,IndiaSpeaks,high,5
Absolute_Slayer,50,4.09,2.6415414446014345,0.2723,49.0,9.0,3.612696642244504,21.0,3.981467880199449,IndiaSpeaks,high,2
Due-Sense-7027,50,8.96,2.664386658453756,0.2137,49.0,7.0,3.853857072047374,16.0,3.319079570624175,IndiaSpeaks,high,2
Due-Librarian6899,50,730.29,2.3471967222609034,0.17,49.0,7.0,3.8440525721339127,22.0,3.7694007015168935,IndiaSpeaks,high,2
Sparkz_of_Helix,50,145.9,2.6812385056201644,0.2075,49.0,8.0,3.6400019239261665,18.0,3.579150322177182,IndiaSpeaks,high,2
Academic-Equal-1238,50,9.05,2.973891672354848,0.4052,49.0,11.0,3.2986885704510973,1.0,-0.0,IndiaSpeaks,high,3
LAMBO_RO,50,48.13,2.905714033930088,0.2262,49.0,7.0,3.7672924834581725,22.0,3.837487983544711,IndiaSpeaks,high,1
WarmBullfrog4018,50,13.85,2.5053703807573995,0.1161,49.0,6.0,3.936174630069641,12.0,3.1227751250165565,IndiaSpeaks,high,1
TheOneGreyWorm,50,10.83,2.6461769480662056,0.2199,49.0,6.0,3.905979129983103,22.0,3.549643734666162,IndiaSpeaks,high,2
Remarkable_Will5540,50,1.65,2.1146473621663846,0.6271,49.0,18.0,1.5220000673973508,2.0,0.4689955935892812,IndiaSpeaks,high,3
ConfusionNo4339,50,37.89,2.872777010265394,0.2035,49.0,7.0,3.835783629896564,19.0,3.7013508628849627,IndiaSpeaks,high,1
djanuj90,50,102.87,2.905725856260161,0.3694,49.0,6.0,3.986495760962361,16.0,3.517167734924641,IndiaSpeaks,high,1
Nearby-Reception-546,50,10.94,2.7188697159997988,0.1219,49.0,10.0,3.426120633089117,18.0,3.710197424012705,IndiaSpeaks,high,1
souravtxt,50,42.03,2.2106932626565396,0.0766,49.0,7.0,3.8468867611354383,24.0,4.091343131665918,IndiaSpeaks,high,1
H-S-M-C,50,5.41,2.4841829720514434,0.2498,49.0,6.0,3.873786320494366,3.0,1.097455974645788,IndiaSpeaks,high,5
akaza190,50,30.4,2.8032742378351108,0.275,49.0,7.0,3.7230741894285697,24.0,4.13287868934203,IndiaSpeaks,high,2
sastashreikh,50,80.56,2.8136784441432745,0.193,49.0,8.0,3.7647512502106975,15.0,3.198562939644916,IndiaSpeaks,high,1
ebrasi,50,28.8,2.988970755439745,0.3519,49.0,10.0,3.4438144956330348,8.0,2.6229101660641705,IndiaSpeaks,high,1
what_s_in_the_namee,50,118.01,2.6294894948642153,0.2881,49.0,5.0,3.860685879853295,15.0,3.2035323234899926,IndiaSpeaks,high,2
druhl,50,8.08,2.7202292327044204,0.2256,49.0,6.0,3.7753926297234863,22.0,3.916448612928232,IndiaSpeaks,high,1
Clean-Bodybuilder822,50,12.57,2.734482206877778,0.3149,49.0,10.0,3.419528751633896,26.0,3.9995962016034325,IndiaSpeaks,high,2
Impossible-Gur-9803,50,1.06,2.1047555560484392,0.5407,49.0,16.0,2.376829146490253,16.0,3.359919751806973,IndiaSpeaks,high,8
Fun_Secretary679,50,18.39,2.8391570949910356,0.4832,49.0,7.0,3.9097917016899717,16.0,3.5361746300696417,IndiaSpeaks,high,5
Charming-Ad5380,50,13.4,3.035602359983155,0.4907,49.0,10.0,3.339610923753089,5.0,1.3816021479761413,IndiaSpeaks,high,2
No-Pause-1156,50,5.4,2.731087783227675,0.3165,49.0,6.0,3.677167734924641,7.0,1.8784696678335246,IndiaSpeaks,high,2
Last-Scratch-5431,50,59.19,2.672444734943277,0.1625,49.0,6.0,3.8802400004270434,40.0,5.228758439731456,IndiaSpeaks,high,1
Money-Vermicelli-637,50,21.38,3.156312203199332,0.3309,49.0,11.0,3.2078091144374303,15.0,3.2855332505568513,IndiaSpeaks,high,3
illidanstr97,50,102.45,3.119637191864536,0.4514,49.0,9.0,3.482378812935256,14.0,3.061144013914718,IndiaSpeaks,high,2
Manwithadognpurpose,50,38.71,2.722288920061824,0.0458,49.0,6.0,3.856174630069641,24.0,4.255337750470313,IndiaSpeaks,high,1
SuperHumanHere,50,25.77,2.7030560795630225,0.056,49.0,11.0,3.645588129810025,37.0,5.038562939644918,IndiaSpeaks,high,1
Vighy10,50,9.8,2.9451180083912343,0.2845,49.0,8.0,3.635925133002579,22.0,4.135337750470313,IndiaSpeaks,high,4
SaDHU_71,50,55.43,3.0333445441575106,0.3302,49.0,10.0,3.456174630069641,16.0,2.3238561897747245,IndiaSpeaks,high,1
Operation_Whole,50,6.32,2.8100357855787546,0.5736,49.0,8.0,3.7929494408950384,13.0,2.495868716711233,IndiaSpeaks,high,1
amir4179,50,9.38,2.290018713082869,0.4443,49.0,10.0,3.2441074513870856,35.0,4.844372820753984,IndiaSpeaks,high,2
mellowmane_,50,116.76,2.572305728896233,0.1394,49.0,7.0,3.76637013015618,34.0,4.878562939644917,IndiaSpeaks,high,1
Less-Simple-9847,50,17.42,2.807734336639005,0.206,49.0,5.0,3.9884381911113844,18.0,3.7403929240992437,IndiaSpeaks,high,5
eternalshoolin,50,13.52,2.8864749601068356,0.3633,49.0,6.0,3.8468867611354383,18.0,3.3185629396449166,IndiaSpeaks,high,1
iaminvncible,50,12.31,3.0514481837789345,0.6379,49.0,8.0,3.4344157180423087,6.0,1.3007332600779677,IndiaSpeaks,high,2
sid3091,50,15.95,2.7256305083470815,0.2631,49.0,9.0,3.488884070537636,9.0,2.5215935110056305,IndiaSpeaks,high,1
MadscientistSteinsG8,50,0.49,2.0390659096441466,0.6572,49.0,18.0,1.9257845121692132,5.0,1.4492837076812242,IndiaSpeaks,high,2
FlatMooner,50,14.92,2.787812371206088,0.5607,49.0,5.0,3.9288840705376358,8.0,2.622824692361507,IndiaSpeaks,high,2
Mindhunter7,50,12.21,2.879418397189732,0.198,49.0,9.0,3.6374879835447107,32.0,4.703465189601648,IndiaSpeaks,high,1
Altruistic-Berry8462,50,9.01,2.9617639870640016,0.4519,49.0,8.0,3.605295174055975,12.0,3.002055262731715,IndiaSpeaks,high,5
Zendaya-Papaya,50,43.79,2.8179463072706836,0.3045,49.0,10.0,3.064439954642328,31.0,4.716565630242721,IndiaSpeaks,high,3
flyontheroof,50,52.9,3.02471259063389,0.2283,49.0,3.0,4.161076880026372,19.0,3.628117942491315,IndiaSpeaks,high,1
Felicie_dreamer,50,9.92,2.746721890644489,0.2715,49.0,7.0,3.6855881298100255,20.0,3.8712723801129103,IndiaSpeaks,high,2
Top-Sand-4900,50,9.35,2.7756813169525167,0.2423,49.0,7.0,3.6840525721339126,18.0,3.5845290460096537,IndiaSpeaks,high,2
Hash003B6F,50,79.41,2.5560704671242025,0.2457,49.0,6.0,3.9648894517332405,12.0,3.1400726754791735,IndiaSpeaks,high,1
Yohan-Abraham1114,50,27.7,2.977135471755995,0.5105,49.0,12.0,3.317460690678691,9.0,2.742766195443672,IndiaSpeaks,high,1
maculateconstipation,50,7.95,2.5415020599529483,0.2328,49.0,6.0,3.791789011092169,30.0,4.638562939644919,IndiaSpeaks,high,1
Working_Train_1611,50,25.96,2.867702518928927,0.241,49.0,6.0,3.922892142331043,18.0,3.4774058114255175,IndiaSpeaks,high,2
Lil_Nap,50,18.26,2.745780713805721,0.2215,49.0,7.0,3.8382426910248464,11.0,2.939235795879845,IndiaSpeaks,high,2
Grouchy_Hedgehog_991,50,6.47,2.7315901772843847,0.2064,49.0,12.0,3.3607566314063018,17.0,3.495854381449571,IndiaSpeaks,high,1
blitzkreig31,50,11.15,2.920234723720344,0.2549,49.0,4.0,4.126886761135438,27.0,4.526370130156182,IndiaSpeaks,high,4
sg20043004,50,2.72,2.7471722047327143,0.3429,49.0,11.0,3.438759322004104,10.0,2.102058977248323,IndiaSpeaks,high,6
uDay_984,50,48.86,2.864163909443957,0.2053,49.0,7.0,3.8790795706241745,14.0,3.032652867476326,IndiaSpeaks,high,1
Azanted79,50,17.99,2.934016522663003,0.2536,49.0,9.0,3.5812025108325525,16.0,3.379610923753089,IndiaSpeaks,high,2
Best-Afternoon2292,50,28.37,2.9584858049637566,0.4279,49.0,8.0,3.6729494408950383,30.0,4.606370130156182,IndiaSpeaks,high,1
Kaattaan,50,23.02,3.0605988167525395,0.3649,49.0,7.0,3.630952131492841,11.0,2.580368932816695,IndianStockMarket,medium,1
Jaded-Squash-3101,50,49.83,2.864786979256811,0.4119,49.0,7.0,3.7411476315793797,6.0,1.9276209586819422,IndianStockMarket,medium,2
FutureVersion812,50,1.25,2.5975373179076073,0.4026,49.0,11.0,3.4382426910248456,14.0,2.5738286290311763,IndianStockMarket,medium,7
Confident_Editor2335,50,17.42,2.532111860737092,0.1514,49.0,9.0,3.6000019239261665,11.0,2.6438561897747244,IndianStockMarket,medium,1
Live_Confusion2086,50,6.4,2.552687394782397,0.2019,49.0,10.0,3.6113980109190913,14.0,3.2117215611226317,IndianStockMarket,medium,6
Either_Pride2049,50,29.18,2.5216898976558,0.0201,49.0,9.0,3.577389939125684,20.0,3.648969544240299,IndianStockMarket,medium,1
Einstein-Rosen-42,50,65.87,2.824439256100127,0.599,49.0,9.0,3.6063701301561797,17.0,2.656639683379197,IndianStockMarket,medium,2
PointySalt,50,12.51,2.7480470246500124,0.1633,49.0,6.0,3.9431449409815773,24.0,4.204372820753983,IndianStockMarket,medium,2
Alpha-Beta-Delta,50,3.53,2.769039930028179,0.3822,49.0,12.0,3.1003656312332244,22.0,3.7121125612957098,IndianStockMarket,medium,1
Tasty-Success-9268,50,13.71,2.8643393141048343,0.2524,49.0,9.0,3.701984511178707,17.0,3.726886761135438,IndianStockMarket,medium,1
Vichitra__Manushya,50,3.33,2.7639032061293287,0.3404,49.0,9.0,3.6941773206674435,16.0,3.466901483285095,IndianStockMarket,medium,5
Next_Ticket1109,50,11.15,2.8326736205478276,0.2142,49.0,9.0,3.5774765629785255,14.0,2.586830344844093,IndianStockMarket,medium,1
ChequeMateX,50,11.82,2.636016639176742,0.1535,49.0,7.0,3.8460498815361097,23.0,4.08604988153611,IndianStockMarket,medium,2
ScaryZombie7026,50,99.17,2.690498356017773,0.2761,49.0,8.0,3.568884070537636,28.0,4.566370130156182,IndianStockMarket,medium,1
Pale-Main3272,50,7.3,2.8394560294339444,0.2993,49.0,11.0,3.2609095550785017,16.0,2.938912245676305,IndianStockMarket,medium,2
Manoos,50,4.87,2.7190451206606765,0.2557,49.0,8.0,3.7101152518935128,19.0,3.468438191111385,IndianStockMarket,medium,2
SpiritedActuator4246,50,7.75,2.7790445217766093,0.3808,49.0,11.0,3.432711364394161,27.0,4.233269689515109,IndianStockMarket,medium,1
architrohilla,50,75.37,2.745340757401033,0.1187,49.0,8.0,3.6440525721339125,14.0,3.11696524390749,IndianStockMarket,medium,1
DL9c,50,2.77,2.649072346622325,0.3921,49.0,12.0,3.130044500340505,33.0,4.72637013015618,IndianStockMarket,medium,1
Flashy-Minimum-6952,50,11.45,3.0079815892372754,0.2969,49.0,11.0,3.4570148112524404,10.0,2.2875854392122226,IndianStockMarket,medium,3
lambiseeti,50,5.72,2.6629743063842897,0.2888,49.0,7.0,3.880240000427044,22.0,3.816174630069641,IndianStockMarket,medium,1
mayank1609,50,34.79,2.8352667156983125,0.2364,49.0,5.0,3.830490379766756,9.0,1.9300545064572578,IndianStockMarket,medium,1
DartinBlaze448,50,22.82,2.7152991322924582,0.2439,49.0,9.0,3.7064957609623606,20.0,3.731343131665918,IndianStockMarket,medium,1
CollectionLittle9205,50,71.09,2.9493351719901515,0.2795,49.0,7.0,3.8133404410681155,30.0,4.72836743955838,IndianStockMarket,medium,1
SidKillz,50,7.06,2.570858897623125,0.3167,49.0,9.0,3.4771677349246404,35.0,5.013660689688187,IndianStockMarket,medium,3
AlternativeFace292,50,2.12,2.6773748353552396,0.3855,49.0,10.0,3.535392629723486,12.0,3.02392332366307,IndianStockMarket,medium,27
G40Momo,50,4.21,2.7713769352896565,0.3498,49.0,9.0,3.4052130019367812,8.0,2.6855881298100255,IndianStockMarket,medium,4
sauce_agent_24,50,17.46,2.6693523151874463,0.3282,49.0,10.0,3.5590795706241742,23.0,4.09258573358798,IndianStockMarket,medium,1
New_Reputation_2486,50,47.22,2.7222126206940414,0.4067,49.0,15.0,2.8323056420714274,10.0,3.1514687624720987,IndianStockMarket,medium,2
rkcbrojo,19,1.0,2.4410685859554375,0.5079,18.0,18.0,2.286815675083583,4.0,1.60683227831811,IndianStockMarket,medium,1
Gentlecriminal14,50,33.95,3.100943968052453,0.2818,49.0,8.0,3.8040525721339127,18.0,3.4639233236630704,IndianStockMarket,medium,2
RaceAgainstSelf,50,72.96,2.8318196617730025,0.2063,49.0,9.0,3.6553926297234858,14.0,2.9443504845363537,IndianStockMarket,medium,1
Dense_Profit_2478,50,56.92,2.8267667869753694,0.2389,49.0,7.0,3.831789011092169,19.0,3.752194733414903,IndianStockMarket,medium,7
CROYL23,50,19.83,2.664860997557542,0.1272,49.0,10.0,3.6337863204943655,17.0,2.9308813799398337,IndianStockMarket,medium,2
Oberjene,36,153.82,2.8762463914301297,0.6518,35.0,11.0,3.5148191979569257,19.0,3.7562068628428373,IndianStockMarket,medium,2
Justchilling69696969,50,49.97,2.9607521158080474,0.1734,49.0,7.0,3.7825011421579657,35.0,4.9014678801994505,IndianStockMarket,medium,2
Avatar1602,50,26.07,2.954739816595538,0.2136,49.0,5.0,4.0030741894285695,10.0,2.540420510486398,IndianStockMarket,medium,2
Arvi_021,50,52.59,2.6873694623064597,0.2388,49.0,11.0,3.2841380458365768,13.0,2.9521886247569404,IndianStockMarket,medium,1
Noct_owL_16,50,18.75,2.7886663299809125,0.1913,49.0,10.0,3.5640525721339125,27.0,4.431272380112912,IndianStockMarket,medium,1
Significant-Ad637,50,26.65,2.5342597346914295,0.096,49.0,6.0,3.532503561468787,20.0,3.7783134425778533,IndianStockMarket,medium,7
MagnumVY,50,18.27,2.8294826565115248,0.2602,49.0,8.0,3.8390795706241745,14.0,3.3288840705376357,IndianStockMarket,medium,1
Signal-Wealth7019,50,4.74,2.628265203588572,0.3509,49.0,12.0,3.2849749254359044,16.0,3.106957512688446,IndianStockMarket,medium,1
spidorboy,50,14.43,2.7188697159997988,0.2454,49.0,6.0,3.9300445003405047,17.0,3.537613614350892,IndianStockMarket,medium,5
rplusg,50,9.76,2.6243404415967513,0.1696,49.0,8.0,3.826495760962361,11.0,2.6590669999078114,IndianStockMarket,medium,2
Brilliant_Dinner2104,50,24.08,3.173897163370771,0.2738,49.0,10.0,3.4835908204078274,22.0,3.6843728207539823,IndianStockMarket,medium,1
Specialist_Lemon4924,50,4.39,2.415711492075853,0.2592,49.0,8.0,3.685588129810025,28.0,4.440240000427045,IndianStockMarket,medium,1
budhivanta,50,351.93,2.7822507075088723,0.2309,49.0,11.0,3.210881379939833,14.0,3.3394738723807222,IndianStockMarket,medium,1
Voodoo_Maama_Juju,50,59.96,2.8783856647913044,0.1648,49.0,7.0,3.578688570451097,18.0,3.7459791299831027,IndianStockMarket,medium,2
ExpensiveInflation,50,15.08,2.7753545326463227,0.2771,49.0,11.0,3.2502681755657123,16.0,2.8626831892554923,IndianStockMarket,medium,10
PsyberShade,50,305.37,2.6619542998614634,0.1695,49.0,3.0,4.025142250383774,18.0,3.7655881298100256,IndianStockMarket,medium,3
Lopsided_Crab9024,28,141.82,3.0381596816459533,0.5804,27.0,14.0,2.9941084958730695,16.0,3.6230242271029556,IndianStockMarket,medium,1
Vegetable_Prompt_583,50,15.57,2.8111535407010297,0.3762,49.0,10.0,3.4746265016771654,16.0,3.469278372294184,IndianStockMarket,medium,2
Oath_breaker_,50,2.85,2.5096506040515263,0.377,49.0,11.0,3.5061206330891173,22.0,4.193269689515109,IndianStockMarket,medium,1
hgwellsrf,50,20.42,2.834767690604328,0.3432,49.0,8.0,3.791272380112911,18.0,3.4967767347515633,IndianStockMarket,medium,1
katakurimochi,50,14.91,2.9693443554870114,0.2963,49.0,11.0,3.2973899391256833,22.0,3.7758543814495713,IndianStockMarket,medium,1
carelessNinja101,50,15.06,2.872006900591787,0.2453,49.0,7.0,3.6206858798532946,25.0,4.308758439731456,IndianStockMarket,medium,1
GladSport5145,50,71.67,3.019792513171951,0.4384,49.0,12.0,3.2926966422445045,22.0,4.0712723801129105,IndianStockMarket,medium,1
Consistent_Rule101,50,7.09,2.51097456443442,0.1257,49.0,9.0,3.6958543814495712,16.0,3.630435500513583,IndianStockMarket,medium,1
silentdoc,50,5.57,2.731885742764568,0.4617,49.0,10.0,3.370561131319763,15.0,2.9123056420714266,IndianStockMarket,medium,4
Educational-Data-394,50,96.08,2.9593524819847326,0.2641,49.0,9.0,3.657851690851768,14.0,3.3428246923615066,IndianStockMarket,medium,1
51837,50,2.19,2.4807885484013408,0.3156,49.0,7.0,3.8080471909383076,16.0,3.465979129983103,IndianStockMarket,medium,2
kevyyy6,50,68.04,2.869967189162788,0.2847,49.0,14.0,2.984583925262827,5.0,1.8111090970369454,IndianStockMarket,medium,2
anikkket,50,15.79,2.8782342851459877,0.0994,49.0,8.0,3.7294007015168935,27.0,4.33817193947184,IndianStockMarket,medium,3
brooklynnineeight,50,17.01,2.8318756610109346,0.3467,49.0,10.0,3.493857072047373,29.0,4.465979129983104,IndianStockMarket,medium,1
Affectionate-Mode766,50,15.62,2.970142315023904,0.4473,49.0,8.0,3.7190795706241744,19.0,3.7406858798532947,IndianStockMarket,medium,1
v0lcanix,50,55.11,2.5766181763979903,0.1911,49.0,10.0,3.51211256129571,19.0,3.5532696895151084,IndianStockMarket,medium,1
goda_foreskinning,50,42.98,3.0347171823823196,0.2215,49.0,7.0,3.7554085020233203,10.0,1.4412424590621709,IndianStockMarket,medium,1
No-Astronomer-01,50,4.32,2.9271468957129434,0.3561,49.0,8.0,3.2415350140877957,9.0,1.9944993338328127,IndianStockMarket,medium,1
fallen_fool,50,13.53,2.8046979161211065,0.3707,49.0,7.0,3.819150322177182,12.0,2.819528751633896,IndianStockMarket,medium,1
Either_Attempt3598,13,0.68,2.4508257945180882,0.3891,12.0,19.0,1.8230264907128848,2.0,0.8904916402194913,IndianStockMarket,medium,1
Maplepro573,50,40.24,2.8804237356098734,0.2612,49.0,8.0,3.7680471909383075,20.0,3.404889451733241,IndianStockMarket,medium,4
STRIGGX,50,17.07,2.8188002660455087,0.1418,49.0,10.0,3.4265263554118515,35.0,4.948758439731457,IndianStockMarket,medium,2
rep_movsd,50,62.59,2.9294412094184827,0.3114,49.0,9.0,3.6763002608758213,15.0,3.0586918720345673,IndianStockMarket,medium,1
Dangerous_Pension183,50,19.0,3.059656466291142,0.3914,49.0,8.0,3.6611476315793796,20.0,3.8337863204943665,IndianStockMarket,medium,1
drox9,50,7.3,2.975131783636524,0.644,49.0,9.0,3.59540850202332,10.0,2.766473424744732,IndianStockMarket,medium,1
Bulky-Mood-7251,50,39.95,2.954089867741237,0.351,49.0,8.0,3.8474033921146966,27.0,4.568367439558379,IndianStockMarket,medium,2
Miningforbeer,50,9.62,2.9259627836691995,0.4356,49.0,8.0,3.77050625206659,25.0,4.448367439558379,IndianStockMarket,medium,1
Viagra-Trader-60,50,23.22,2.8233372252298077,0.2219,49.0,6.0,3.924889451733241,3.0,0.9510456605801272,IndianStockMarket,medium,20
jaspreet_sp,50,35.87,2.7891942598459045,0.0431,49.0,11.0,3.406566512515368,15.0,3.352112561295709,IndianStockMarket,medium,1
QuietObserver87,50,37.21,3.014763998123392,0.3539,49.0,7.0,3.850881379939833,20.0,3.838562939644916,IndianStockMarket,medium,2
ompossible,50,5.91,2.8702677642161265,0.2302,49.0,9.0,3.4913980109190907,18.0,3.750490379766756,IndianStockMarket,medium,1
Barney_____stinson,50,68.9,2.971251836004466,0.2183,49.0,7.0,3.6553926297234867,17.0,3.089513468085578,IndianStockMarket,medium,2
jeff22249,50,85.97,2.5318802517486443,0.0222,49.0,6.0,3.8239818205809053,31.0,4.718562939644919,IndianStockMarket,medium,1
someshrathi282,50,382.99,2.9247874800663487,0.4132,49.0,7.0,3.5398701844620235,23.0,4.076565630242719,IndianStockMarket,medium,1
Bourbonaddicted,50,16.4,2.805696265820436,0.1695,49.0,9.0,3.478759322004104,21.0,3.7811476315793793,IndianStockMarket,medium,1
CandidFalcon,50,5.7,2.7010740079823856,0.2564,49.0,7.0,3.8080471909383076,13.0,2.7957271304564926,IndianStockMarket,medium,1
Relative-Jacket-2409,50,16.93,2.6233637084362558,0.226,49.0,8.0,3.523590820407828,20.0,3.7977809392987614,IndianStockMarket,medium,6
Prestigious_Sky362,34,107.11,2.019471092996196,0.0983,33.0,10.0,3.6534955617749434,24.0,4.410417252760519,IndianStockMarket,medium,1
IDoButtStuffs,50,19.84,3.0621097131024775,0.4411,49.0,14.0,2.830955433076311,25.0,4.271272380112911,IndianStockMarket,medium,1
AppropriateFinger270,50,45.41,3.1219793511119276,0.3029,49.0,7.0,3.796245381622649,11.0,2.55800791610744,IndianStockMarket,medium,1
akshayyeluru,21,665.74,2.739572261986723,0.3662,20.0,14.0,3.0589840894454263,11.0,2.927798970294785,IndianStockMarket,medium,1
Single-Processor4873,50,5.85,2.871208941054894,0.3227,49.0,10.0,3.5464957609623604,20.0,3.9811476315793795,IndianStockMarket,medium,2
BeyoundVerse,50,156.47,2.871803779952462,0.2953,49.0,8.0,3.6926966422445053,24.0,4.159079570624175,IndianStockMarket,medium,1
Brilliant-Cellist524,50,348.95,2.9746555211993804,0.4303,49.0,8.0,3.616057612755155,19.0,3.287403392114696,IndianStockMarket,medium,2
Most_Session619,50,1.65,2.421516412405114,0.576,49.0,17.0,2.5806858798532946,22.0,3.9949467502972356,IndianStockMarket,medium,1
tharavaadi,50,34.24,2.292225333194676,0.1111,49.0,7.0,3.8390795706241745,11.0,3.0810768800263717,IndianStockMarket,medium,2
Able_Salary248,50,17.07,2.9100297418094776,0.4692,49.0,7.0,3.792949440895038,4.0,1.4383008718614905,IndianStockMarket,medium,1
Unlucky-Plenty510,50,15.97,2.604038856492795,0.2386,49.0,15.0,2.847726942318238,21.0,3.8203107519800508,IndianStockMarket,medium,1
Nira71,31,221.97,2.5475870854088964,0.5046,30.0,15.0,2.8278689890677255,10.0,2.2103688901945646,IndianStockMarket,medium,2
takshaksh,50,193.73,2.6586918591550592,0.3877,49.0,11.0,3.4146939516467016,28.0,4.421147631579381,IndianStockMarket,medium,2
Skeptic_Marx,50,10.77,2.902263611042053,0.2021,49.0,7.0,3.7781719394718385,22.0,3.924372820753982,IndianStockMarket,medium,3
Art3mis_3d,50,103.47,2.7227942093616946,0.3227,49.0,7.0,3.728884070537636,27.0,4.333340441068117,IndianStockMarket,medium,2
proprioceptioner,50,10.57,2.8914610597567307,0.4003,49.0,10.0,3.319458000080888,16.0,3.375099673969436,IndianStockMarket,medium,2
pun-tang,50,153.76,2.61478054637073,0.0944,49.0,9.0,3.621984511178707,15.0,3.159596201603432,IndianStockMarket,medium,2
dronzer_28,50,71.08,2.5431502867701132,0.2154,49.0,3.0,4.126886761135438,33.0,4.723535941154656,IndianStockMarket,medium,1
DimaagKharabHaiKya,50,33.32,2.8075899457145006,0.2087,49.0,10.0,3.5101152518935117,26.0,4.326370130156181,IndianStockMarket,medium,4
ExplorerUseful1941,50,57.95,3.0359060661661377,0.3777,49.0,8.0,3.7977809392987614,32.0,4.798562939644917,IndianStockMarket,medium,2
agent_smurf,50,5.56,2.7511819894483827,0.4074,49.0,14.0,2.314251373803922,10.0,2.724510706195336,IndianStockMarket,medium,2
Helloz554,50,39.32,2.535714631803436,0.1124,49.0,5.0,4.050044500340505,27.0,4.275783629896565,IndianStockMarket,medium,2
Lambodhara-420,50,6.76,2.469424439948289,0.1417,49.0,6.0,3.856174630069641,16.0,3.6830741894285692,IndianStockMarket,medium,1
Asleep_Bet_9778,50,27.9,2.9459719671660594,0.3305,49.0,8.0,3.8460498815361097,13.0,2.667125158510302,IndianStockMarket,medium,3
Breadfruitdeeznuts,50,8.62,2.639450538418021,0.1996,49.0,7.0,3.7904903797667555,12.0,2.8553926297234864,IndianStockMarket,medium,2
Jiggly_Gel,50,32.32,2.7402284514040707,0.2054,49.0,7.0,3.7563002608758223,13.0,2.8440489544692507,IndianStockMarket,medium,9
thenameisdk,50,9.02,2.6106208752164752,0.1086,49.0,10.0,3.544822001763704,12.0,2.6329706251030953,IndianStockMarket,medium,2
Background-Arrival84,50,21.21,3.347493845547844,0.4129,49.0,11.0,3.490561131319763,19.0,3.4304355005135823,IndianStockMarket,medium,4
CLubbr3X,50,16.65,2.7789606726753915,0.4406,49.0,7.0,3.903144940981577,23.0,3.907160743994029,IndianStockMarket,medium,1
Lohesh007,50,7.03,1.9975680529231892,0.3342,49.0,14.0,3.133020192448045,13.0,3.4656588813630322,IndianStockMarket,medium,1
Waakaari,50,4.26,2.72866692886498,0.4138,49.0,10.0,3.6080471909383074,13.0,3.0863701301561797,IndianStockMarket,medium,1
Usual_Disk2096,50,43.48,3.050123049773411,0.2591,49.0,7.0,3.9097917016899717,18.0,3.1766945626323704,IndianStockMarket,medium,2
CopyStrange7443,50,37.71,2.999980685608316,0.2935,49.0,9.0,3.354571622423992,17.0,3.466526355411851,IndianStockMarket,medium,2
Own_Froyo6202,14,103.69,3.2776134368191157,0.3565,13.0,17.0,2.610577243331642,4.0,1.2916919971380596,IndianStockMarket,medium,1
Ecstatic-Sun4063,50,13.63,2.9551226001396644,0.251,49.0,11.0,3.417851690851768,18.0,3.1215350140877955,IndianStockMarket,medium,2
unculturedtanmay,50,2.22,2.603051765648763,0.4505,49.0,12.0,3.348954822090643,21.0,4.055337750470312,IndianStockMarket,medium,2
Waste_Witness_8074,50,4.15,2.649750900736272,0.36,49.0,12.0,3.2382975702780197,21.0,3.907794392287774,IndianStockMarket,medium,3
deviprsd,50,4.96,2.682150392248798,0.2527,49.0,11.0,3.4030741894285694,25.0,4.26146788019945,IndianStockMarket,medium,1
Fair-Requirement5125,50,4.07,2.781993724230565,0.4005,49.0,7.0,3.890044500340505,16.0,3.517167734924641,IndianStockMarket,medium,1
softhearted_guy12,50,4.31,2.8774115451971736,0.2867,49.0,9.0,3.7338570720473734,16.0,3.3916719937776825,IndianStockMarket,medium,9
Odd-Flight2284,50,26.12,2.96137783455715,0.1577,49.0,10.0,3.5627539408084994,10.0,2.4693442852255485,IndianStockMarket,medium,1
EnvironmentalCap8164,50,3.07,2.6827977275367347,0.4227,49.0,8.0,3.6689548220906434,6.0,0.7995563653739032,IndianStockMarket,medium,2
bambambigolow,50,19.55,3.0176872465427964,0.5449,49.0,4.0,3.9517890110921687,7.0,1.897156314358455,IndianStockMarket,medium,2
iamavtar,50,4.79,2.742831511351765,0.2663,49.0,11.0,3.4508813799398332,31.0,4.741467880199452,IndianStockMarket,medium,4
Ummwhatwhy,50,91.92,2.844007012239361,0.3859,49.0,6.0,3.8100445003405055,13.0,3.19127238011291,IndianStockMarket,medium,1
batman008,50,20.07,2.74781878462429,0.1672,49.0,8.0,3.725588129810025,12.0,3.041217232982209,IndianStockMarket,medium,3
Livid_Strawberry9304,50,9.8,2.804719532659941,0.249,49.0,7.0,3.7610768800263723,24.0,4.16604988153611,IndianStockMarket,medium,1
FroyoBeautiful7910,50,10.36,2.8285974789106896,0.3194,49.0,8.0,3.765588129810025,10.0,2.6467112469031173,IndianStockMarket,medium,1
Immediate-Grand-4453,50,0.74,2.239992062846168,0.566,49.0,14.0,2.688177778392879,11.0,2.8284345734467236,IndianStockMarket,medium,3
benevolent001,50,27.85,2.821158132449459,0.1715,49.0,8.0,3.6317890110921693,20.0,3.9182426910248465,IndianStockMarket,medium,2
abd_pvt,50,11.93,2.9149848277229995,0.2739,49.0,10.0,3.5602948796802165,17.0,3.327403392114696,IndianStockMarket,medium,2
Opposite-Plankton558,50,423.04,3.0485356706486746,0.5307,49.0,9.0,3.6131023645672378,12.0,2.7805038327557683,IndianStockMarket,medium,2
AppleRelative9352,6,16.98,1.5219280948873621,0.0251,5.0,21.0,1.4591479170272448,5.0,2.2516291673878226,IndianStockMarket,medium,1
AccomplishedTooth43,50,26.75,2.9312446538889154,0.2419,49.0,6.0,3.943144940981577,17.0,3.3992759529833627,IndianStockMarket,medium,1
BuyerConscious3251,50,70.2,3.145179243204399,0.3781,49.0,10.0,3.264178202940093,12.0,2.940503832755768,IndianStockMarket,medium,1
AccomplishedKnee797,50,58.16,2.9585663283595913,0.364,49.0,6.0,3.943144940981577,21.0,3.7954085020233204,IndianStockMarket,medium,2
Few_Investigator7722,50,16.92,2.4845035230331862,0.1094,49.0,8.0,3.854693951646702,17.0,3.2697917016899716,IndianStockMarket,medium,2
ActuaryVegetable5471,50,54.26,2.6856121413533622,0.1322,49.0,9.0,3.7325035614687865,12.0,2.9236738265960076,IndianStockMarket,medium,2
One_Entrepreneur8298,50,23.03,2.814403573426628,0.2202,49.0,7.0,3.642460985054449,23.0,4.048884070537635,IndianStockMarket,medium,6
faizshaikhm,50,14.84,3.213715140202054,0.3683,49.0,10.0,3.3470123919416186,14.0,2.935241917363884,IndianStockMarket,medium,2
Glad_Round_4079,50,31.7,2.79271125279204,0.2274,49.0,8.0,3.6203107519800515,17.0,3.280698134488467,IndianStockMarket,medium,1
IncursiYO,50,38.23,2.865393663042096,0.3242,49.0,7.0,3.875783629896564,26.0,4.2712723801129115,IndianStockMarket,medium,2
Greedy-Temporary-137,50,128.09,3.2300549498949604,0.5295,49.0,10.0,3.1728786893420304,18.0,3.48637013015618,IndianStockMarket,medium,1
