subreddit,post_id,collection_month,comment_id,author,in_top10,top10_rank,in_first5,first5_rank,is_submitter,comment_score,comment_created_utc,comment_depth,author_account_age_days,author_link_karma,author_comment_karma,author_verified_email
india,1tblx4d,2026-06,olhpnsn,Warm-Geologist001,True,1.0,False,,False,912,1778638782,0,1708.6,3121.0,115307.0,True
india,1tblx4d,2026-06,olhona2,hartej0608,True,2.0,True,2.0,False,737,1778638437,0,45.5,1.0,1138.0,False
india,1tblx4d,2026-06,olhp4zy,TheDustMan99,True,3.0,True,5.0,False,415,1778638601,0,2888.8,11.0,7633.0,True
india,1tblx4d,2026-06,olhoh4o,Unfair_Fact_8258,True,4.0,True,1.0,False,370,1778638380,0,922.2,3541.0,56175.0,False
india,1tblx4d,2026-06,olhrflf,Due_Special6544,True,5.0,False,,False,235,1778639391,0,1924.1,188.0,507.0,True
india,1tblx4d,2026-06,olhp1cp,Silly-Twist993,True,6.0,True,4.0,False,217,1778638566,0,47.7,1.0,503.0,True
india,1tblx4d,2026-06,olhoqfq,mrlikrsh,True,7.0,True,3.0,False,88,1778638467,0,2203.5,3238.0,4211.0,True
india,1tblx4d,2026-06,oli6om6,Brilliant_Meal_2653,True,8.0,False,,False,78,1778645277,0,756.5,1.0,18852.0,True
india,1tblx4d,2026-06,oli0ces,Full_Stress7370,True,10.0,False,,False,52,1778642708,0,1772.4,740.0,20405.0,True
india,1tblx4d,2026-06,olhutvb,bolt_958,True,9.0,False,,False,53,1778640600,0,420.4,1.0,1483.0,True
india,1tjdhl5,2026-06,on0nsvp,No-Estimate2799,True,1.0,True,4.0,False,1513,1779350645,0,1744.2,227.0,1618.0,True
india,1tjdhl5,2026-06,on0ndt3,Aarti22,True,2.0,True,2.0,False,688,1779350420,0,2113.9,10.0,3250.0,True
india,1tjdhl5,2026-06,on0nxhv,kingjuliothe5th,True,3.0,False,,False,586,1779350715,0,1543.3,2525.0,9035.0,True
india,1tjdhl5,2026-06,on0nucd,StayingUp4AFeeling,True,4.0,True,5.0,False,416,1779350667,0,1004.4,3312.0,89699.0,True
india,1tjdhl5,2026-06,on0pcxn,SteamXpc,True,5.0,False,,False,328,1779351484,0,3268.3,2124.0,4830.0,True
india,1tjdhl5,2026-06,on0oejz,Paree264,True,6.0,False,,False,320,1779350966,0,2887.3,1.0,332032.0,True
india,1tjdhl5,2026-06,on0onxa,donnagreylucy,True,7.0,False,,False,318,1779351107,0,599.2,4373.0,23057.0,True
india,1tjdhl5,2026-06,on0pfyh,kaachabadaam,True,8.0,False,,False,198,1779351531,0,61.4,856.0,13704.0,True
india,1tjdhl5,2026-06,on0oorb,One_Blank_space,True,9.0,False,,False,142,1779351120,0,2368.9,900.0,10387.0,True
india,1tjdhl5,2026-06,on0naz2,DielectricPikachu,True,10.0,True,1.0,False,90,1779350378,0,1295.7,1670.0,16264.0,True
india,1tjdhl5,2026-06,on0ne2t,Leather-Statement914,False,,True,3.0,False,52,1779350424,0,213.5,21.0,1362.0,True
india,1t8an92,2026-06,okuxgqp,7thoseafterburners,True,1.0,True,3.0,False,783,1778348976,0,149.1,1.0,1217.0,True
india,1t8an92,2026-06,okv92n9,Primary-Editor-9288,True,2.0,False,,False,211,1778352548,0,2085.3,6967.0,20034.0,True
india,1t8an92,2026-06,okv0jeb,MadErection,True,3.0,True,4.0,False,197,1778349897,0,560.9,1.0,2688.0,True
india,1t8an92,2026-06,okurs8g,Due-Smoke8035,True,4.0,True,1.0,False,113,1778347286,0,443.1,5015.0,8442.0,True
india,1t8an92,2026-06,okuwug2,tilixr,True,6.0,True,2.0,False,70,1778348796,0,790.9,264.0,5277.0,True
india,1t8an92,2026-06,okv1f2n,Broad_Cartoonist_824,True,5.0,True,5.0,False,73,1778350166,0,1758.7,2622.0,3084.0,True
india,1t8an92,2026-06,okvs856,Accurate_Shift_3118,True,7.0,False,,False,48,1778358780,0,84.6,156.0,6173.0,True
india,1t8an92,2026-06,okv687j,avpai1992,True,8.0,False,,False,35,1778351647,0,1973.3,1.0,631.0,True
india,1t8an92,2026-06,okxlh8y,Silver-Excitement-80,True,9.0,False,,False,26,1778382653,0,2015.5,6465.0,31226.0,True
india,1t8an92,2026-06,okxythk,kawaiibeans101,True,10.0,False,,False,11,1778388400,0,2933.3,9346.0,3330.0,True
india,1tl62jq,2026-06,ondhy5t,rmk_1808,True,1.0,True,3.0,False,1245,1779510912,0,2084.6,30996.0,86069.0,True
india,1tl62jq,2026-06,ondgqis,Oldnbold22,True,2.0,True,1.0,True,1010,1779510354,0,96.7,5503.0,3552.0,True
india,1tl62jq,2026-06,ondgzzk,CanadianControlsTech,True,3.0,True,2.0,False,282,1779510475,0,2860.0,1.0,4977.0,True
india,1tl62jq,2026-06,ondpqjz,mrdrinksonme,True,4.0,False,,False,201,1779514675,0,3015.5,20230.0,56000.0,True
india,1tl62jq,2026-06,ondjba5,sharedevaaste,True,5.0,True,4.0,False,143,1779511544,0,2030.2,125624.0,21930.0,True
india,1tl62jq,2026-06,ondsqzv,profShadow07,True,6.0,False,,False,119,1779516182,0,2122.6,281.0,3265.0,True
india,1tl62jq,2026-06,ondpuid,Embarrassed_Look9200,True,7.0,False,,False,64,1779514729,0,424.4,19946.0,95071.0,True
india,1tl62jq,2026-06,ondmlf4,Lonely_Scholar955,True,8.0,False,,False,50,1779513119,0,2034.0,191.0,198.0,True
india,1tl62jq,2026-06,one1vl4,sabrinachuchundhar,True,9.0,False,,False,45,1779520899,0,69.2,2799.0,15023.0,True
india,1tl62jq,2026-06,ondzes4,Uncertn_Laaife,True,10.0,False,,False,36,1779519610,0,2950.1,1017.0,283223.0,True
india,1tl62jq,2026-06,ondloo3,bhodrolok,False,,True,5.0,False,17,1779512675,0,4005.2,698688.0,251007.0,True
india,1tbarqa,2026-06,olf9jtj,Akshayyyyyyyyyyyyyyy,True,1.0,True,1.0,False,202,1778611799,0,238.3,9056.0,1091.0,True
india,1tbarqa,2026-06,olfctrx,bongmadchen,True,2.0,True,2.0,False,90,1778612682,0,2850.2,467.0,12235.0,True
india,1tbarqa,2026-06,olfkktv,TillGreat9631,True,3.0,False,,False,51,1778614796,0,1217.2,57411.0,5400.0,False
india,1tbarqa,2026-06,olfdywn,Educational_wolf_001,True,4.0,True,3.0,False,30,1778612992,0,613.9,378.0,265.0,True
india,1tbarqa,2026-06,olhh2km,ktka,True,5.0,False,,False,14,1778635887,0,5056.1,22152.0,161210.0,False
india,1tbarqa,2026-06,olfp6yq,MoveTheHeffalump,True,6.0,False,,False,12,1778616040,0,1250.9,1880.0,7051.0,True
india,1tbarqa,2026-06,olfwcmp,Panda-768,True,7.0,False,,False,10,1778617982,0,1558.7,1443.0,119977.0,True
india,1tbarqa,2026-06,olgvc09,MissionStatistician,True,8.0,False,,False,7,1778628660,0,2954.1,2444.0,85607.0,True
india,1tbarqa,2026-06,olgcurn,Legitimate-Leek4235,True,9.0,False,,False,4,1778622685,0,1422.0,117.0,6569.0,True
india,1tbarqa,2026-06,olffffz,dehati_galib,True,10.0,True,4.0,False,3,1778613390,0,858.7,1.0,33862.0,False
india,1tbarqa,2026-06,olfgu0p,Legend-Found1,False,,True,5.0,False,1,1778613773,0,1495.6,11272.0,6790.0,True
india,1tucj15,2026-06,op8mtx8,Brief_Atmosphere5359,True,1.0,True,1.0,False,695,1780365222,0,83.6,86.0,3016.0,True
india,1tucj15,2026-06,op8nr92,minimallysubliminal,True,2.0,True,2.0,False,303,1780365558,0,3320.8,687.0,39408.0,True
india,1tucj15,2026-06,op8putb,avadakedavraTom,True,3.0,True,4.0,False,143,1780366318,0,3288.2,130.0,2931.0,False
india,1tucj15,2026-06,op8tek4,museinprogress,True,4.0,False,,False,109,1780367617,0,229.8,7082.0,57603.0,True
india,1tucj15,2026-06,op8v4e4,FrostedRosePetals,True,5.0,False,,False,72,1780368262,0,460.9,9.0,122.0,True
india,1tucj15,2026-06,op8w253,Ambitious_Jello,True,6.0,False,,False,43,1780368614,0,2268.8,24939.0,246951.0,True
india,1tucj15,2026-06,op9a2b1,PhantomOfTheNopera,True,7.0,False,,False,32,1780374254,0,2112.8,20880.0,530024.0,True
india,1tucj15,2026-06,op9ffnd,dontstealmydinner,True,8.0,False,,False,29,1780376633,0,2378.1,1240.0,89184.0,True
india,1tucj15,2026-06,op8stn1,MoroseMasalaDosa,True,9.0,True,5.0,False,18,1780367402,0,643.3,4.0,341.0,True
india,1tucj15,2026-06,op8tq37,rashtra_man,True,10.0,False,,False,17,1780367738,0,3223.7,673.0,2724.0,True
india,1tucj15,2026-06,op8oxfi,FewStaff3464,False,,True,3.0,False,4,1780365985,0,53.3,1.0,1385.0,False
india,1thu8tq,2026-06,ompx7sz,bzbeer,True,1.0,True,4.0,False,504,1779215681,0,2994.3,140.0,16755.0,True
india,1thu8tq,2026-06,ompnx8k,StorageDue808,True,2.0,True,1.0,False,266,1779213193,0,133.4,24.0,1046.0,False
india,1thu8tq,2026-06,omq5g1y,CuriousHelpful,True,3.0,False,,False,175,1779217891,0,795.9,6148.0,7201.0,True
india,1thu8tq,2026-06,omq6dd6,Crazypann,True,4.0,False,,False,163,1779218140,0,1985.0,413.0,3117.0,True
india,1thu8tq,2026-06,omq8lct,Meta-Morpheus-New,True,5.0,False,,False,146,1779218740,0,1656.2,8820.0,3907.0,True
india,1thu8tq,2026-06,ompor29,predator9494,True,6.0,True,2.0,False,107,1779213407,0,1900.1,1880.0,82807.0,True
india,1thu8tq,2026-06,omsi759,Karinaakkan,True,7.0,False,,False,82,1779244269,0,934.4,190.0,3218.0,True
india,1thu8tq,2026-06,omq4stj,ajkumartiwari,True,8.0,False,,False,74,1779217720,0,2440.6,702.0,290.0,True
india,1thu8tq,2026-06,omq2upk,apurav21,True,9.0,True,5.0,False,31,1779217190,0,2260.0,1.0,408.0,True
india,1thu8tq,2026-06,omsa5e3,Straight_Drive_7882,True,10.0,False,,False,16,1779241505,0,1602.5,138.0,7301.0,True
india,1thu8tq,2026-06,ompuiyt,msinghmsn,False,,True,3.0,False,4,1779214951,0,2433.3,17.0,3272.0,True
india,1tps4c4,2026-06,oob2csu,PuzzleheadedHead1787,True,1.0,True,1.0,False,704,1779940570,0,1287.7,1.0,1063.0,True
india,1tps4c4,2026-06,oob2fzh,NoNameDotCPP6769,True,2.0,True,2.0,False,193,1779940604,0,479.8,1.0,7988.0,True
india,1tps4c4,2026-06,oob2xny,No-Assignment7129,True,3.0,True,3.0,False,160,1779940797,0,2098.4,163676.0,72803.0,True
india,1tps4c4,2026-06,oob37lv,hellhound_1505,True,4.0,True,4.0,False,153,1779940906,0,548.3,796.0,12540.0,False
india,1tps4c4,2026-06,oob44w6,Sound_Less,True,5.0,True,5.0,False,40,1779941278,0,2702.4,953.0,22262.0,True
india,1tps4c4,2026-06,oobafs7,OkAuthor5971,True,6.0,False,,False,28,1779943912,0,1051.6,1.0,1749.0,True
india,1tps4c4,2026-06,oob92o6,sanyam303,True,7.0,False,,False,12,1779943331,0,4118.3,913.0,6469.0,True
india,1tps4c4,2026-06,oob6pcu,Budget-Turnover3231,True,10.0,False,,False,6,1779942336,0,50.6,2.0,10765.0,False
india,1tps4c4,2026-06,oobgsyv,avatarape,True,8.0,False,,False,8,1779946765,0,1659.2,1.0,853.0,True
india,1tps4c4,2026-06,oob9beu,Inj3kt0r,True,9.0,False,,False,7,1779943433,0,2010.5,15841.0,16600.0,True
india,1tgcqn4,2026-06,omfprfi,Great-Hornet6968,True,1.0,False,,False,1403,1779084482,0,2066.7,231.0,3223.0,True
india,1tgcqn4,2026-06,omfk7jq,CareerThis2727,True,2.0,True,1.0,False,665,1779081674,0,436.6,637.0,10426.0,True
india,1tgcqn4,2026-06,omfmhk5,ascetic-egoist,True,3.0,True,4.0,False,535,1779082814,0,797.7,57.0,722.0,True
india,1tgcqn4,2026-06,omfl5hj,Lyx97,True,4.0,True,2.0,False,198,1779082138,0,3201.3,2052.0,14460.0,True
india,1tgcqn4,2026-06,omfnjw9,Imalldeadinside,True,5.0,False,,False,28,1779083350,0,2298.4,11367.0,19474.0,True
india,1tgcqn4,2026-06,omfmxvy,AkaiAshu,True,7.0,True,5.0,False,25,1779083043,0,1814.3,5563.0,130668.0,True
india,1tgcqn4,2026-06,omft912,zaf11ant,True,6.0,False,,False,27,1779086302,0,2297.9,854.0,10428.0,True
india,1tgcqn4,2026-06,omftvmt,Requires-citation,True,8.0,False,,False,15,1779086629,0,5009.1,2374.0,15611.0,True
india,1tgcqn4,2026-06,omflf73,sidfromtheeast,True,9.0,True,3.0,False,11,1779082273,0,2167.2,13577.0,16838.0,True
india,1tgcqn4,2026-06,omfpm4b,shayand897,True,10.0,False,,False,8,1779084404,0,2180.1,163.0,5264.0,True
india,1tuqjg5,2026-06,opbaf8o,Upset_icecream,True,1.0,True,1.0,False,815,1780406240,0,382.1,1214.0,1428.0,True
india,1tuqjg5,2026-06,opbax2u,sharmauncleji,True,2.0,True,2.0,False,445,1780406388,0,356.7,5.0,2100.0,False
india,1tuqjg5,2026-06,opbetg7,stewwweee,True,3.0,True,4.0,False,248,1780407549,0,1450.8,268.0,2689.0,True
india,1tuqjg5,2026-06,opblgyv,jeffbro_com,True,4.0,False,,False,90,1780409477,0,2820.4,613.0,601.0,True
india,1tuqjg5,2026-06,opbktsi,timvenc,True,5.0,False,,False,68,1780409294,0,154.1,1.0,526.0,True
india,1tuqjg5,2026-06,opbbkf9,kungfu_chameli,True,6.0,True,3.0,False,49,1780406581,0,4606.5,99.0,2483.0,True
india,1tuqjg5,2026-06,opcl2xq,No-Librarian4828,True,7.0,False,,False,44,1780418979,0,338.1,1.0,100.0,False
india,1tuqjg5,2026-06,opckyp0,pr0f3s0r,True,9.0,False,,False,24,1780418949,0,2268.2,8015.0,532.0,True
india,1tuqjg5,2026-06,opbv2mn,Affectionate-Can5285,True,8.0,False,,False,25,1780412127,0,243.9,1.0,416.0,False
india,1tuqjg5,2026-06,opc4nht,MeTejaHu,True,10.0,False,,False,17,1780414674,0,1356.7,7665.0,59767.0,True
india,1tuqjg5,2026-06,opbgx1e,avpai1992,False,,True,5.0,False,17,1780408168,0,1973.3,1.0,631.0,True
india,1tex83k,2026-06,om5guk4,Natural-Joke3185,True,1.0,True,4.0,False,762,1778947305,0,285.3,10.0,4733.0,True
india,1tex83k,2026-06,om5f80x,Unfair_Fact_8258,True,2.0,True,2.0,False,575,1778946822,0,922.2,3541.0,56175.0,False
india,1tex83k,2026-06,om5gowk,mirincool,True,3.0,True,3.0,False,556,1778947258,0,1450.5,418.0,43725.0,True
india,1tex83k,2026-06,om5m7oi,Square-Performer-568,True,4.0,False,,False,351,1778948937,0,1076.2,1.0,677.0,True
india,1tex83k,2026-06,om5hlmv,MajesticAd5047,True,5.0,False,,False,261,1778947531,0,1674.8,44165.0,219594.0,True
india,1tex83k,2026-06,om5ix89,sharkpeid,True,6.0,False,,False,253,1778947936,0,4797.5,338.0,32876.0,True
india,1tex83k,2026-06,om5eiql,Much-Mess7627,True,7.0,True,1.0,False,148,1778946613,0,125.6,11053.0,8238.0,True
india,1tex83k,2026-06,om5jc4p,GoMeansGo,True,8.0,False,,False,141,1778948062,0,4050.7,1768.0,23819.0,True
india,1tex83k,2026-06,om5k2vd,Comfortable_Gas9850,True,9.0,False,,False,135,1778948289,0,2090.7,877.0,4254.0,True
india,1tex83k,2026-06,om5prf1,shvm09,True,10.0,False,,False,89,1778950025,0,47.4,292.0,7721.0,True
india,1tex83k,2026-06,om5heuz,thekp7,False,,True,5.0,False,64,1778947474,0,2119.7,2.0,3773.0,True
india,1ttmm38,2026-06,op3hygo,n1kzt7r,True,1.0,True,3.0,False,527,1780306382,0,1059.5,168.0,4806.0,True
india,1ttmm38,2026-06,op3g5wc,popmeer_on_call,True,2.0,True,2.0,False,309,1780305444,0,1249.7,506.0,14344.0,True
india,1ttmm38,2026-06,op3ii9o,Sound_Less,True,3.0,False,,False,202,1780306672,0,2702.4,953.0,22262.0,True
india,1ttmm38,2026-06,op3fh2v,Union_worth14,True,4.0,True,1.0,False,151,1780305077,0,121.2,108.0,2097.0,True
india,1ttmm38,2026-06,op3i4js,Embarrassed_Look9200,True,5.0,True,4.0,False,86,1780306471,0,424.4,19946.0,95071.0,True
india,1ttmm38,2026-06,op3i9r2,amsamp83,True,6.0,True,5.0,False,75,1780306547,0,2354.6,421.0,2195.0,True
india,1ttmm38,2026-06,op3iu9r,MeTejaHu,True,7.0,False,,False,36,1780306844,0,1356.7,7665.0,59767.0,True
india,1ttmm38,2026-06,op3ixy2,ohwhatfollyisman,True,8.0,False,,False,33,1780306897,0,1560.7,68.0,45396.0,True
india,1ttmm38,2026-06,op3m7ej,Condom_Kumara,True,9.0,False,,False,29,1780308505,0,101.4,828.0,16524.0,True
india,1ttmm38,2026-06,op3omu5,INFPamigo,True,10.0,False,,False,6,1780309657,0,1947.4,3150.0,100836.0,True
india,1tjtd70,2026-06,on3uxrb,Senior-Masterpiece29,True,1.0,True,3.0,False,489,1779388814,0,1851.5,201.0,2295.0,True
india,1tjtd70,2026-06,on3uwrp,kaachabadaam,True,2.0,True,2.0,False,104,1779388807,0,61.4,856.0,13704.0,True
india,1tjtd70,2026-06,on3ubd8,RonaldGlasgow,True,3.0,True,1.0,False,98,1779388641,0,894.1,1283.0,19046.0,True
india,1tjtd70,2026-06,on40e3w,pinkteddybear08,True,4.0,False,,False,87,1779390315,0,594.2,668.0,5601.0,True
india,1tjtd70,2026-06,on45g56,iclaudius82,True,5.0,False,,False,73,1779391743,0,2685.2,292.0,4801.0,True
india,1tjtd70,2026-06,on4e22x,PlotTwistNo,True,6.0,False,,False,31,1779394160,0,27.0,20.0,465.0,True
india,1tjtd70,2026-06,on40xnf,Sure-Perception-2030,True,7.0,False,,False,24,1779390466,0,767.7,1651.0,5719.0,True
india,1tjtd70,2026-06,on4mc06,Due_Emu1303,True,8.0,False,,False,22,1779396492,0,1431.0,1.0,94.0,True
india,1tjtd70,2026-06,on3yfou,SenseAny486,True,9.0,True,5.0,False,17,1779389773,0,1376.2,2716.0,46363.0,True
india,1tjtd70,2026-06,on6pkdo,otter_patronus_9965,True,10.0,False,,False,9,1779423199,0,2086.6,1167.0,2527.0,True
india,1tjtd70,2026-06,on3w3hl,Old-Talk3509,False,,True,4.0,False,6,1779389133,0,,,,
india,1t9tok9,2026-06,ol4o15c,Fun-Poet5338,True,1.0,False,,False,481,1778478898,0,679.6,1.0,50735.0,True
india,1t9tok9,2026-06,ol4ksgc,Embarrassed_Look9200,True,2.0,True,2.0,False,329,1778477282,0,424.4,19946.0,95071.0,True
india,1t9tok9,2026-06,ol4k45h,Warm-Geologist001,True,3.0,True,1.0,False,246,1778476948,0,1708.6,3121.0,115307.0,True
india,1t9tok9,2026-06,ol4l2r9,crasherdgrate,True,4.0,True,3.0,False,160,1778477426,0,4693.5,6612.0,51497.0,True
india,1t9tok9,2026-06,ol4m9e7,Mindgrinder1,True,5.0,True,4.0,False,108,1778478014,0,2455.4,4.0,5342.0,True
india,1t9tok9,2026-06,ol4q1fi,Easy_Ad6473,True,6.0,False,,False,77,1778479915,0,614.5,408.0,513.0,True
india,1t9tok9,2026-06,ol4wsxq,Independent-Rice-939,True,7.0,False,,False,62,1778483433,0,1449.6,1.0,1423.0,True
india,1t9tok9,2026-06,ol54kol,Impressive_Zone_8006,True,9.0,False,,False,57,1778487639,0,501.3,1542.0,259.0,True
india,1t9tok9,2026-06,ol4mdxh,rohithkumarsp,True,8.0,True,5.0,False,60,1778478076,0,4686.5,164099.0,137323.0,True
india,1t9tok9,2026-06,ol4tug3,tb33296,True,10.0,False,,False,24,1778481890,0,3091.2,5017.0,27016.0,True
india,1tr92jn,2026-06,oom3d0j,ni5arga,True,1.0,False,,False,1720,1780077200,0,1003.9,900.0,2654.0,True
india,1tr92jn,2026-06,ooly6hf,novice-procastinator,True,2.0,True,2.0,False,419,1780075861,0,984.7,218.0,6047.0,True
india,1tr92jn,2026-06,oolz47m,YuYuWiWi,True,3.0,True,3.0,False,205,1780076104,0,376.7,4958.0,1632.0,True
india,1tr92jn,2026-06,oom695w,BitterConstruction98,True,4.0,False,,False,105,1780077953,0,562.5,8065.0,14181.0,True
india,1tr92jn,2026-06,oolxeyn,ExaminationFail25,True,5.0,True,1.0,False,82,1780075664,0,1485.3,53.0,189921.0,True
india,1tr92jn,2026-06,oomav1y,Lanky-Mirror9185,True,6.0,False,,False,54,1780079172,0,97.5,59.0,1862.0,True
india,1tr92jn,2026-06,oombwpe,Royal_Speech_3742,True,7.0,False,,False,26,1780079455,0,1690.3,9248.0,21568.0,True
india,1tr92jn,2026-06,oom38xv,Rover_791,True,8.0,True,5.0,False,22,1780077170,0,2009.8,13054.0,72264.0,True
india,1tr92jn,2026-06,oom1hrf,Broad_Cartoonist_824,True,9.0,True,4.0,False,17,1780076718,0,1758.7,2622.0,3084.0,True
india,1tr92jn,2026-06,oom5o5k,Forward-Mushroom9968,True,10.0,False,,False,9,1780077799,0,524.4,5.0,4301.0,True
india,1to5me5,2026-06,onypbb0,ElusiveAnmol,True,1.0,True,1.0,False,803,1779799649,0,4942.5,7832.0,12232.0,True
india,1to5me5,2026-06,onytwwd,AFT3RLYF,True,2.0,True,4.0,False,654,1779801138,0,2356.1,438.0,19828.0,True
india,1to5me5,2026-06,onyu6lp,that1-_guy,True,3.0,True,5.0,False,406,1779801223,0,2884.2,9357.0,34500.0,True
india,1to5me5,2026-06,onyrraj,chatpata_aaloo,True,4.0,True,2.0,False,326,1779800447,0,330.3,975.0,2833.0,True
india,1to5me5,2026-06,onz14oh,badass_rowdy,True,5.0,False,,False,136,1779803355,0,292.4,390.0,9288.0,True
india,1to5me5,2026-06,onys1v2,novice-procastinator,True,6.0,True,3.0,False,98,1779800542,0,984.7,218.0,6047.0,True
india,1to5me5,2026-06,onz6lfh,abskpr,True,7.0,False,,False,54,1779804949,0,4681.6,1385.0,5257.0,True
india,1to5me5,2026-06,onzre9i,expression-waves,True,9.0,False,,False,34,1779810632,0,723.6,997.0,6121.0,True
india,1to5me5,2026-06,onyy6ot,donnagreylucy,True,8.0,False,,False,35,1779802467,0,599.2,4373.0,23057.0,True
india,1to5me5,2026-06,onyvkb0,loyal_fuck_boii,True,10.0,False,,False,24,1779801655,0,95.2,1.0,2792.0,True
india,1twcnlp,2026-06,opndypf,DangerousJuice6748,True,1.0,True,1.0,False,635,1780546392,0,658.8,9970.0,7906.0,False
india,1twcnlp,2026-06,opne5cf,nonstop-nonsense,True,2.0,True,2.0,False,245,1780546469,0,3174.4,3552.0,51438.0,True
india,1twcnlp,2026-06,opnelfl,No-Editor4624,True,3.0,True,4.0,False,199,1780546657,0,786.5,25016.0,1263.0,False
india,1twcnlp,2026-06,opnfa01,Shot-Froyo9654,True,4.0,False,,False,172,1780546944,0,183.6,79.0,14363.0,True
india,1twcnlp,2026-06,opnkbkj,sheishere666,True,5.0,False,,False,94,1780549132,0,1394.6,24.0,1295.0,True
india,1twcnlp,2026-06,opnpr84,click-to-reveal,True,6.0,False,,False,58,1780551647,0,244.6,5224.0,2877.0,True
india,1twcnlp,2026-06,opne6go,alftim,True,7.0,True,3.0,False,50,1780546483,0,3189.2,93.0,2757.0,True
india,1twcnlp,2026-06,opnl5l8,Sudden_Mix9724,True,8.0,False,,False,41,1780549507,0,1824.8,1322.0,24350.0,True
india,1twcnlp,2026-06,opnemwx,Entire_One2271,True,9.0,True,5.0,False,32,1780546674,0,304.7,1.0,2412.0,False
india,1twcnlp,2026-06,opnoxbz,tera_chachu,True,10.0,False,,False,23,1780551252,0,1114.4,10521.0,192086.0,True
india,1th6n3u,2026-06,oml6xna,KussyPigga,True,1.0,True,4.0,False,541,1779153451,0,1016.3,7574.0,26829.0,True
india,1th6n3u,2026-06,omkyiz7,JKKIDD231,True,2.0,True,1.0,True,540,1779150570,0,2191.4,230328.0,519214.0,True
india,1th6n3u,2026-06,ommntur,Aggressive-Gene-9663,True,3.0,False,,False,212,1779175335,0,512.0,12515.0,9501.0,True
india,1th6n3u,2026-06,oml5epe,electri-cute,True,4.0,True,3.0,False,207,1779152928,0,568.7,7.0,7485.0,True
india,1th6n3u,2026-06,omlcxhe,gupts007,True,5.0,False,,False,157,1779155504,0,2123.9,165.0,16530.0,True
india,1th6n3u,2026-06,omkyp4x,Accomplished-Ad539,True,6.0,True,2.0,False,71,1779150630,0,2087.2,1320.0,36461.0,True
india,1th6n3u,2026-06,omlnt85,Warm-Geologist001,True,8.0,False,,False,48,1779159272,0,1708.6,3121.0,115307.0,True
india,1th6n3u,2026-06,oml8elc,Thy_Gap_Slayer,True,7.0,True,5.0,False,49,1779153958,0,292.4,8.0,13392.0,True
india,1th6n3u,2026-06,omll7zq,ProblemOk1054,True,9.0,False,,False,41,1779158352,0,1446.4,1.0,1368.0,True
india,1th6n3u,2026-06,omlis0q,int3InShadesmar,True,10.0,False,,False,30,1779157494,0,150.3,1114.0,11021.0,True
india,1t9orwc,2026-06,ol3ob1v,King_sach,True,1.0,True,2.0,False,554,1778463631,0,1298.5,17.0,4321.0,True
india,1t9orwc,2026-06,ol3w978,Intelligent_Log1302,True,2.0,False,,False,279,1778466528,0,884.4,38.0,2585.0,True
india,1t9orwc,2026-06,ol3xtj0,Typical_Platform853,True,3.0,False,,False,249,1778467122,0,1873.0,154.0,2377.0,True
india,1t9orwc,2026-06,ol3nepv,CareerThis2727,True,4.0,True,1.0,False,80,1778463298,0,436.6,637.0,10426.0,True
india,1t9orwc,2026-06,ol3pkrt,spermaathma,True,5.0,True,3.0,False,66,1778464100,0,522.7,3495.0,9284.0,True
india,1t9orwc,2026-06,ol3ti61,Xulf_lehrai,True,6.0,True,4.0,False,63,1778465525,0,1277.4,122.0,2129.0,True
india,1t9orwc,2026-06,ol3uzaf,Aggressive-Speed-987,True,7.0,True,5.0,False,54,1778466062,0,39.8,1.0,2101.0,True
india,1t9orwc,2026-06,ol41ye1,my-blood,True,8.0,False,,False,49,1778468770,0,2066.6,53704.0,53843.0,True
india,1t9orwc,2026-06,ol4mj7c,nboinboi2,True,9.0,False,,False,27,1778478148,0,740.4,629.0,1989.0,True
india,1t9orwc,2026-06,ol4cmnh,Embarrassed_Look9200,True,10.0,False,,False,25,1778473382,0,424.4,19946.0,95071.0,True
india,1tdsz80,2026-06,olxgc0j,Accomplished-Ad539,True,1.0,True,2.0,False,794,1778843630,0,2087.2,1320.0,36461.0,True
india,1tdsz80,2026-06,olxi5xq,Paree264,True,2.0,True,4.0,False,541,1778844359,0,2887.3,1.0,332032.0,True
india,1tdsz80,2026-06,olxhw6r,ExaminationFail25,True,3.0,True,3.0,False,272,1778844254,0,1485.3,53.0,189921.0,True
india,1tdsz80,2026-06,olxff3t,CareerThis2727,True,4.0,True,1.0,False,205,1778843255,0,436.6,637.0,10426.0,True
india,1tdsz80,2026-06,olxiifm,bluegoldredsilver5,True,5.0,True,5.0,False,200,1778844497,0,914.2,2695.0,95675.0,True
india,1tdsz80,2026-06,olxnr8l,SuperfluousMainMan,True,6.0,False,,False,130,1778846486,0,2196.3,1514.0,32567.0,True
india,1tdsz80,2026-06,olxkrs7,Altruistic_Sky1866,True,7.0,False,,False,67,1778845376,0,2164.5,943.0,34596.0,True
india,1tdsz80,2026-06,olxxb0v,InternMediocre7319,True,8.0,False,,False,52,1778849782,0,1053.1,646.0,11745.0,True
india,1tdsz80,2026-06,olxkmhw,Unfair_Fact_8258,True,9.0,False,,False,43,1778845319,0,922.2,3541.0,56175.0,False
india,1tdsz80,2026-06,olxn0n5,Silver-Excitement-80,True,10.0,False,,False,33,1778846214,0,2015.5,6465.0,31226.0,True
india,1twpmv1,2026-06,oppz09x,buzz_shocker,True,1.0,True,2.0,False,797,1780584445,0,3021.7,49522.0,59277.0,True
india,1twpmv1,2026-06,opq09yq,kaachabadaam,True,2.0,True,4.0,False,446,1780584790,0,61.4,856.0,13704.0,True
india,1twpmv1,2026-06,oppxqhn,ZebraEfficient1748,True,3.0,True,1.0,False,283,1780584102,0,14.8,6.0,1276.0,True
india,1twpmv1,2026-06,opq0eq8,nimbutimbu,True,4.0,True,5.0,False,123,1780584827,0,2261.6,767.0,77562.0,True
india,1twpmv1,2026-06,opq17gv,CantaloupeUpset5402,True,5.0,False,,False,61,1780585043,0,802.2,1.0,1039.0,True
india,1twpmv1,2026-06,opq3h05,Fragrant-Talk6338,True,6.0,False,,False,52,1780585655,0,1035.2,635.0,7925.0,True
india,1twpmv1,2026-06,opq56it,Large-Chip2134,True,7.0,False,,False,45,1780586115,0,1629.3,47.0,7823.0,True
india,1twpmv1,2026-06,opq05as,Future_Definition_55,True,8.0,True,3.0,False,36,1780584755,0,671.2,1.0,3946.0,True
india,1twpmv1,2026-06,opqred1,bheem-king,True,9.0,False,,False,32,1780592013,0,117.2,43.0,8831.0,True
india,1twpmv1,2026-06,opq2lzy,rahkrish,True,10.0,False,,False,15,1780585421,0,3612.0,374.0,35610.0,True
india,1tlbiba,2026-06,oneem77,joy74,True,1.0,True,1.0,False,617,1779527874,0,3144.4,6352.0,157052.0,True
india,1tlbiba,2026-06,onemrtr,the_sane_philosopher,True,2.0,False,,False,325,1779532259,0,1357.7,1.0,8326.0,False
india,1tlbiba,2026-06,onelyff,Drake_Xahu,True,3.0,False,,False,255,1779531837,0,2976.8,18675.0,71113.0,True
india,1tlbiba,2026-06,onehirw,PTAGoatofalltime,True,4.0,True,4.0,False,211,1779529475,0,48.2,1939.0,14618.0,False
india,1tlbiba,2026-06,oner7lu,bs_dhani,True,5.0,False,,False,111,1779534436,0,3499.7,17521.0,30371.0,True
india,1tlbiba,2026-06,onelk1l,CanIJoinToo,True,6.0,False,,False,107,1779531625,0,1202.5,634.0,1610.0,True
india,1tlbiba,2026-06,onegsjf,youioiut,True,7.0,True,2.0,False,59,1779529078,0,437.3,124.0,617.0,True
india,1tlbiba,2026-06,onemff9,Remote_Ant6336,True,8.0,False,,False,53,1779532083,0,2133.8,1.0,155.0,True
india,1tlbiba,2026-06,onf15qh,mybarefootstory,True,9.0,False,,False,35,1779538755,0,663.0,10.0,668.0,False
india,1tlbiba,2026-06,onerx6l,ChillyLavaPlanet,True,10.0,False,,False,32,1779534768,0,541.2,2313.0,8035.0,True
india,1tlbiba,2026-06,onehbm5,No-Assignment7129,False,,True,3.0,False,21,1779529366,0,2098.4,163676.0,72803.0,True
india,1tlbiba,2026-06,onehncu,Savings_Store_7231,False,,True,5.0,False,15,1779529542,0,760.0,6112.0,57196.0,True
india,1twc37n,2026-06,opnakq2,NoNameDotCPP6769,True,1.0,True,2.0,False,464,1780545021,0,479.8,1.0,7988.0,True
india,1twc37n,2026-06,opnfabw,bheem-king,True,2.0,False,,False,406,1780546948,0,117.2,43.0,8831.0,True
india,1twc37n,2026-06,opnezza,hgwellsrf,True,3.0,False,,False,223,1780546827,0,4060.6,2315.0,36869.0,True
india,1twc37n,2026-06,opnbf2i,HoveringMango,True,4.0,True,3.0,False,114,1780545350,0,106.3,660.0,5812.0,True
india,1twc37n,2026-06,opnaevc,AkaiAshu,True,5.0,True,1.0,False,75,1780544957,0,1814.3,5563.0,130668.0,True
india,1twc37n,2026-06,opneget,avanishpank,True,6.0,True,5.0,False,26,1780546597,0,3573.2,73.0,4250.0,True
india,1twc37n,2026-06,opnhyds,RadiantJoke6110,True,7.0,False,,False,11,1780548095,0,182.4,2.0,251.0,False
india,1twc37n,2026-06,opnega2,__kingslayer_,True,8.0,True,4.0,False,9,1780546596,0,2067.5,37184.0,21239.0,True
india,1twc37n,2026-06,opnhqv6,An1meK1ng,True,9.0,False,,False,8,1780548005,0,2345.1,773.0,9995.0,True
india,1twc37n,2026-06,opnjfg2,kingprocastinator,True,10.0,False,,False,4,1780548738,0,3655.5,4.0,917.0,True
india,1tc3u0s,2026-06,oll7o4b,JKKIDD231,True,1.0,True,1.0,True,619,1778687790,0,2191.4,230328.0,519214.0,True
india,1tc3u0s,2026-06,ollhzui,GanjaGlobal,True,2.0,False,,False,336,1778690554,0,1951.2,34048.0,23393.0,True
india,1tc3u0s,2026-06,oll9o5u,mrlikrsh,True,3.0,True,3.0,False,267,1778688322,0,2203.5,3238.0,4211.0,True
india,1tc3u0s,2026-06,ollawne,-DrugsAndHugs-,True,4.0,True,4.0,False,167,1778688651,0,2496.3,4908.0,8870.0,True
india,1tc3u0s,2026-06,ollgoc7,cosmosreader1211,True,5.0,False,,False,95,1778690196,0,1007.7,3974.0,24335.0,True
india,1tc3u0s,2026-06,oll7u6r,Prestigious-Fix7777,True,6.0,True,2.0,False,72,1778687833,0,1654.8,2.0,438.0,True
india,1tc3u0s,2026-06,ollk16u,Diligent_Fondant6761,True,7.0,False,,False,64,1778691091,0,2067.5,179.0,3463.0,True
india,1tc3u0s,2026-06,ollekvu,pseudostratscholar,True,8.0,True,5.0,False,55,1778689629,0,646.7,112.0,1285.0,True
india,1tc3u0s,2026-06,olmbmnl,Icy-Singer308,True,9.0,False,,False,48,1778698325,0,1448.7,97.0,203.0,True
india,1tc3u0s,2026-06,ollh7qt,holdmyfat,True,10.0,False,,False,41,1778690342,0,45.0,1.0,952.0,True
india,1tb0imb,2026-06,old3wg2,Condom_Kumara,True,1.0,True,3.0,False,321,1778590669,0,101.4,828.0,16524.0,True
india,1tb0imb,2026-06,old2zob,no_frills_yo,True,2.0,True,1.0,False,226,1778590383,0,1698.8,6.0,19789.0,True
india,1tb0imb,2026-06,old3qm7,GroundbreakingMuffin,True,3.0,True,2.0,False,77,1778590618,0,3019.2,5447.0,4342.0,True
india,1tb0imb,2026-06,oldb4r5,Easy_Ad6473,True,4.0,False,,False,58,1778592870,0,614.5,408.0,513.0,True
india,1tb0imb,2026-06,old9ywu,Accomplished-Ad539,True,5.0,True,5.0,False,42,1778592521,0,2087.2,1320.0,36461.0,True
india,1tb0imb,2026-06,oldbqv8,Think_Job379,True,6.0,False,,False,37,1778593055,0,852.5,2356.0,980.0,True
india,1tb0imb,2026-06,old6bo7,CaterpillarTight4275,True,7.0,True,4.0,False,34,1778591419,0,1846.1,1.0,188.0,False
india,1tb0imb,2026-06,oldc2yq,Sensitive_Win_6072,True,8.0,False,,False,25,1778593157,0,161.3,863.0,736.0,True
india,1tb0imb,2026-06,oldhlc5,predator9494,True,9.0,False,,False,24,1778594761,0,1900.1,1880.0,82807.0,True
india,1tb0imb,2026-06,oldbkgi,prateeksaraswat,True,10.0,False,,False,16,1778593002,0,4116.7,18.0,13801.0,True
india,1tkcnq8,2026-06,on7mzyt,Fragrant-Talk6338,True,1.0,True,3.0,False,700,1779439797,0,1035.2,635.0,7925.0,True
india,1tkcnq8,2026-06,on7kzrw,Memoire_113,True,2.0,True,1.0,False,557,1779438707,0,2941.0,72.0,17764.0,True
india,1tkcnq8,2026-06,on7mryp,Numerous-Concern-801,True,3.0,True,2.0,False,312,1779439677,0,1001.9,1.0,29802.0,True
india,1tkcnq8,2026-06,on7o403,Economy_Bid_3667,True,4.0,False,,False,208,1779440391,0,163.6,4.0,2554.0,True
india,1tkcnq8,2026-06,on7njzw,Remarkable-Objective,True,5.0,True,4.0,False,165,1779440099,0,2368.6,359.0,7021.0,True
india,1tkcnq8,2026-06,on7o3sy,Paree264,True,7.0,False,,False,67,1779440388,0,2887.3,1.0,332032.0,True
india,1tkcnq8,2026-06,on7px6a,time-surfer,True,6.0,False,,False,68,1779441350,0,118.9,150.0,10038.0,True
india,1tkcnq8,2026-06,on7ognn,Business-Active-1143,True,8.0,False,,False,41,1779440577,0,348.6,59.0,11102.0,True
india,1tkcnq8,2026-06,on7sw70,2SleepyToThinkOf1,True,9.0,False,,False,36,1779442899,0,2571.2,107.0,16559.0,True
india,1tkcnq8,2026-06,on7t4kt,ClaireJPritchett,True,10.0,False,,False,29,1779443018,0,,,,
india,1tkcnq8,2026-06,on7nza0,Constant-Thinker101,False,,True,5.0,False,22,1779440322,0,1384.7,40.0,1456.0,True
india,1tmnozy,2026-06,onoa5b7,Large-Chip2134,True,1.0,True,4.0,False,180,1779657502,0,1629.3,47.0,7823.0,True
india,1tmnozy,2026-06,ono4j4b,Quicksilverbacked,True,2.0,True,1.0,False,81,1779655791,0,117.1,1323.0,2544.0,True
india,1tmnozy,2026-06,ono8tsg,IcyHot_8,True,3.0,True,2.0,False,24,1779657092,0,1087.4,319.0,1011.0,True
india,1tmnozy,2026-06,ono9tz0,Prestigious_Piano247,True,4.0,True,3.0,False,10,1779657403,0,1980.3,389.0,5891.0,True
india,1tmnozy,2026-06,onoig46,Legend-Found1,True,5.0,False,,False,9,1779660180,0,1495.6,11272.0,6790.0,True
india,1tmnozy,2026-06,onoe9z1,tatti_shatti,True,6.0,True,5.0,False,7,1779658835,0,1065.2,241.0,1612.0,True
india,1tmnozy,2026-06,onoy8vq,tobias47reaper,True,7.0,False,,False,7,1779665677,0,2246.7,3.0,1261.0,True
india,1tmnozy,2026-06,onopp98,Binatoned,True,8.0,False,,False,6,1779662670,0,3227.4,18718.0,1541.0,True
india,1tmnozy,2026-06,onpycda,TheWhisperingGhost,True,9.0,False,,False,5,1779678784,0,3488.0,3800.0,6878.0,True
india,1tmnozy,2026-06,onq8mc9,phahpullandbear,True,10.0,False,,False,4,1779683046,0,985.3,1029.0,32939.0,True
india,1tojrvm,2026-06,oo1x2xb,OkraApprehensive4678,True,1.0,True,1.0,False,735,1779831554,0,1925.9,122.0,17004.0,True
india,1tojrvm,2026-06,oo2cnxz,beyondocean,True,2.0,True,2.0,False,68,1779836386,0,2232.1,10299.0,79964.0,True
india,1tojrvm,2026-06,oo3pwdx,Late_Mixture9194,True,3.0,False,,False,64,1779852519,0,936.7,312.0,755.0,True
india,1tojrvm,2026-06,oo3epqh,gjaygill,True,4.0,True,4.0,False,35,1779848695,0,3222.4,145.0,6677.0,True
india,1tojrvm,2026-06,oo3dxy2,Defiant_Forever_1092,True,5.0,True,3.0,False,30,1779848444,0,2107.4,4655.0,11200.0,True
india,1tojrvm,2026-06,oo3t6us,kaladin_stormchest,True,8.0,False,,False,6,1779853721,0,707.2,5.0,86338.0,True
india,1tojrvm,2026-06,oo4iz13,RepresentativeOk5318,True,6.0,False,,False,7,1779864974,0,2063.2,779.0,230.0,True
india,1tojrvm,2026-06,oo4s1t8,vu2tve,True,7.0,False,,False,7,1779869572,0,1908.4,2373.0,3102.0,True
india,1tojrvm,2026-06,oo3ie65,_D1AVEL_,True,9.0,True,5.0,False,6,1779849901,0,2830.5,4017.0,7269.0,True
india,1tojrvm,2026-06,oo3xxzu,Priyankk,True,10.0,False,,False,4,1779855554,0,3283.4,47.0,436.0,True
india,1thgbr6,2026-06,ommuw7h,hellcat1592,True,1.0,True,2.0,False,891,1779179212,0,2502.3,33259.0,12978.0,True
india,1thgbr6,2026-06,ommwi6e,Paree264,True,2.0,True,3.0,False,373,1779180120,0,2887.3,1.0,332032.0,True
india,1thgbr6,2026-06,ommz61a,Optimal_Life6803,True,3.0,False,,False,221,1779181586,0,61.5,1340.0,1598.0,True
india,1thgbr6,2026-06,ommyibr,NoNameDotCPP6769,True,4.0,False,,False,122,1779181222,0,479.8,1.0,7988.0,True
india,1thgbr6,2026-06,omn06ht,Delicious-Station504,True,5.0,False,,False,85,1779182138,0,1584.7,3.0,3277.0,True
india,1thgbr6,2026-06,ommuhts,joy74,True,6.0,True,1.0,False,62,1779178989,0,3144.4,6352.0,157052.0,True
india,1thgbr6,2026-06,ommy4vy,Unfair_Fact_8258,True,7.0,True,5.0,False,53,1779181017,0,922.2,3541.0,56175.0,False
india,1thgbr6,2026-06,ommxrzf,Embarrassed_Look9200,True,8.0,True,4.0,False,48,1779180820,0,424.4,19946.0,95071.0,True
india,1thgbr6,2026-06,omn5850,Accomplished-Ad539,True,9.0,False,,False,20,1779184759,0,2087.2,1320.0,36461.0,True
india,1thgbr6,2026-06,omnfiz1,Kakarot_2002,True,10.0,False,,False,15,1779189435,0,2183.6,1678.0,12335.0,True
india,1t7tw4l,2026-06,okrkezp,yousuffere,True,1.0,True,3.0,False,765,1778299206,0,42.3,935.0,3430.0,True
india,1t7tw4l,2026-06,okrkwh5,NoNameDotCPP6769,True,2.0,True,4.0,False,216,1778299415,0,479.8,1.0,7988.0,True
india,1t7tw4l,2026-06,okrvwqs,biryaaani,True,3.0,False,,False,131,1778304595,0,2018.2,454.0,3634.0,True
india,1t7tw4l,2026-06,okrjm4b,Rich_History_9087,True,4.0,True,1.0,False,121,1778298866,0,1954.6,2477.0,5678.0,True
india,1t7tw4l,2026-06,okrk8ca,abhisuvarna24,True,5.0,True,2.0,False,118,1778299129,0,3260.3,2864.0,490.0,True
india,1t7tw4l,2026-06,okrmvm9,WierdWarrior,True,6.0,False,,False,76,1778300278,0,1463.2,146.0,432.0,True
india,1t7tw4l,2026-06,okrrkzn,OtherwiseHearing9824,True,7.0,False,,False,30,1778302438,0,170.5,32.0,300.0,True
india,1t7tw4l,2026-06,okrm6fz,Silly-Twist993,True,8.0,False,,False,30,1778299971,0,47.7,1.0,503.0,True
india,1t7tw4l,2026-06,okrsgjb,Accomplished-Ad539,True,9.0,False,,False,26,1778302861,0,2087.2,1320.0,36461.0,True
india,1t7tw4l,2026-06,okrwrcl,Financial_Spot3567,True,10.0,False,,False,12,1778305031,0,1005.3,24.0,2833.0,True
india,1t7tw4l,2026-06,okrl783,Ok-Pomegranate-1482,False,,True,5.0,False,12,1778299546,0,1003.8,1.0,3730.0,True
indiaspeaks,1tm4kb0,2026-06,onk9miq,Familiar_Internet,True,1.0,True,3.0,False,218,1779606373,0,2515.8,70985.0,48221.0,True
indiaspeaks,1tm4kb0,2026-06,onk9itq,trozaan,True,2.0,True,2.0,False,151,1779606319,0,279.8,86.0,3318.0,True
indiaspeaks,1tm4kb0,2026-06,onkb3gj,Maz_Ded,True,3.0,True,4.0,False,118,1779607145,0,1524.6,9972.0,19123.0,True
indiaspeaks,1tm4kb0,2026-06,onkbwl1,Content-Restaurant70,True,4.0,True,5.0,False,52,1779607571,0,1592.4,5290.0,45812.0,True
indiaspeaks,1tm4kb0,2026-06,onkdduu,naosmee,True,5.0,False,,False,28,1779608368,0,3070.2,1734.0,9878.0,True
indiaspeaks,1tm4kb0,2026-06,onkds1m,MuchBow,True,6.0,False,,False,24,1779608579,0,3445.5,69995.0,72699.0,True
indiaspeaks,1tm4kb0,2026-06,onkqizp,chitownboyhere,True,7.0,False,,False,8,1779615551,0,3928.9,2427.0,20138.0,True
indiaspeaks,1tm4kb0,2026-06,onl6yj0,Cool_Aj_2428,True,8.0,False,,False,4,1779623552,0,807.9,398.0,2578.0,True
indiaspeaks,1tm4kb0,2026-06,onk8a10,evammist,True,9.0,True,1.0,False,3,1779605676,0,1940.1,1.0,161061.0,True
indiaspeaks,1tm4kb0,2026-06,onkubrp,bharat_builder,True,10.0,False,,False,3,1779617592,0,5250.6,7706.0,7318.0,True
indiaspeaks,1tujseb,2026-06,op9yhgl,nakalibatman,True,1.0,True,1.0,False,900,1780385948,0,1375.0,6176.0,12850.0,True
indiaspeaks,1tujseb,2026-06,op9yljh,Every_Method4221,True,2.0,True,2.0,False,374,1780386008,0,1397.2,913.0,6129.0,True
indiaspeaks,1tujseb,2026-06,op9z6mb,North_Beginning_7860,True,3.0,True,5.0,False,166,1780386314,0,1425.8,3708.0,9335.0,True
indiaspeaks,1tujseb,2026-06,op9zs01,PurushNahiMahaPurush,True,4.0,False,,False,73,1780386620,0,2435.2,2948.0,43118.0,True
indiaspeaks,1tujseb,2026-06,opa02mc,iamarddtusr,True,5.0,False,,False,39,1780386772,0,5631.3,1969.0,38134.0,True
indiaspeaks,1tujseb,2026-06,opa4zvr,Patient_Practice86,True,6.0,False,,False,25,1780389354,0,1946.6,3309.0,18063.0,True
indiaspeaks,1tujseb,2026-06,opa0lp4,skd25th,True,7.0,False,,False,25,1780387049,0,2373.4,25310.0,32716.0,True
indiaspeaks,1tujseb,2026-06,op9ylwi,Evening-Aside2166,True,8.0,True,3.0,False,16,1780386013,0,1154.3,18.0,15371.0,True
indiaspeaks,1tujseb,2026-06,opa3qgm,Son_Chidi,True,9.0,False,,False,13,1780388685,0,729.6,747.0,61440.0,True
indiaspeaks,1tujseb,2026-06,op9yvj1,ironman_gujju,False,,True,4.0,False,5,1780386153,0,1758.7,725.0,19498.0,True
indiaspeaks,1tujseb,2026-06,opa151t,Adventurous_Moment93,True,10.0,False,,False,8,1780387327,0,1388.1,381.0,2890.0,True
indiaspeaks,1tiddj4,2026-06,omth3c4,mankind_maker,True,1.0,True,2.0,False,909,1779259252,0,1116.3,62.0,3508.0,True
indiaspeaks,1tiddj4,2026-06,omtgweo,Phguy2345,True,2.0,True,1.0,False,419,1779259156,0,1434.4,302.0,11103.0,True
indiaspeaks,1tiddj4,2026-06,omthknd,Vic_bravo,True,3.0,True,3.0,False,390,1779259499,0,1208.5,112.0,3068.0,True
indiaspeaks,1tiddj4,2026-06,omtic3l,GAVINDEVIL,True,4.0,False,,False,256,1779259884,0,1084.2,193.0,7418.0,True
indiaspeaks,1tiddj4,2026-06,omtiec8,NotHuman18,True,5.0,False,,False,234,1779259914,0,1345.3,1989.0,13930.0,True
indiaspeaks,1tiddj4,2026-06,omtiihv,Ok-Newspaper4685,True,6.0,False,,False,183,1779259973,0,439.2,113.0,1032.0,True
indiaspeaks,1tiddj4,2026-06,omtihkc,icedlattewithcaramel,True,7.0,False,,False,110,1779259960,0,646.6,23994.0,39133.0,True
indiaspeaks,1tiddj4,2026-06,omthq6s,Top10BeatDown,True,8.0,True,4.0,False,72,1779259576,0,850.7,6012.0,9735.0,True
indiaspeaks,1tiddj4,2026-06,omtiq80,Plane-Profession-626,True,9.0,False,,False,68,1779260081,0,855.1,1102.0,28704.0,True
indiaspeaks,1tiddj4,2026-06,omti5aj,Beautiful_Jeweler_83,True,10.0,True,5.0,False,31,1779259787,0,1951.7,1609.0,10832.0,True
indiaspeaks,1tq42p8,2026-06,oodfaj9,m0h1tkumaar,True,1.0,True,1.0,False,118,1779976214,0,3120.0,1129.0,102524.0,True
indiaspeaks,1tq42p8,2026-06,oodfha3,Witty-Net-6197,True,2.0,True,2.0,False,111,1779976266,0,1494.5,134.0,3296.0,True
indiaspeaks,1tq42p8,2026-06,oodfwc4,blackman60001,True,3.0,True,4.0,False,44,1779976381,0,2158.3,8.0,2870.0,True
indiaspeaks,1tq42p8,2026-06,ooevq9x,iamnobody331,True,4.0,False,,False,23,1779990065,0,3282.0,28150.0,19218.0,True
indiaspeaks,1tq42p8,2026-06,ooekqsi,Sherlock_Holmes_desi,True,5.0,True,5.0,False,9,1779987223,0,,,,
indiaspeaks,1tq42p8,2026-06,oodflsv,TBSsuxs,True,6.0,True,3.0,False,7,1779976300,0,1811.4,3771.0,44224.0,True
indiaspeaks,1tq42p8,2026-06,oohuuay,Stifler4u,True,7.0,False,,False,5,1780022240,0,2907.3,1977.0,8257.0,True
indiaspeaks,1tq42p8,2026-06,oohutcq,Zuck7980,True,8.0,False,,False,3,1780022231,0,3037.3,183565.0,21115.0,True
indiaspeaks,1tq42p8,2026-06,oooz8ip,Extra_chE3se,True,10.0,False,,False,2,1780109564,0,3204.1,358.0,2172.0,True
indiaspeaks,1tq42p8,2026-06,oogpxpj,alexx_0008,True,9.0,False,,False,3,1780008492,0,1273.4,3.0,1198.0,True
indiaspeaks,1tbwwnv,2026-06,oljrdfa,Melodic-Ad3222,True,1.0,True,1.0,False,750,1778672253,0,940.8,1039.0,6589.0,True
indiaspeaks,1tbwwnv,2026-06,oljrvfe,6ingrad_FMS_aspirant,True,2.0,True,2.0,False,357,1778672442,0,132.4,17042.0,6050.0,True
indiaspeaks,1tbwwnv,2026-06,oljtj99,ertd346,True,3.0,True,3.0,False,274,1778673050,0,2060.9,323.0,35706.0,True
indiaspeaks,1tbwwnv,2026-06,oljvfm4,AVijha,True,4.0,True,4.0,False,81,1778673719,0,3578.1,153.0,1135.0,True
indiaspeaks,1tbwwnv,2026-06,oljvsdg,Due-Promotion6206,True,5.0,True,5.0,False,38,1778673844,0,50.1,1100.0,1714.0,True
indiaspeaks,1tbwwnv,2026-06,oljwrkr,aditya19879,True,6.0,False,,False,26,1778674186,0,2911.3,182622.0,17882.0,True
indiaspeaks,1tbwwnv,2026-06,olkuo60,Amarnil_Taih,True,7.0,False,,False,15,1778684335,0,2165.3,2780.0,24206.0,True
indiaspeaks,1tbwwnv,2026-06,olk7528,reverbnation92,True,8.0,False,,False,10,1778677593,0,3637.1,127.0,1030.0,True
indiaspeaks,1tbwwnv,2026-06,olk78ft,AffectionateDig9041,True,9.0,False,,False,9,1778677623,0,1256.6,1166.0,1598.0,True
indiaspeaks,1tbwwnv,2026-06,olk28sz,parasitesr72,True,10.0,False,,False,8,1778676037,0,1298.3,8299.0,8905.0,True
indiaspeaks,1tcrotr,2026-06,olq3m41,Kuch-to-log-bolenge,True,1.0,True,2.0,False,710,1778747551,0,40.8,5039.0,2275.0,True
indiaspeaks,1tcrotr,2026-06,olq4cw0,blood_clot_,True,2.0,True,3.0,False,458,1778747953,0,706.4,1181.0,18435.0,True
indiaspeaks,1tcrotr,2026-06,olqbdoc,Opening-Ad8396,True,3.0,False,,False,190,1778751689,0,2094.9,9791.0,26616.0,True
indiaspeaks,1tcrotr,2026-06,olq3fjh,Holiday-Try-9165,True,4.0,True,1.0,False,138,1778747453,0,1864.7,12.0,2268.0,True
indiaspeaks,1tcrotr,2026-06,olq6bh1,ResearcherCritical99,True,5.0,False,,False,127,1778748985,0,265.8,1098.0,17824.0,True
indiaspeaks,1tcrotr,2026-06,olq4p1j,The_Glum_Reaper,True,6.0,True,4.0,False,66,1778748139,0,1898.3,389.0,96148.0,True
indiaspeaks,1tcrotr,2026-06,olq5onx,MasalaDosa37,True,7.0,True,5.0,False,53,1778748655,0,274.4,3121.0,37065.0,True
indiaspeaks,1tcrotr,2026-06,olqcksp,Acceptable-Set-8327,True,8.0,False,,False,33,1778752293,0,1062.1,2892.0,13011.0,True
indiaspeaks,1tcrotr,2026-06,olq8bl8,_vedantt1_,True,9.0,False,,False,22,1778750067,0,2557.7,119093.0,24454.0,True
indiaspeaks,1tcrotr,2026-06,olqb440,Pure_Definition_7372,True,10.0,False,,False,17,1778751552,0,575.6,179.0,2616.0,True
indiaspeaks,1txaztm,2026-06,opuigis,ForeverIntoTheLight,True,1.0,True,2.0,False,440,1780635521,0,697.7,1.0,48862.0,True
indiaspeaks,1txaztm,2026-06,opukwst,Only_Legend_Rahul,True,2.0,False,,False,83,1780636644,0,468.1,418.0,1164.0,True
indiaspeaks,1txaztm,2026-06,opul0gw,WanderingBulletier,True,3.0,False,,False,23,1780636691,0,2671.5,2371.0,1325.0,True
indiaspeaks,1txaztm,2026-06,opumuxg,dragon_idli,True,4.0,False,,False,21,1780637554,0,2058.8,1221.0,18217.0,True
indiaspeaks,1txaztm,2026-06,opuhuco,ShanayStark7,True,5.0,True,1.0,False,7,1780635242,0,3707.3,5968.0,20947.0,True
indiaspeaks,1txaztm,2026-06,opujojv,R1sk77,True,6.0,True,5.0,False,7,1780636081,0,2271.2,1639.0,1465.0,True
indiaspeaks,1txaztm,2026-06,opultyi,notMy_ReelName,True,7.0,False,,False,5,1780637074,0,1177.6,393.0,148007.0,True
indiaspeaks,1txaztm,2026-06,opuio4k,being_guru,True,8.0,True,3.0,False,4,1780635616,0,827.5,462.0,1536.0,False
indiaspeaks,1txaztm,2026-06,opuit3a,Pokiriee,True,9.0,True,4.0,False,4,1780635680,0,764.8,96.0,21106.0,True
indiaspeaks,1txaztm,2026-06,opv0qnc,mar00ned007,True,10.0,False,,False,3,1780644370,0,2156.0,1255.0,2724.0,True
indiaspeaks,1t9tr5i,2026-06,ol4kf6g,katha-sagar,True,1.0,True,3.0,True,206,1778477098,0,1431.5,8601.0,6333.0,True
indiaspeaks,1t9tr5i,2026-06,ol4ns18,dankumemer,True,2.0,False,,False,103,1778478771,0,,,,
indiaspeaks,1t9tr5i,2026-06,ol4m48b,Conscious_Prompt9250,True,3.0,True,5.0,False,43,1778477942,0,1402.5,40.0,3420.0,True
indiaspeaks,1t9tr5i,2026-06,ol4k5z2,katha-sagar,True,4.0,True,1.0,True,19,1778476972,0,1431.5,8601.0,6333.0,True
indiaspeaks,1t9tr5i,2026-06,ol4m9t2,Actual_Employment_89,True,5.0,False,,False,10,1778478019,0,1997.4,4267.0,25155.0,True
indiaspeaks,1t9tr5i,2026-06,ol4m1qr,Available_Use9275,True,6.0,True,4.0,False,8,1778477908,0,1158.5,1.0,2115.0,True
indiaspeaks,1t9tr5i,2026-06,ol4kc8g,Phguy2345,True,7.0,True,2.0,False,6,1778477058,0,1434.4,302.0,11103.0,True
indiaspeaks,1t9tr5i,2026-06,ol4wjyt,SharmaNY,True,8.0,False,,False,4,1778483301,0,3283.1,12601.0,54995.0,True
indiaspeaks,1t9tr5i,2026-06,ol4sz1t,Affectionate_Work_72,True,9.0,False,,False,2,1778481433,0,2031.2,332.0,4685.0,True
indiaspeaks,1t9tr5i,2026-06,ol8d1sy,No_Weight_9474,True,10.0,False,,False,2,1778526022,0,2161.5,353.0,1197.0,True
indiaspeaks,1tp3b1y,2026-06,oo5r0tt,Kindly-Bed-8486,True,1.0,True,5.0,False,955,1779884612,0,849.3,1.0,2135.0,True
indiaspeaks,1tp3b1y,2026-06,oo5nkfv,oldlostschizo,True,2.0,True,3.0,False,247,1779883481,0,2270.3,4.0,3809.0,True
indiaspeaks,1tp3b1y,2026-06,oo5mlsr,journey-destinashon,True,3.0,True,1.0,False,203,1779883151,0,770.8,596.0,11251.0,True
indiaspeaks,1tp3b1y,2026-06,oo5tgrw,3l-d1abl0,True,4.0,False,,False,167,1779885400,0,3652.5,50285.0,26263.0,True
indiaspeaks,1tp3b1y,2026-06,oo5r4x8,Strange-Thing-6772,True,5.0,False,,False,141,1779884649,0,2084.4,955.0,4475.0,True
indiaspeaks,1tp3b1y,2026-06,oo5ulq3,indianaadmi,True,6.0,False,,False,84,1779885761,0,2622.8,52.0,9716.0,True
indiaspeaks,1tp3b1y,2026-06,oo5qbku,Aware_Country_8830,True,7.0,True,4.0,False,47,1779884384,0,,,,
indiaspeaks,1tp3b1y,2026-06,oo5n2f1,AccomplishedCod5674,True,8.0,True,2.0,False,29,1779883309,0,345.5,12030.0,2596.0,False
indiaspeaks,1tp3b1y,2026-06,oo5ssdx,Munchingonmunch,True,9.0,False,,False,19,1779885181,0,472.3,695.0,5054.0,True
indiaspeaks,1tp3b1y,2026-06,oo5v79m,child_target,True,10.0,False,,False,19,1779885947,0,967.5,767.0,51066.0,True
indiaspeaks,1t7xqkv,2026-06,oks8y2d,Logical-Fun-1538,True,1.0,True,2.0,False,285,1778311468,0,1984.4,366.0,15473.0,True
indiaspeaks,1t7xqkv,2026-06,oks9hn3,Felicie_dreamer,True,2.0,True,3.0,False,167,1778311766,0,1718.2,342.0,37814.0,True
indiaspeaks,1t7xqkv,2026-06,oks8mpa,iTzsam99,True,3.0,True,1.0,False,103,1778311294,0,2495.4,1.0,4714.0,True
indiaspeaks,1t7xqkv,2026-06,oks9qsv,oxyzen_is_poison,True,4.0,True,4.0,False,71,1778311909,0,563.2,1.0,5465.0,True
indiaspeaks,1t7xqkv,2026-06,oksblp3,AwkwardGrocery789,True,5.0,True,5.0,False,27,1778312937,0,1031.2,269.0,6837.0,True
indiaspeaks,1t7xqkv,2026-06,oksh31d,ciao-adios,True,6.0,False,,False,17,1778316064,0,222.2,133932.0,19457.0,True
indiaspeaks,1t7xqkv,2026-06,okszulj,ManipulativFox,True,7.0,False,,False,15,1778326051,0,667.2,9664.0,18856.0,True
indiaspeaks,1t7xqkv,2026-06,oksldrw,smirkingcamel,True,8.0,False,,False,9,1778318693,0,3491.9,1321.0,5447.0,True
indiaspeaks,1t7xqkv,2026-06,oksi75g,m0h1tkumaar,True,9.0,False,,False,2,1778316740,0,3120.0,1129.0,102524.0,True
indiaspeaks,1toaz0k,2026-06,onztize,pheonixfryre,True,1.0,True,2.0,False,1330,1779811194,0,2040.2,207.0,11479.0,True
indiaspeaks,1toaz0k,2026-06,onzuav9,Kanu-animallover,True,2.0,True,3.0,False,489,1779811402,0,739.1,3596.0,8184.0,True
indiaspeaks,1toaz0k,2026-06,onzx6jo,Woke_but_Wired_17,True,3.0,False,,False,249,1779812173,0,,,,
indiaspeaks,1toaz0k,2026-06,onzvbwn,Embarrassed-Talk-320,True,4.0,True,4.0,False,145,1779811680,0,1022.3,643.0,1823.0,True
indiaspeaks,1toaz0k,2026-06,oo00na2,Professorjoey,True,5.0,False,,False,79,1779813106,0,726.6,3906.0,3552.0,True
indiaspeaks,1toaz0k,2026-06,onzt8kq,ic_97,True,6.0,True,1.0,False,71,1779811117,0,3632.2,36012.0,111446.0,True
indiaspeaks,1toaz0k,2026-06,oo03mec,Atomsmasher_kal,True,7.0,False,,False,49,1779813896,0,1762.2,32328.0,21061.0,True
indiaspeaks,1toaz0k,2026-06,onzvsju,ProfessorAlive2156,True,9.0,True,5.0,False,31,1779811804,0,1910.5,3790.0,12603.0,True
indiaspeaks,1toaz0k,2026-06,onzychc,MadscientistSteinsG8,True,8.0,False,,False,35,1779812483,0,2064.4,44.0,18527.0,True
indiaspeaks,1toaz0k,2026-06,onzz6ag,FaithlessnessSalt416,True,10.0,False,,False,22,1779812706,0,1577.6,423.0,2123.0,True
indiaspeaks,1trx9va,2026-06,ooqs2m5,Notsofuuuny,True,1.0,True,2.0,False,321,1780140411,0,2498.4,1284.0,5759.0,True
indiaspeaks,1trx9va,2026-06,ooqt4cn,midicmonstrr,True,2.0,False,,False,117,1780140851,0,215.3,1145.0,1677.0,True
indiaspeaks,1trx9va,2026-06,ooqrq4f,iamThebitbyte,True,3.0,True,1.0,False,102,1780140262,0,270.5,1.0,15518.0,True
indiaspeaks,1trx9va,2026-06,ooqt87a,kdotkungfu,True,4.0,False,,False,65,1780140896,0,740.3,11075.0,13218.0,True
indiaspeaks,1trx9va,2026-06,ooqy3n5,-_-joyboy_,True,5.0,False,,False,24,1780142833,0,1544.5,2593.0,9908.0,True
indiaspeaks,1trx9va,2026-06,ooqt76m,kdotkungfu,True,6.0,False,,False,23,1780140885,0,740.3,11075.0,13218.0,True
indiaspeaks,1trx9va,2026-06,ooqs8kz,SkyRude9229,True,7.0,True,3.0,False,14,1780140482,0,1527.4,113.0,1286.0,True
indiaspeaks,1trx9va,2026-06,ooqwa3b,Roxy_73,True,8.0,False,,False,12,1780142127,0,2542.2,776.0,3425.0,True
indiaspeaks,1trx9va,2026-06,ooqsu6o,Whole_Stage2812,True,9.0,False,,False,10,1780140734,0,596.4,269.0,1668.0,True
indiaspeaks,1trx9va,2026-06,ooqsppr,Weekly_Cherry505,True,10.0,True,5.0,False,7,1780140682,0,321.2,302.0,27564.0,True
indiaspeaks,1trx9va,2026-06,ooqsp1k,LoveLeo-,False,,True,4.0,False,5,1780140674,0,323.2,1039.0,4165.0,True
indiaspeaks,1thbh1l,2026-06,omm0kyi,Dreampiper_8P,True,1.0,True,3.0,False,857,1779164018,0,1976.4,2403.0,4708.0,True
indiaspeaks,1thbh1l,2026-06,omm1rq7,IndependenceNo3908,True,2.0,False,,False,366,1779164522,0,1952.7,32401.0,74312.0,True
indiaspeaks,1thbh1l,2026-06,omlz9c2,Positive-Reference30,True,3.0,True,1.0,False,159,1779163472,0,1075.3,622.0,2368.0,True
indiaspeaks,1thbh1l,2026-06,omm08ym,Jeromevaliska,True,4.0,True,2.0,False,140,1779163878,0,1235.8,10562.0,3808.0,False
indiaspeaks,1thbh1l,2026-06,omm5u3a,DJDadJock,True,5.0,False,,False,118,1779166334,0,1570.2,22346.0,8866.0,True
indiaspeaks,1thbh1l,2026-06,omm39as,imfeddedup,True,6.0,False,,False,74,1779165172,0,249.8,16780.0,3582.0,True
indiaspeaks,1thbh1l,2026-06,omm7i61,Unresolved-Problem,True,7.0,False,,False,54,1779167114,0,1454.6,377.0,9866.0,True
indiaspeaks,1thbh1l,2026-06,omm4sg6,aCuriousSurfer,True,8.0,False,,False,46,1779165856,0,3201.2,310.0,2656.0,True
indiaspeaks,1thbh1l,2026-06,omm3ss0,Known-Departure-6497,True,9.0,False,,False,40,1779165414,0,961.5,1.0,1208.0,True
indiaspeaks,1thbh1l,2026-06,omm0y2l,nickdonhelm,True,10.0,True,4.0,False,29,1779164172,0,1529.2,55919.0,195571.0,True
indiaspeaks,1thbh1l,2026-06,omm11n1,Spare-Promotion-6913,False,,True,5.0,False,7,1779164214,0,1467.2,3706.0,4817.0,True
indiaspeaks,1tvdlav,2026-06,opg6p8d,homo_sapien_06,True,1.0,True,2.0,False,670,1780458527,0,408.8,270.0,11016.0,True
indiaspeaks,1tvdlav,2026-06,opg74th,embarrassing_doodle,True,2.0,True,3.0,False,137,1780458701,0,2014.5,893.0,13499.0,True
indiaspeaks,1tvdlav,2026-06,opg6g4t,MasterRole9673,True,3.0,True,1.0,False,106,1780458427,0,1177.5,5600.0,8533.0,True
indiaspeaks,1tvdlav,2026-06,opg9emq,RunPool,True,4.0,False,,False,66,1780459618,0,924.8,14501.0,33168.0,True
indiaspeaks,1tvdlav,2026-06,opg9toi,Almost_Infamous,True,5.0,False,,False,38,1780459790,0,4767.8,78258.0,106908.0,True
indiaspeaks,1tvdlav,2026-06,opg7skk,SquirrelInevitable33,True,6.0,True,4.0,False,32,1780458964,0,1719.7,1215.0,2699.0,True
indiaspeaks,1tvdlav,2026-06,opgb9i3,datapunky,True,7.0,False,,False,24,1780460384,0,794.0,79.0,3484.0,True
indiaspeaks,1tvdlav,2026-06,opgbni2,Actualthrowaway165,True,8.0,False,,False,23,1780460548,0,796.7,617.0,1252.0,False
indiaspeaks,1tvdlav,2026-06,opg8lyo,JumboTrucker,True,9.0,True,5.0,False,14,1780459290,0,1295.2,157.0,2205.0,True
indiaspeaks,1tvdlav,2026-06,opggm95,Apprehensive_Work_10,True,10.0,False,,False,9,1780462678,0,2156.7,19442.0,40932.0,True
indiaspeaks,1tftt4z,2026-06,ombu2vd,Dr_Death21,True,1.0,True,1.0,True,337,1779034306,0,,,,
indiaspeaks,1tftt4z,2026-06,ombx60u,PlatformEarly2480,True,2.0,True,3.0,False,115,1779035238,0,1182.7,14700.0,21668.0,True
indiaspeaks,1tftt4z,2026-06,ombzf0t,Woke_but_Wired_17,True,3.0,True,5.0,False,114,1779035927,0,,,,
indiaspeaks,1tftt4z,2026-06,omc1e6y,Informal-Age-1584,True,4.0,False,,False,66,1779036512,0,882.3,1591.0,9191.0,True
indiaspeaks,1tftt4z,2026-06,ombzink,FeedValuable,True,5.0,False,,False,47,1779035957,0,2031.7,25.0,2463.0,True
indiaspeaks,1tftt4z,2026-06,ombwwhd,Apprehensive_Work_10,True,6.0,True,2.0,False,24,1779035158,0,2156.7,19442.0,40932.0,True
indiaspeaks,1tftt4z,2026-06,omc5vhi,ResearcherCritical99,True,7.0,False,,False,19,1779037814,0,265.8,1098.0,17824.0,True
indiaspeaks,1tftt4z,2026-06,omby1nu,PhilosophyNo1123,True,8.0,True,4.0,False,19,1779035505,0,2005.8,23.0,1586.0,True
indiaspeaks,1tftt4z,2026-06,omc79hv,hskskgfk,True,10.0,False,,False,15,1779038219,0,3298.3,14435.0,122452.0,False
indiaspeaks,1tftt4z,2026-06,omcautu,WoodenNothing8935,True,9.0,False,,False,16,1779039280,0,1609.6,833.0,1173.0,True
indiaspeaks,1t6cfxg,2026-06,okgibl4,Dull_Ad_5480,True,1.0,True,4.0,False,364,1778165779,0,1144.9,415.0,2734.0,True
indiaspeaks,1t6cfxg,2026-06,okgf6qi,insanemaelstrom,True,2.0,True,1.0,False,130,1778164934,0,2365.7,709.0,43594.0,True
indiaspeaks,1t6cfxg,2026-06,okghsvi,ScientistSilent2,True,3.0,True,3.0,False,93,1778165640,0,1003.5,1078.0,1379.0,True
indiaspeaks,1t6cfxg,2026-06,okgiocr,nickdonhelm,True,4.0,True,5.0,False,49,1778165874,0,1529.2,55919.0,195571.0,True
indiaspeaks,1t6cfxg,2026-06,okgfhyd,Almost_Infamous,True,5.0,True,2.0,False,28,1778165019,0,4767.8,78258.0,106908.0,True
indiaspeaks,1t6cfxg,2026-06,okgk3rw,Atomsmasher_kal,True,6.0,False,,False,20,1778166260,0,1762.2,32328.0,21061.0,True
indiaspeaks,1t6cfxg,2026-06,okgkfky,thedifference101,True,7.0,False,,False,15,1778166349,0,3329.7,1666.0,9567.0,True
indiaspeaks,1t6cfxg,2026-06,okgynbn,pappuloser,True,8.0,False,,False,15,1778170103,0,777.1,8.0,11837.0,True
indiaspeaks,1t6cfxg,2026-06,okgknru,blitzkreig31,True,9.0,False,,False,7,1778166411,0,4451.4,89.0,32757.0,True
indiaspeaks,1t6cfxg,2026-06,okgo7dd,NotHuman18,True,10.0,False,,False,7,1778167361,0,1345.3,1989.0,13930.0,True
indiaspeaks,1tiala6,2026-06,omt12b9,Minute_Way_7675,True,1.0,True,3.0,False,196,1779251577,0,1724.4,1345.0,2518.0,True
indiaspeaks,1tiala6,2026-06,omt0lrh,BlissfulBreeze11,True,2.0,True,2.0,False,168,1779251381,0,1033.8,2477.0,42680.0,True
indiaspeaks,1tiala6,2026-06,omt22pq,ARYAN_108,True,3.0,True,5.0,False,125,1779252021,0,1541.4,16370.0,7022.0,True
indiaspeaks,1tiala6,2026-06,omt1scu,pulchritudinous_luos,True,4.0,True,4.0,False,75,1779251893,0,142.3,4127.0,16812.0,True
indiaspeaks,1tiala6,2026-06,omt3g8p,Equivalent_Face_9746,True,5.0,False,,False,54,1779252631,0,256.1,3023.0,30796.0,True
indiaspeaks,1tiala6,2026-06,omszovf,notmadhav,True,6.0,True,1.0,False,38,1779250995,0,3533.7,408.0,10727.0,True
indiaspeaks,1tiala6,2026-06,omt3ov1,DJDadJock,True,7.0,False,,False,31,1779252738,0,1570.2,22346.0,8866.0,True
indiaspeaks,1tiala6,2026-06,omt3zjf,dhoklagurl,True,8.0,False,,False,25,1779252871,0,815.7,285.0,1725.0,True
indiaspeaks,1tiala6,2026-06,omt35sg,ManyAd2762,True,9.0,False,,False,19,1779252500,0,1809.7,456.0,3704.0,True
indiaspeaks,1tiala6,2026-06,omt37e9,Mr__Nazgul,True,10.0,False,,False,17,1779252520,0,1162.9,212.0,6286.0,True
indiaspeaks,1tnee1u,2026-06,ontbi5p,Minimum-Candy-6866,True,1.0,True,2.0,False,1081,1779727337,0,702.3,420.0,8252.0,True
indiaspeaks,1tnee1u,2026-06,ontg25u,andy111999,True,2.0,False,,False,563,1779728626,0,2220.4,16291.0,24742.0,True
indiaspeaks,1tnee1u,2026-06,ontkaoy,realPanditJi,True,3.0,False,,False,367,1779729817,0,2196.7,218.0,6307.0,True
indiaspeaks,1tnee1u,2026-06,onth63g,ankit19900,True,4.0,False,,False,266,1779728938,0,2668.4,38387.0,35626.0,True
indiaspeaks,1tnee1u,2026-06,ontiyco,Dharm-Bhakt,True,5.0,False,,False,230,1779729438,0,1092.9,10558.0,5476.0,True
indiaspeaks,1tnee1u,2026-06,ontb7qj,virgin_father,True,7.0,True,1.0,False,111,1779727253,0,273.9,2458.0,19789.0,True
indiaspeaks,1tnee1u,2026-06,ontdy2r,Ezio-Auditore-1459-,True,6.0,True,3.0,False,116,1779728027,0,586.7,2672.0,22784.0,True
indiaspeaks,1tnee1u,2026-06,ontjbkf,WizardPrince_,True,8.0,False,,False,84,1779729541,0,971.7,31974.0,46728.0,True
indiaspeaks,1tnee1u,2026-06,ontkrfa,Particular-Risk1322,True,9.0,False,,False,71,1779729948,0,1414.3,1064.0,27433.0,True
indiaspeaks,1tnee1u,2026-06,ontj02n,cerebrite,True,10.0,False,,False,48,1779729452,0,4210.6,16746.0,63829.0,True
indiaspeaks,1tnee1u,2026-06,ontfmb7,GOLD-MARROW,False,,True,5.0,False,35,1779728501,0,1997.0,101.0,2066.0,True
indiaspeaks,1tnee1u,2026-06,onte4ea,ConfusionNo4339,False,,True,4.0,False,7,1779728077,0,782.1,626.0,4397.0,True
indiaspeaks,1tmw1ub,2026-06,onpvjni,iaminvncible,True,1.0,True,3.0,False,895,1779677718,0,1628.6,70030.0,7324.0,True
indiaspeaks,1tmw1ub,2026-06,onpupqa,Positive-Reference30,True,2.0,True,1.0,False,434,1779677409,0,1075.3,622.0,2368.0,True
indiaspeaks,1tmw1ub,2026-06,onpxizf,GAVINDEVIL,True,3.0,False,,False,132,1779678466,0,1084.2,193.0,7418.0,True
indiaspeaks,1tmw1ub,2026-06,onpxf26,InformationKnown8808,True,4.0,True,5.0,False,90,1779678424,0,1016.6,1.0,23220.0,True
indiaspeaks,1tmw1ub,2026-06,onpxbq1,New-Wolf-2558,True,5.0,True,4.0,False,49,1779678388,0,689.4,1558.0,48365.0,True
indiaspeaks,1tmw1ub,2026-06,onpv049,keyholepossums,True,6.0,True,2.0,False,23,1779677516,0,3290.6,49823.0,12447.0,True
indiaspeaks,1tmw1ub,2026-06,onpy4m0,Smart-Sense9256,True,7.0,False,,False,20,1779678701,0,2054.8,489.0,3085.0,True
indiaspeaks,1tmw1ub,2026-06,onq027o,gupts007,True,8.0,False,,False,15,1779679467,0,2123.9,165.0,16530.0,True
indiaspeaks,1tmw1ub,2026-06,onqdo3y,geezorious,True,9.0,False,,False,7,1779685361,0,5020.8,419.0,13520.0,True
indiaspeaks,1tmw1ub,2026-06,onqc5al,noobmaster143,True,10.0,False,,False,7,1779684648,0,1046.4,866.0,2879.0,True
indiaspeaks,1tqtobf,2026-06,ooivyg2,PureSatisfaction5649,True,1.0,True,2.0,False,383,1780037981,0,1964.4,1116.0,2544.0,True
indiaspeaks,1tqtobf,2026-06,ooiw8nk,notmadhav,True,2.0,True,3.0,False,240,1780038121,0,3533.7,408.0,10727.0,True
indiaspeaks,1tqtobf,2026-06,ooixnqp,Qztygamer,True,3.0,False,,False,71,1780038826,0,2875.7,19.0,3474.0,True
indiaspeaks,1tqtobf,2026-06,ooix47m,inzo07,True,4.0,True,4.0,False,63,1780038557,0,2879.9,4642.0,30084.0,True
indiaspeaks,1tqtobf,2026-06,ooizvcy,Substantial_Elk3036,True,5.0,False,,False,59,1780039957,0,1174.1,1045.0,1515.0,True
indiaspeaks,1tqtobf,2026-06,ooixf87,guywithabeard007,True,6.0,True,5.0,False,21,1780038710,0,773.5,24.0,20800.0,False
indiaspeaks,1tqtobf,2026-06,ooj00j9,rahul_p91k,True,7.0,False,,False,16,1780040034,0,2016.6,9633.0,52471.0,True
indiaspeaks,1tqtobf,2026-06,ooj169l,Airavat2305,True,8.0,False,,False,13,1780040636,0,2451.8,6026.0,67034.0,True
indiaspeaks,1tqtobf,2026-06,ooivpv4,Bkm321,False,,True,1.0,False,5,1780037863,0,1289.4,2240.0,9139.0,True
indiaspeaks,1tqtobf,2026-06,ooj1j8n,Big_Hair9211,True,9.0,False,,False,6,1780040824,0,843.2,298.0,1775.0,True
indiaspeaks,1tqtobf,2026-06,ooj8eo2,Ambitious-Proton,True,10.0,False,,False,6,1780044389,0,128.5,17327.0,9029.0,True
indiaspeaks,1tds7tf,2026-06,olxar53,Fun-Meet5615,True,1.0,True,1.0,False,565,1778841264,0,,,,
indiaspeaks,1tds7tf,2026-06,olxbx0w,H-S-M-C,True,2.0,True,3.0,False,94,1778841782,0,,,,
indiaspeaks,1tds7tf,2026-06,olxav0g,Difficult_Abies8802,True,3.0,True,2.0,False,48,1778841314,0,796.1,1.0,9407.0,True
indiaspeaks,1tds7tf,2026-06,olxehzt,abhayv69,True,4.0,True,4.0,False,34,1778842872,0,1524.6,4243.0,4556.0,True
indiaspeaks,1tds7tf,2026-06,olxev1t,PayResponsible4458,True,5.0,True,5.0,False,23,1778843023,0,1509.5,4847.0,85070.0,True
indiaspeaks,1tds7tf,2026-06,olxi604,Few-Chipmunk6103,True,6.0,False,,False,15,1778844359,0,,,,
indiaspeaks,1tds7tf,2026-06,olxurbk,sairavuru,True,7.0,False,,False,5,1778848947,0,2747.3,185.0,2295.0,True
indiaspeaks,1tds7tf,2026-06,olxk4yk,GangsOfChaidpal,True,8.0,False,,False,3,1778845131,0,2143.4,36588.0,1038.0,True
indiaspeaks,1tds7tf,2026-06,olyrntv,mantaflow,True,9.0,False,,False,3,1778858691,0,1694.2,74.0,4056.0,True
indiaspeaks,1tds7tf,2026-06,oly0n6c,Right_Afternoon_339,True,10.0,False,,False,1,1778850849,0,1295.1,286.0,2793.0,True
indiaspeaks,1texjwb,2026-06,om5huhn,whats-hisface,True,1.0,True,1.0,False,401,1778947606,0,2169.5,818.0,11635.0,True
indiaspeaks,1texjwb,2026-06,om5l0gz,ReadIt_Here,True,2.0,True,2.0,False,131,1778948570,0,3265.0,434.0,99661.0,True
indiaspeaks,1texjwb,2026-06,om5l21f,Adi9691,True,3.0,True,3.0,False,50,1778948584,0,1755.0,2236.0,10223.0,True
indiaspeaks,1texjwb,2026-06,om5nc18,hacker_dost,True,4.0,True,4.0,False,20,1778949280,0,1249.6,23927.0,4462.0,True
indiaspeaks,1texjwb,2026-06,om5nwlt,National_Front3146,True,5.0,True,5.0,False,13,1778949457,0,629.8,2.0,1401.0,True
indiaspeaks,1texjwb,2026-06,om5u228,SonderPrince,True,6.0,False,,False,8,1778951309,0,3058.3,2012.0,1998.0,True
indiaspeaks,1texjwb,2026-06,om5ziss,invitis-fugax,True,7.0,False,,False,4,1778952938,0,1367.3,155.0,4307.0,True
indiaspeaks,1texjwb,2026-06,om6hc5d,gaut90,True,8.0,False,,False,4,1778958407,0,2157.5,1095.0,2124.0,True
indiaspeaks,1texjwb,2026-06,om95ci1,IndependenceNo3908,True,9.0,False,,False,3,1778993646,0,1952.7,32401.0,74312.0,True
indiaspeaks,1texjwb,2026-06,ombc37f,JustGulabjamun,True,10.0,False,,False,1,1779028942,0,689.7,10379.0,43870.0,True
indiaspeaks,1t82plu,2026-06,okt3a39,PayResponsible4458,True,1.0,True,1.0,False,742,1778327542,0,1509.5,4847.0,85070.0,True
indiaspeaks,1t82plu,2026-06,okt3znw,throwaway_ind_div,True,2.0,True,2.0,False,221,1778327833,0,3773.3,3588.0,68427.0,True
indiaspeaks,1t82plu,2026-06,okt8qpo,mistiquefog,True,3.0,False,,False,172,1778329696,0,2332.9,920.0,59714.0,True
indiaspeaks,1t82plu,2026-06,okt4prw,Crack-Mental,True,4.0,True,3.0,False,91,1778328127,0,684.6,1829.0,1345.0,True
indiaspeaks,1t82plu,2026-06,oktdt62,Disruptor_raptor,True,5.0,False,,False,64,1778331581,0,1621.0,17.0,9975.0,True
indiaspeaks,1t82plu,2026-06,oktlmkz,Own-Touch-6718,True,6.0,False,,False,53,1778334284,0,149.1,50.0,2812.0,True
indiaspeaks,1t82plu,2026-06,okt5vlu,oldlostschizo,True,8.0,True,5.0,False,34,1778328586,0,2270.3,4.0,3809.0,True
indiaspeaks,1t82plu,2026-06,oktbp27,therealsiriusjoker,True,10.0,False,,False,30,1778330814,0,748.5,62373.0,17699.0,True
indiaspeaks,1t82plu,2026-06,oktn1rd,Sure-Suggestion-5316,True,9.0,False,,False,33,1778334758,0,1146.9,72.0,1240.0,True
indiaspeaks,1t82plu,2026-06,oktyse2,KhupBhookLagliAhe,True,7.0,False,,False,35,1778338496,0,758.6,253.0,1776.0,True
indiaspeaks,1t82plu,2026-06,okt5pyk,Accurate_Welcome3121,False,,True,4.0,False,16,1778328525,0,693.5,222.0,3792.0,True
indiaspeaks,1tkl6ww,2026-06,on9bfo6,MrAdLad,True,1.0,True,1.0,False,270,1779462054,0,2192.0,1197.0,2263.0,True
indiaspeaks,1tkl6ww,2026-06,on9bts9,elegant_cheetah_03,True,2.0,True,2.0,False,172,1779462166,0,1099.2,376.0,27638.0,True
indiaspeaks,1tkl6ww,2026-06,on9g8m3,IamAdvikaaa,True,3.0,True,5.0,False,117,1779463397,0,776.8,29928.0,47068.0,True
indiaspeaks,1tkl6ww,2026-06,on9cqcv,Leading-Roof-3581,True,4.0,True,3.0,False,81,1779462424,0,1289.3,1961.0,2162.0,True
indiaspeaks,1tkl6ww,2026-06,on9ktdv,Electronic_Sky_6363,True,5.0,False,,False,50,1779464712,0,746.5,241.0,10465.0,True
indiaspeaks,1tkl6ww,2026-06,on9nfdd,Mr__Nazgul,True,6.0,False,,False,30,1779465437,0,1162.9,212.0,6286.0,True
indiaspeaks,1tkl6ww,2026-06,on9fe14,sheeetywok_19,True,7.0,True,4.0,False,27,1779463163,0,1659.3,137.0,4060.0,True
indiaspeaks,1tkl6ww,2026-06,ondmqr0,Ok_Career_3681,True,8.0,False,,False,11,1779513191,0,1210.3,705.0,11819.0,True
indiaspeaks,1tkl6ww,2026-06,on9khlu,Aristofans,True,9.0,False,,False,11,1779464615,0,790.6,927.0,23169.0,True
indiaspeaks,1tkl6ww,2026-06,on9ojrg,Pokiriee,True,10.0,False,,False,8,1779465751,0,764.8,96.0,21106.0,True
indiaspeaks,1tiej3t,2026-06,omtpsm1,SpecialOil1341,True,1.0,True,2.0,False,937,1779263836,0,60.5,49747.0,10629.0,True
indiaspeaks,1tiej3t,2026-06,omtpy03,UnderstandingWild134,True,2.0,True,3.0,False,437,1779263916,0,200.5,12056.0,8521.0,True
indiaspeaks,1tiej3t,2026-06,omtqhkx,elegant_cheetah_03,True,3.0,True,4.0,False,304,1779264210,0,1099.2,376.0,27638.0,True
indiaspeaks,1tiej3t,2026-06,omtpos4,Notsofuuuny,True,4.0,True,1.0,False,140,1779263779,0,2498.4,1284.0,5759.0,True
indiaspeaks,1tiej3t,2026-06,omts83z,CrypticHead,True,5.0,False,,False,113,1779265132,0,4113.4,823.0,4564.0,True
indiaspeaks,1tiej3t,2026-06,omtsy5m,Automatic-Part8723,True,6.0,False,,False,109,1779265516,0,1700.8,237.0,15692.0,True
indiaspeaks,1tiej3t,2026-06,omtri4j,RightsForHim,True,7.0,False,,False,104,1779264744,0,548.4,6863.0,20413.0,True
indiaspeaks,1tiej3t,2026-06,omtvc72,Sumeru88,True,8.0,False,,False,71,1779266793,0,2084.2,2563.0,169373.0,True
indiaspeaks,1tiej3t,2026-06,omtv5qp,sleepysoul13,True,9.0,False,,False,33,1779266697,0,1655.0,91.0,12540.0,True
indiaspeaks,1tiej3t,2026-06,omtvzb5,sanskaridaddy,True,10.0,False,,False,30,1779267133,0,3296.8,2902.0,7062.0,False
indiaspeaks,1tiej3t,2026-06,omtqmuq,shenoyroopesh,False,,True,5.0,False,3,1779264288,0,5304.5,744.0,427.0,True
indiaspeaks,1tqt3nh,2026-06,oois414,iamThebitbyte,True,1.0,True,1.0,False,306,1780036113,0,270.5,1.0,15518.0,True
indiaspeaks,1tqt3nh,2026-06,ooit9qm,The_Glum_Reaper,True,2.0,True,4.0,False,111,1780036678,0,1898.3,389.0,96148.0,True
indiaspeaks,1tqt3nh,2026-06,ooiu8yt,Gauravsharma2191,True,3.0,True,5.0,False,91,1780037149,0,2089.2,183.0,5604.0,True
indiaspeaks,1tqt3nh,2026-06,ooiuhya,Unlikely_Sky9003,True,4.0,False,,False,56,1780037270,0,1855.8,33.0,2532.0,True
indiaspeaks,1tqt3nh,2026-06,oois7gv,Time-Freedom-7708,True,5.0,True,2.0,False,26,1780036160,0,71.8,33913.0,6548.0,True
indiaspeaks,1tqt3nh,2026-06,ooiy14g,chillgoza001,True,6.0,False,,False,20,1780039013,0,1106.7,8164.0,5130.0,True
indiaspeaks,1tqt3nh,2026-06,ooit4zl,SuckMyRakshak,True,7.0,True,3.0,False,13,1780036612,0,57.6,321.0,1963.0,True
indiaspeaks,1tqt3nh,2026-06,ooj9tgy,sandymartin07,True,8.0,False,,False,11,1780045112,0,2052.6,4140.0,10793.0,True
indiaspeaks,1tqt3nh,2026-06,ooiur7q,Creative-Yard3675,True,9.0,False,,False,5,1780037394,0,1917.0,635.0,4752.0,True
indiaspeaks,1tqt3nh,2026-06,ooj4p2y,madridautumn,True,10.0,False,,False,3,1780042457,0,433.4,9.0,5291.0,False
indiaspeaks,1toxxj7,2026-06,oo4l473,6ix9ine_meme,True,1.0,True,1.0,False,412,1779866018,0,1669.6,17446.0,31756.0,True
indiaspeaks,1toxxj7,2026-06,oo4mp5m,Jolly_Librarian2610,True,2.0,False,,False,199,1779866816,0,1368.4,37.0,3914.0,True
indiaspeaks,1toxxj7,2026-06,oo4o2no,SerialEntrepreneur01,True,3.0,False,,False,82,1779867522,0,738.7,12558.0,26944.0,False
indiaspeaks,1toxxj7,2026-06,oo4m04w,Equivalent_Face_9746,True,4.0,True,3.0,False,66,1779866463,0,256.1,3023.0,30796.0,True
indiaspeaks,1toxxj7,2026-06,oo4m29r,himanshuya_,True,5.0,True,4.0,False,51,1779866492,0,1923.9,61700.0,1372.0,True
indiaspeaks,1toxxj7,2026-06,oo4lfx3,DangerousJuice6748,True,6.0,True,2.0,False,44,1779866180,0,658.8,9970.0,7906.0,False
indiaspeaks,1toxxj7,2026-06,oo4ncr4,Almost_Infamous,True,7.0,False,,False,25,1779867151,0,4767.8,78258.0,106908.0,True
indiaspeaks,1toxxj7,2026-06,oo4nveb,Area51Eskapee,True,8.0,False,,False,21,1779867418,0,471.5,14337.0,17777.0,True
indiaspeaks,1toxxj7,2026-06,oo4tewv,sdswnt1990,True,9.0,False,,False,19,1779870285,0,1303.7,5.0,2257.0,True
indiaspeaks,1toxxj7,2026-06,oo4m2r7,ResearcherCritical99,True,10.0,True,5.0,False,12,1779866499,0,265.8,1098.0,17824.0,True
indiaspeaks,1tk2qxe,2026-06,on5riiv,just_do_it-D8,True,1.0,True,1.0,False,565,1779410109,0,1396.4,13239.0,2978.0,True
indiaspeaks,1tk2qxe,2026-06,on5wpah,Bharat_Birder,True,2.0,True,2.0,False,284,1779411953,0,1317.7,113.0,3164.0,True
indiaspeaks,1tk2qxe,2026-06,on60it0,Miserable-Ad-1932,True,3.0,True,3.0,False,41,1779413348,0,1797.1,4055.0,4453.0,True
indiaspeaks,1tk2qxe,2026-06,on6kwpb,tommyshelbai,True,4.0,True,5.0,False,41,1779421193,0,955.9,554.0,2275.0,True
indiaspeaks,1tk2qxe,2026-06,on6y0at,IronRiff_Messiah,True,5.0,False,,False,21,1779427050,0,681.2,8446.0,19387.0,True
indiaspeaks,1tk2qxe,2026-06,on6na5p,_muse_is_amused,True,7.0,False,,False,11,1779422199,0,839.3,155.0,4605.0,True
indiaspeaks,1tk2qxe,2026-06,on6o2y7,KillerShark_-,True,6.0,False,,False,13,1779422549,0,2491.7,2186.0,13838.0,True
indiaspeaks,1tk2qxe,2026-06,on72orz,Other_Banana_,True,8.0,False,,False,8,1779429317,0,1955.5,1970.0,16916.0,True
indiaspeaks,1tk2qxe,2026-06,on6a1at,TheCrip666,True,9.0,True,4.0,False,5,1779416858,0,599.8,628.0,7443.0,True
indiaspeaks,1tk2qxe,2026-06,on6ut2s,arunit007,True,10.0,False,,False,4,1779425556,0,2137.1,15064.0,9327.0,True
indiaspeaks,1tcqv8w,2026-06,olq3sp1,DesiBail,True,1.0,False,,False,351,1778747649,0,1883.8,11312.0,110704.0,False
indiaspeaks,1tcqv8w,2026-06,olpyscc,IndianGolum,True,2.0,True,2.0,False,300,1778744958,0,372.3,220.0,20672.0,True
indiaspeaks,1tcqv8w,2026-06,olpy4bo,iamnandy,True,3.0,True,1.0,False,241,1778744595,0,3887.7,23283.0,7334.0,True
indiaspeaks,1tcqv8w,2026-06,olpz5rp,oldmonker_7406,True,4.0,True,3.0,False,158,1778745162,0,1597.6,10738.0,18346.0,True
indiaspeaks,1tcqv8w,2026-06,olq09z1,ResearcherCritical99,True,5.0,True,5.0,False,84,1778745763,0,265.8,1098.0,17824.0,True
indiaspeaks,1tcqv8w,2026-06,olq50ex,LethalProtector_,True,7.0,False,,False,54,1778748305,0,1606.7,652.0,9581.0,True
indiaspeaks,1tcqv8w,2026-06,olpz8lk,Briz-TheKiller-,True,6.0,True,4.0,False,56,1778745206,0,4106.7,63441.0,25772.0,True
indiaspeaks,1tcqv8w,2026-06,olq0mqf,Overall-Vacation-90,True,9.0,False,,False,31,1778745954,0,996.6,19965.0,10239.0,True
indiaspeaks,1tcqv8w,2026-06,olq3tjp,Budget_Put1517,True,8.0,False,,False,33,1778747662,0,1873.4,233675.0,88954.0,True
indiaspeaks,1tcqv8w,2026-06,olq14nq,Cyberboi_007,True,10.0,False,,False,18,1778746222,0,1561.8,757.0,2888.0,True
indiaspeaks,1t7yj1c,2026-06,okt6qy8,da_grownup_kid,True,1.0,True,3.0,False,140,1778328925,0,1723.4,66697.0,11796.0,True
indiaspeaks,1t7yj1c,2026-06,oksohwd,criti_fin,True,2.0,True,2.0,False,77,1778320433,0,509.3,9818.0,97894.0,False
indiaspeaks,1t7yj1c,2026-06,okshl0u,Sapolika,True,3.0,True,1.0,False,56,1778316359,0,,,,
indiaspeaks,1t7yj1c,2026-06,oktulzf,Puzzleheaded-Win-502,True,4.0,True,4.0,False,37,1778337181,0,,,,
indiaspeaks,1t7yj1c,2026-06,okud0mq,potato-turnpike-777,True,5.0,True,5.0,False,15,1778342813,0,1094.8,587.0,5835.0,True
