subreddit,post_id,collection_month,collected_utc,created_utc,title,score,upvote_ratio,num_comments,total_awards,author,author_account_age_days,author_link_karma,author_comment_karma,author_verified_email
india,1tblx4d,2026-06,1780696946,1778637728,The Indian salaried class has been methodically stripped of every single inflation hedge available t,3525,0.97,332,0,panjwani_ajay,5038.0,6069.0,195.0,True
india,1tjdhl5,2026-06,1780696946,1779349831,Official X handle of Cockroach Janta Party blocked in India.,2578,0.95,282,0,Sufficient_Yak_1263,85.9,11911.0,11663.0,True
india,1t8an92,2026-06,1780696946,1778346422,"As a Bengali guy who saw SIR closely, I want to say something",2204,0.86,256,0,beingimmature,997.2,155073.0,33498.0,True
india,1tl62jq,2026-06,1780696946,1779510163,Indians no longer have visa-free access to Thailand! New rules place India in VoA category; check up,2186,0.97,318,0,Oldnbold22,96.7,5503.0,3552.0,True
india,1tbarqa,2026-06,1780696946,1778611542,I am a urologist trained at AIIMS Delhi and Oxford. The summer heat wave is the single biggest trigg,2036,0.99,141,0,Born-Lingonberry-509,85.7,2499.0,746.0,True
india,1tucj15,2026-06,1780696946,1780364151,"Heard a woman being labelled ""dhande waali"" cuz she was wearing jeans.",2037,0.94,173,0,GulaabKaNote,31.9,1078.0,272.0,True
india,1thu8tq,2026-06,1780696946,1779212371,"Moved my MNC HQ from New York to Gujarat to ""save money""—now moving back because the corruption and ",2021,0.97,206,0,ExternalUnit6376,326.3,857.0,4.0,True
india,1tps4c4,2026-06,1780696946,1779939953,"There Is Corruption In Judiciary, Judges Need Not Be Treated As Holy Cows: Madras High Court",1938,0.99,57,0,Commercial_Way_3816,108.0,1242.0,281.0,True
india,1tgcqn4,2026-06,1780696946,1779081143,"""Go Back To India"": Restaurant Owner Ordered To Leave Japan After 30 Years",1918,0.94,244,0,RamenWithChutney,355.7,5997.0,144.0,True
india,1tuqjg5,2026-06,1780696946,1780405874,End of Modi Era,1920,0.8,416,0,Dismal-Tomato-9087,43.6,2278.0,213.0,True
india,1tex83k,2026-06,1780696946,1778946302,"PM Modi warns of ‘return of massive poverty’, flags ‘disaster decade’ of Covid, wars, fuel crisis",1884,0.97,498,0,godblessthegays,3417.4,86618.0,26598.0,True
india,1ttmm38,2026-06,1780696946,1780304957,Man sits on road as pregnant wife 'trapped' in traffic jam after VIP convoy stops vehicles in Bengal,1864,0.99,42,0,og_bitchh,58.5,4529.0,385.0,True
india,1tjtd70,2026-06,1780696946,1779388036,A girl in my PG died by suicide. She worked at Swiss Re.,1854,0.98,122,0,Scared-Increase7202,568.2,1026.0,1.0,True
india,1t9tok9,2026-06,1780696946,1778476633,"Rahul Gandhi calls PM Modi's 'don't buy gold for a year, WFH' appeal 'proof of failure' | India News",1797,0.94,196,0,SquashClassic8920,323.8,9477.0,87.0,True
india,1tr92jn,2026-06,1780696946,1780075595,"Nisarga Adhikary hacks CBSE portal again, plays viral Bad Apple song",1797,0.99,120,0,RamenWithChutney,355.7,5997.0,144.0,True
india,1to5me5,2026-06,1780696946,1779798889,'Mujhe use karlo...' Blinkit delivery partner harasses woman for ordering vibrator; company 'fires' ,1792,0.98,157,0,Fit-Celebration-6220,86.7,17159.0,1290.0,True
india,1twcnlp,2026-06,1780696946,1780545996,'Don't Have Courage To Take Exam Again': NEET Aspirant Dies By Suicide,1754,0.99,105,0,KenSuvy,5586.6,16287.0,4498.0,True
india,1th6n3u,2026-06,1780696946,1779150506,'World sees PM panic': Rahul Gandhi on video of Norwegian journalist asking PM Modi to answer questi,1732,0.93,108,0,JKKIDD231,2191.4,230328.0,519214.0,True
india,1t9orwc,2026-06,1780696946,1778462310,"More Indians losing hope of improved quality of life under Modi, survey shows",1726,0.9,225,0,Krankenitrate,85.9,159060.0,2975.0,True
india,1tdsz80,2026-06,1780696946,1778843063,World Leaders Mourn As 111 Dead in UP Storm; PM Modi Yet To React,1664,0.96,73,0,RamenWithChutney,355.7,5997.0,144.0,True
india,1twpmv1,2026-06,1780696946,1780584008,So What If The Rupee Hits 100? It Is Just A Number: PM Economic Advisory Council's Dr Shamika Ravi,1583,0.98,142,0,bhodrolok,4005.2,698688.0,251007.0,True
india,1tlbiba,2026-06,1780696946,1779527751,Cockroach Janta Party website taken down: Founder Abhijeet Dipke calls govt 'dictatorial',1551,0.95,139,0,SuperbHealth5023,634.4,733561.0,6870.0,True
india,1twc37n,2026-06,1780696946,1780544430,"Modi may impose 'something like Emergency', he won't be PM in a year, says Rahul Gandhi",1539,0.93,196,0,godblessthegays,3417.4,86618.0,26598.0,True
india,1tc3u0s,2026-06,1780696946,1778687778,Foreign investors pull out of India at record pace,1520,0.96,158,0,JKKIDD231,2191.4,230328.0,519214.0,True
india,1tb0imb,2026-06,1780696946,1778589841,NTA just cancelled NEET UG 2026 and nobody in power will lose a single night of sleep over it,1512,0.98,120,0,Ok-Sense6120,45.4,985.0,5.0,True
india,1tkcnq8,2026-06,1780696946,1779438201,"Government asks X to block Cockroach Janta Party's handle, cites 'national security' threat: Report",1461,0.98,85,0,ReSkid,4535.6,3614.0,9205.0,True
india,1tmnozy,2026-06,1780696946,1779655444,Urologist here. Prostate cancer is rising in Indian men under 60 and almost nobody is talking about ,1436,0.99,116,0,Born-Lingonberry-509,85.7,2499.0,746.0,True
india,1tojrvm,2026-06,1780696946,1779828515,Doordarshan anchor calls Delhi student Pakistani for raising CBSE marking grievance,1441,0.98,42,0,KenSuvy,5586.6,16287.0,4498.0,True
india,1thgbr6,2026-06,1780696946,1779178491,"Helle Lyng reaches out to Rahul Gandhi amid PM Modi controversy in Norway, asks, “Would you be avail",1419,0.94,157,0,Sufficient_Yak_1263,85.9,11911.0,11663.0,True
india,1t7tw4l,2026-06,1780696946,1778298615,A 16-year-old girl was gang raped while attending a wedding with her friends in the Champawat distri,1382,0.97,93,0,Nobita_kothari,182.5,18632.0,212.0,True
indiaspeaks,1tm4kb0,2026-06,1780696997,1779605357,10.09 seconds of pure history: Gurindervir Singh becomes fastest Indian ever on the track,4536,0.98,132,0,SatoruGojo232,863.8,2341968.0,240369.0,True
indiaspeaks,1tujseb,2026-06,1780696997,1780385804,People are being taught to queue with the power of baton,3585,0.99,155,0,katha-sagar,1431.5,8601.0,6333.0,True
indiaspeaks,1tiddj4,2026-06,1780696997,1779258946,This video posted by Italian PM is going viral.,3285,0.96,210,0,Longjumping-Drag9043,243.1,70528.0,3153.0,True
indiaspeaks,1tq42p8,2026-06,1780696997,1779975848,Never Underestimate the Power of Your Vote,3279,0.95,118,0,Longjumping-Drag9043,243.1,70528.0,3153.0,True
indiaspeaks,1tbwwnv,2026-06,1780696997,1778671960,Great news from West Bengal,3192,0.99,93,0,TaroZestyclose1690,288.2,37697.0,7056.0,True
indiaspeaks,1tcrotr,2026-06,1780696997,1778746597,We want to serve the nation sir,2804,0.99,91,0,TaroZestyclose1690,288.2,37697.0,7056.0,True
indiaspeaks,1txaztm,2026-06,1780696997,1780634944,Bus driver Beni Ram ji sacrificed his life to save 34 passengers after a deadly brake failure in Loh,2618,0.98,42,0,Unusual_Marsupial271,2153.7,15447.0,4390.0,True
indiaspeaks,1t9tr5i,2026-06,1780696997,1778476854,"The 'Mahishasura Mardini' that crushed TMC in WB, Bhadrakali dance by a lady during RG Kar protests",2573,0.98,48,0,katha-sagar,1431.5,8601.0,6333.0,True
indiaspeaks,1tp3b1y,2026-06,1780696997,1779882914,Pune Porsche Car Crash Case: Viral video shows teen accused’s father celebrating bail with family,2446,0.99,212,0,SatoruGojo232,863.8,2341968.0,240369.0,True
indiaspeaks,1t7xqkv,2026-06,1780696997,1778310696,"At Suvendu Adhikari’s oath taking, PM Modi greets &amp; take blessings from 98 year old Makhanlal Sa",2310,0.98,46,0,Immediate-Humor-6077,1563.6,66496.0,31345.0,True
indiaspeaks,1toaz0k,2026-06,1780696997,1779810595,"Clashes erupt in Mumbai's Mira Road over alleged animal sacrifice ahead of Eid al-Adha, FIR filed",2306,0.98,210,0,SatoruGojo232,863.8,2341968.0,240369.0,True
indiaspeaks,1trx9va,2026-06,1780696997,1780140153,Sandstorm in Rajasthan,2286,0.99,105,0,UnknownGunman21,27.6,21518.0,5586.0,True
indiaspeaks,1thbh1l,2026-06,1780696997,1779163236,Norwegian prime minister refuses to take questions from Indian reporters.,2193,0.92,214,0,Longjumping-Drag9043,243.1,70528.0,3153.0,True
indiaspeaks,1tvdlav,2026-06,1780696997,1780457845,"4 people travelling in different parts of country on different dates, all had worst experience and c",2101,0.98,59,0,Ok-Fun-8716,2050.6,7438.0,2745.0,True
indiaspeaks,1tftt4z,2026-06,1780696997,1779034197,Condition of stone pelters in Kolkata FAFO,1951,0.99,42,0,Dr_Death21,,,,
indiaspeaks,1t6cfxg,2026-06,1780696997,1778164657,West Bengal Governor has Dismissed the Mamata Banerjee Government,1914,0.99,50,0,yaaro_obba_,1706.3,19265.0,150706.0,True
indiaspeaks,1tiala6,2026-06,1780696997,1779250335,Prime Minister Modi and Italian Prime Minister Meloni,1868,0.96,171,0,VanilaButterMasala,277.1,29238.0,4278.0,True
indiaspeaks,1tnee1u,2026-06,1780696997,1779726897,What’s your take on this?,1804,0.97,110,0,No-Expert-4975,1627.4,7243.0,1234.0,True
indiaspeaks,1tmw1ub,2026-06,1780696997,1779676931,"A 10 year old child was raped in Coimbatore, and look at the behaviour of the police in a press meet",1787,0.97,103,0,ShreemBreeze,4232.7,18463.0,14290.0,True
indiaspeaks,1tqtobf,2026-06,1780696997,1780037623,Do you think this will help restore trust in competitive exams?,1770,0.98,116,0,ChhotaSaHydra,105.3,56497.0,5034.0,True
indiaspeaks,1tds7tf,2026-06,1780696997,1778840822,Where are all those freebies going?,1753,0.99,73,0,TaroZestyclose1690,288.2,37697.0,7056.0,True
indiaspeaks,1texjwb,2026-06,1780696997,1778947051,Tata Electronics and ASML Announce Strategic Partnership to Advance the Semiconductor Manufacturing ,1750,0.99,74,0,Longjumping-Drag9043,243.1,70528.0,3153.0,True
indiaspeaks,1t82plu,2026-06,1780696997,1778327033,Watching A Disabled Woman Sit Through The Ruins Of Her Demolished Shop In Maharashtra Raises A Diffi,1644,0.97,120,0,Jiwitom,462.1,91208.0,5297.0,True
indiaspeaks,1tkl6ww,2026-06,1780696997,1779461315,"Hindu Woman Confronts A Muslim Girl Who Claims To Be A Staff At Badami Caves, Roaming in side The Sa",1641,0.96,68,0,AhamBrahmAssmi,648.7,7596.0,5875.0,True
indiaspeaks,1tiej3t,2026-06,1780696997,1779262736,"YouTuber who called judiciary ""taanashahi, manmarzi' sentenced to 6 months jail by Delhi High Court",1571,0.99,94,0,Ok-Ice-3023,413.0,14257.0,1265.0,True
indiaspeaks,1tqt3nh,2026-06,1780696997,1780035729,Tourists Stopped for Safety Check in Manali Allegedly Brandish Swords and Argue with Police,1565,0.99,54,0,Ponappa_131,298.4,22974.0,1249.0,True
indiaspeaks,1toxxj7,2026-06,1780696997,1779865656,Illegal Bangladeshi migrants flock border to return as West Bengal starts deportation drive,1561,0.98,79,0,SatoruGojo232,863.8,2341968.0,240369.0,True
indiaspeaks,1tk2qxe,2026-06,1780696997,1779409162,Prehistoric looking bird spotted in Giridih Jharkhand leaves locals shocked,1535,0.97,100,0,Time-Freedom-7708,71.8,33913.0,6548.0,True
indiaspeaks,1tcqv8w,2026-06,1780696997,1778743836,Bangladeshi man killed in BSF firing at Lalmonirhat border,1532,0.99,62,0,Longjumping-Drag9043,243.1,70528.0,3153.0,True
indiaspeaks,1t7yj1c,2026-06,1780696997,1778313391,Suvendu Adhikari takes oath as first BJP CM of West Bengal; five others sworn in as Ministers,1520,0.98,17,0,SatoruGojo232,863.8,2341968.0,240369.0,True
