author,n_dup_bodies,total_repeat_comments,max_subs_for_one_body
IndiaSocial,9,43.0,1
criti_fin,14,32.0,1
Ohsin,10,21.0,1
sia_7777,1,16.0,1
ranker-app,1,13.0,3
find_a_rare_uuid,2,11.0,2
Critifin,4,10.0,1
the_storm_rider,3,10.0,2
IndependentOk388,3,9.0,3
ExploringDoctor,4,9.0,3
IndianHighLights,4,8.0,1
rohithkumarsp,2,8.0,5
pluto_N,4,8.0,2
earthling011,3,8.0,2
googleydeadpool,3,8.0,2
Significant-View8743,3,6.0,2
Potential_Cry_4089,3,6.0,1
Ho-ho-hosey,3,6.0,1
Col-JNW-Singh,3,6.0,2
dggfddddewd,3,6.0,2
KABALI_JNP,2,6.0,1
The_Flash_20,3,6.0,2
VCardBGone,3,6.0,1
RevolutionaryArt7819,3,6.0,2
Uxie_mesprit,1,6.0,1
mod-bollywoodfashion,2,5.0,1
Kimi_Raikkonen2001,2,5.0,1
Trading_Mentor_Amaan,2,5.0,2
Icy-Economist3526,2,5.0,1
Quantum_Cosmos,2,5.0,1
Own-Coat7436,2,5.0,2
misguidedkent,2,5.0,1
mrdrinksonme,2,5.0,1
Aggravating-Edge2120,2,5.0,2
rishianand,2,4.0,2
Artistic_Company_756,2,4.0,1
big_hole_energy,1,4.0,1
AllIsEvanescent,2,4.0,2
Tris_Memba,2,4.0,2
Realistic_Share9716,2,4.0,1
too_poor_to_emigrate,2,4.0,2
johnreese421,1,4.0,1
Traditional-Key3091,2,4.0,1
NoMedicine3572,2,4.0,2
way__to__eternity,1,4.0,2
Every_Management4426,1,4.0,2
No_Sprinkles_2990,2,4.0,1
TheIndianRevolution2,2,4.0,2
Grasshopper60619,2,4.0,1
Kcilcte,2,4.0,2
MNV2804,2,4.0,2
TheSunflowerSeeds,2,4.0,2
markelonn,2,4.0,2
Gullible_Gate_5673,2,4.0,2
Turbulent-Worker6351,2,4.0,1
Mounamsammatham,2,4.0,1
zorawarr_,2,4.0,2
KillerShark_-,2,4.0,2
Ryukk_008,1,4.0,4
brown_gentleman,2,4.0,2
forbiddencantaloupe2,1,4.0,1
timorousingenue,2,4.0,2
Ill-Giraffe-2243,2,4.0,2
Juno-RebelutionX,1,4.0,1
CrimeMasterGogoChan,2,4.0,2
Poshturkjgdy45,1,4.0,1
No-Assumption-7743,1,3.0,1
tmotu1125,1,3.0,3
Silent_Click1381,1,3.0,1
imvk43,1,3.0,3
AskGrok,1,3.0,3
YouImpossible3837,1,3.0,1
footzo,1,3.0,1
Asaridhrumit1729,1,3.0,1
zoismother,1,3.0,3
yourovercover,1,3.0,1
Aggressive-Gur1147,1,3.0,2
Consistent_Topic_265,1,3.0,1
Kaam4,1,3.0,2
Environmental-Home29,1,3.0,2
MentalWolverine8,1,3.0,2
LakkadHara,1,3.0,2
ishu_reddit,1,3.0,3
ColHansLangdaTyagi,1,3.0,1
Express_Director8212,1,3.0,1
faizansells,1,3.0,1
Visual_Formal_5520,1,3.0,2
Illustrious_Win4138,1,3.0,1
baavagaru,1,2.0,1
justelling,1,2.0,2
itsR4G3,1,2.0,1
hamzaaadenwala,1,2.0,1
sleepysoul13,1,2.0,1
Prameet88,1,2.0,1
RedScholar10,1,2.0,1
Quiet-Reply-9376,1,2.0,1
maxmin324,1,2.0,2
Wise-Blood-8799,1,2.0,1
horizon_shadow,1,2.0,1
Severe-Experience333,1,2.0,2
Faniabra,1,2.0,1
soumo202091,1,2.0,2
versesmm,1,2.0,2
LazyCurvyPanda,1,2.0,1
Expensive_Pepper9725,1,2.0,1
Elegant-Akki6359,1,2.0,1
Cautious-Breath5628,1,2.0,1
Accomplished-Fox1935,1,2.0,1
undefined_void7,1,2.0,2
adikul,1,2.0,1
triple_hoop,1,2.0,1
RevolutionaryWay6066,1,2.0,1
voodooax,1,2.0,1
Bhamra999,1,2.0,1
_PakChikPakRajaBabu_,1,2.0,1
Careful_Young112,1,2.0,2
starboi_777,1,2.0,1
Traditional-Cup-5578,1,2.0,1
Michaelangelo56,1,2.0,1
Legitimate_Main8244,1,2.0,2
Sugartu,1,2.0,2
kaito__kido,1,2.0,1
oh_not_you_again,1,2.0,1
ajay-rut,1,2.0,1
ryzxwa2307,1,2.0,1
Dempressed_Kimg,1,2.0,1
Any-Individual5262,1,2.0,1
Apprehensive-Gap5752,1,2.0,1
No-Macaroon4365,1,2.0,2
Ok_Trick5916,1,2.0,2
BoxPositive4750,1,2.0,1
arina_0730,1,2.0,1
Hydra-_-,1,2.0,1
unmole,1,2.0,1
yourdistantcousinn,1,2.0,2
Euphoric-Flounder-51,1,2.0,1
ronit__jain,1,2.0,1
modrickrossestacy,1,2.0,1
Sharp-Potential7934,1,2.0,1
Rebelwrecker,1,2.0,1
Dependent-Disaster62,1,2.0,1
Mother-Sun7479,1,2.0,1
medheshrn,1,2.0,1
santrupt1994,1,2.0,1
MulayamChaddi,1,2.0,1
shubhamxtreme,1,2.0,2
samonnx,1,2.0,1
_ayagames_,1,2.0,1
investing11213,1,2.0,2
bighotlong,1,2.0,2
rah-owl,1,2.0,1
nse_scanner,1,2.0,1
Fanatic_Researcher,1,2.0,2
TrustMeAmLying,1,2.0,1
Severe-Apricot-7679,1,2.0,1
lemmelearnlol,1,2.0,2
Arnoldjohn407,1,2.0,2
Thin-Country-Dweller,1,2.0,1
Maximum-Elevator5845,1,2.0,1
Realistic-Team8256,1,2.0,2
moriarty7878,1,2.0,1
crookit007,1,2.0,1
PigeonSuperstitions,1,2.0,1
Hyalonate,1,2.0,2
UsurperErenJaeger,1,2.0,1
Apurba007,1,2.0,1
bhodrolok,1,2.0,1
ChanceImagination297,1,2.0,2
MaleStripper4Women,1,2.0,2
harishmodani,1,2.0,1
IamNotpolice_,1,2.0,2
Beautiful-Ad-5676,1,2.0,1
Wonderful_Tap_7136,1,2.0,2
ayushbansal108,1,2.0,2
peoplecallmedude797,1,2.0,2
Soft_Number_7145,1,2.0,2
electriccamels,1,2.0,2
OverratedDataScience,1,2.0,2
RideFederal48,1,2.0,1
particle007,1,2.0,2
One_Helicopter_6259,1,2.0,1
patrickbatemanfrfr,1,2.0,2
Neither-Conclusion87,1,2.0,1
cantwontdonttrackme,1,2.0,1
1kshvaku,1,2.0,1
Cocky_pussyy,1,2.0,1
Yathasambhav,1,2.0,2
Crimson7799,1,2.0,1
khushanramchandani,1,2.0,1
nocturnal_animal543,1,2.0,1
Reasonable-Paper-428,1,2.0,2
Subject_Plane_2372,1,2.0,1
FuckMyNamesTaken,1,2.0,1
ReflectionPristine94,1,2.0,1
Boring-Tension-3776,1,2.0,1
BERSERK_KNIGHT_666,1,2.0,2
Lazy_Guava_2975,1,2.0,1
Amaan__Shamim,1,2.0,1
Consistent_Neat_7184,1,2.0,1
dollyayesha,1,2.0,2
AccurateRoom1335,1,2.0,1
Used_Mud1925,1,2.0,1
LevelIQ_in,1,2.0,1
castle_03,1,2.0,2
Thelonebeing,1,2.0,2
dth999,1,2.0,2
CricketerOtaku,1,2.0,1
ailaa_gogo,1,2.0,2
Fabulous-Cap-2537,1,2.0,1
Modi_ji_memer,1,2.0,1
Glass-Psychology1283,1,2.0,1
Maleficent-Ferret570,1,2.0,2
abi_helpdesk,1,2.0,2
Fun_Self_Bk_1869,1,2.0,1
Grouchy-Volume-5008,1,2.0,1
CarelessProperty5772,1,2.0,2
That_Sky2114,1,2.0,1
Turbulent_Writing834,1,2.0,2
WaitingToBeTriggered,1,2.0,2
sidsks,1,2.0,2
Excellent_History196,1,2.0,2
lvalue_required,1,2.0,2
KeyDifference4178,1,2.0,2
ENZ10000,1,2.0,1
wokeinthepark7,1,2.0,2
AdhesivenessNo4741,1,2.0,2
Actual_Lifeguard_630,1,2.0,2
Sad_Illustrator2651,1,2.0,1
GoingTo_Sleep,1,2.0,2
xtze12,1,2.0,1
Own_Pin5680,1,2.0,2
Calm_Cress_9905,1,2.0,1
ssanonyme,1,2.0,2
waryinsomnious,1,2.0,1
little_cuck6,1,2.0,2
sssallmails,1,2.0,1
monke_eeee,1,2.0,1
shutthefkup_,1,2.0,1
Entire-Control-8273,1,2.0,2
Proud_Brat,1,2.0,1
FastCurrency,1,2.0,2
Low_Condition4141,1,2.0,2
jailnilekani,1,2.0,2
Ralph00X,1,2.0,2
Change_petition,1,2.0,2
Difficult-Wrangler59,1,2.0,2
pseudoPoeDameron,1,2.0,2
SimpleSpecific_,1,2.0,2
RealFriendlyPitbull,1,2.0,1
That-Replacement-232,1,2.0,2
lostindpace,1,2.0,1
_An_Oni_Mouse_,1,2.0,2
BoroBokachoda,1,2.0,2
themechanic0124,1,2.0,1
Vfnxqar,1,2.0,1
Knighthereal,1,2.0,2
Sudden_Mix9724,1,2.0,1
Terrible_Stuff_3799,1,2.0,1
PhilosopherUseful249,1,2.0,2
Fin_Turtle,1,2.0,1
hsg8,1,2.0,2
why_so_serious_123,1,2.0,2
Death0073,1,2.0,1
KingofDucks_3031,1,2.0,2
Top-Worldliness5027,1,2.0,1
Ok-Negotiation-2267,1,2.0,1
Apprehensive_Plan781,1,2.0,2
noobda_bachha,1,2.0,2
Sunless078,1,2.0,1
Brock_Listner,1,2.0,1
GoldenDew9,1,2.0,1
suddatsh389,1,2.0,1
Top_Wing_1699,1,2.0,1
mave7rick,1,2.0,1
AutomaticWitness1190,1,2.0,1
redditkyboardwarrior,1,2.0,2
No-Location-1885,1,2.0,1
Numerous_Piccolo_11,1,2.0,1
Federal_Lie_7641,1,2.0,2
curious_xo,1,2.0,2
passeab,1,2.0,1
Kool99YT,1,2.0,1
thisisaaronheree,1,2.0,1
Some_Interest_6907,1,2.0,1
Top_Dragonfly9300,1,2.0,2
Icy_Pea_7667,1,2.0,1
Chaltahaikoinahi,1,2.0,1
Useful-Resource-3609,1,2.0,2
Antique-Weight-5485,1,2.0,1
New-Two-1349,1,2.0,1
BeyondClassic2800,1,2.0,1
FUranditt,1,2.0,1
RealisticTopic5477,1,2.0,1
Redd1897,1,2.0,2
AverageBrownGuy01,1,2.0,1
Grand-Tennis1389,1,2.0,1
Smooth_Hamster_8013,1,2.0,2
CritFin,1,2.0,1
BadAtuser_name,1,2.0,1
unlistedshares777,1,2.0,1
ambitiousandkind,1,2.0,1
OmPatel2110,1,2.0,2
CrackingYourNuts,1,2.0,2
linkontherun,1,2.0,1
Alexx_Grayy,1,2.0,2
kunal995,1,2.0,1
Ahoonternusthoont,1,2.0,1
kya_yaar,1,2.0,1
DenverNuggetsIndia,1,2.0,1
Anxious-Cycle-4518,1,2.0,2
Big-Shake5489,1,2.0,1
Scary_Aide7247,1,2.0,2
Downtown-Chemical-42,1,2.0,2
Internal_Site7818,1,2.0,2
adane1,1,2.0,2
sid0712,1,2.0,1
ReferenceExact5261,1,2.0,1
Living-Driver6782,1,2.0,2
Competitive-Sock2927,1,2.0,1
Any_Brush7476,1,2.0,2
Worldly_Function_407,1,2.0,1
nitin_tin,1,2.0,2
aezindagigaladabaade,1,2.0,1
mathematix,1,2.0,1
newd3lhiguy,1,2.0,1
Cosmic_Traveller_,1,2.0,2
silvester_x,1,2.0,2
Protector_of_Humans,1,2.0,2
TheShawarmaSnatcher,1,2.0,2
hmooooooody,1,2.0,2
VaguePrompt,1,2.0,1
Beginning_Worry_6905,1,2.0,1
Novel_Preference_746,1,2.0,2
Fun_Cicada2102,1,2.0,1
Nikhil_9900,1,2.0,2
New_Measurement_6472,1,2.0,1
iamck13,1,2.0,2
vivans720,1,2.0,1
coldnomaad,1,2.0,2
2centsOfPurpose,1,2.0,1
badxnxdab,1,2.0,2
Impressive-Clock-651,1,2.0,2
has_eeb_,1,2.0,1
iaskureply,1,2.0,1
jedi_cook,1,2.0,2
Alarming-Diet4196,1,2.0,1
Top-Grape6650,1,2.0,2
Complete-Chip-5351,1,2.0,1
Critical_Weakness_91,1,2.0,1
bombastic_laila03,1,2.0,2
Dear-Explanation-457,1,2.0,1
Riddentourist,1,2.0,2
youngwolf616,1,2.0,1
HardMarginSVM,1,2.0,2
twinncharged,1,2.0,2
ka_me_haa_mee_haaa,1,2.0,1
AlternativeRough3841,1,2.0,2
Paannuu,1,2.0,2
3D_Noob_Guy,1,2.0,2
Due-Newspaper-9999,1,2.0,1
Invincible3972,1,2.0,1
Moongfali4president,1,2.0,1
whoisapotato,1,2.0,1
thefallenonexd,1,2.0,1
No-Nail4682,1,2.0,1
Al_Thayo-Ali,1,2.0,2
cute-boy80,1,2.0,1
Safe_Vincent_Invest,1,2.0,1
ImmediateJacket9502,1,2.0,2
Middleclass_Operator,1,2.0,1
Heavy_Taste_7313,1,2.0,1
Realistic-Warning904,1,2.0,1
neerajanchan,1,2.0,1
KHN_7219_AM,1,2.0,2
Ok_Plum960,1,2.0,1
iamagent27,1,2.0,2
rabeashikder_1998,1,2.0,1
DragonfruitMotor7433,1,2.0,2
normaltraining567,1,2.0,1
_Galactic_Prime,1,2.0,1
Klutzy_Paramedic6397,1,2.0,1
TimeVendor,1,2.0,2
-DedSec-,1,2.0,1
ExaminationFail25,1,2.0,2
Appropriate-Data-274,1,2.0,1
