flag,author,bot_score,tier,Unnamed: 4,flag_norm
d,whizzyapper,0.9904118,high,,deleted
,Unhappy_Pie8213,0.9736226,high,,ok
d,ImportantFan1698,0.9674343,high,,deleted
d,King_Of_Hermits,0.9661284,high,,deleted
b,Such_Trouble5434,0.9657187,high,,banned
b,Perpetual_Variety,0.95340866,high,,banned
d,Worth-Cupcake889,0.9274277,high,,deleted
d,Designer_Hurry_2364,0.9027967,high,,deleted
,bawligand69,0.8988539,high,,ok
,WEEBPACKMAN,0.8770262,high,,ok
,Meme_guy_00,0.8763351,high,,ok
,Financial_Humor_8134,0.8727002,high,,ok
,Koachs_81st,0.85713905,high,,ok
b,notsogentle_,0.8529141,high,,banned
,Tough_Cat_8068,0.8452705,high,,ok
d,yehhalkatjawani,0.8358377,high,,deleted
d,Amazing_Concept_4473,0.83314335,high,,deleted
d,Smooth_Elderberry_24,0.8279034,high,,deleted
,Single-Memory-9490,0.804656,high,,ok
d,GuardiaN-__,0.8014008,high,,deleted
,CrimeMmasterGoGo,0.1884091,low,,ok
,cherryblossomcherie,0.17453606,low,,ok
b,Living_Book_3973,0.15857016,low,,banned
,Numerous_Map73,0.12976338,low,,ok
,pahadinme,0.10429646,low,,ok
,RaspberryDistinct222,0.103586726,low,,ok
,Consistent-Rub445,0.090883,low,,ok
,Independent-Log-4245,0.088942975,low,,ok
,abhigoswami18,0.08157611,low,,ok
,Putrid-Mention-4644,0.060804203,low,,ok
,dollyayesha,0.06054197,low,,ok
,tr_24,0.052579083,low,,ok
,Kiran_kv,0.027905507,low,,ok
,Yeahyeahsono,0.019648954,low,,ok
,SpiritualBerry9756,0.016680371,low,,ok
,Imaginary-Dig-7835,0.013089818,low,,ok
,human_being009,0.00976062,low,,ok
,MulayamChaddi,0.0037391342,low,,ok
,raringfireball,0.003042359,low,,ok
,OohNoAnyway,0.0024303023,low,,ok
,PatronousPulse,0.39304534,low_mid,,ok
,No-Internet1016,0.37678957,low_mid,,ok
,pandi20,0.36364803,low_mid,,ok
,iYush69,0.35606572,low_mid,,ok
,whothiswhodat,0.35518026,low_mid,,ok
,ElderberryTotal4100,0.35441834,low_mid,,ok
d,Dyutithisside,0.33443955,low_mid,,deleted
d,Unfair_Future_9726,0.3083911,low_mid,,deleted
,Prestigious-Rice-206,0.28598094,low_mid,,ok
,Bhenjo_Chloride,0.28291264,low_mid,,ok
d,Unfair-Manager-458,0.28066444,low_mid,,deleted
,__Manavalan__,0.27227738,low_mid,,ok
,heharam,0.2587393,low_mid,,ok
b,rahcket,0.2567433,low_mid,,banned
,Wide-Location7279,0.25341025,low_mid,,ok
,Dire_Wolf77,0.23509637,low_mid,,ok
b,Change_petition,0.22464463,low_mid,,banned
d,Impressive_Ad_3137,0.22365217,low_mid,,deleted
,Full_Organization_66,0.22034805,low_mid,,ok
,rage-wedieyoung,0.21518567,low_mid,,ok
,Ipsita_chan,0.5967114,mid,,ok
d,AmazingBrilliant9229,0.57785374,mid,,deleted
,syler_19,0.56985056,mid,,ok
,Mean-Relationship881,0.5607331,mid,,ok
,Aichenutan,0.55286586,mid,,ok
,chungkingexp,0.53757554,mid,,ok
b,aadsarraficionado,0.5346186,mid,,banned
,neggadestroyer2993,0.5272526,mid,,ok
b,yaarkyakaru,0.526789,mid,,banned
,BIGJO7,0.51744294,mid,,ok
,Opening-Advice,0.5066415,mid,,ok
,wokeu,0.50645804,mid,,ok
,Feeling_Emu_7367,0.49333483,mid,,ok
,Shubham21Kumar,0.4913804,mid,,ok
,hardestmofo,0.46877822,mid,,ok
,Worried_16,0.44935963,mid,,ok
,xAgent47,0.4469044,mid,,ok
d,Unhappy-Grape-4094,0.41966793,mid,,deleted
,Orajnish,0.4135454,mid,,ok
,Memer_2_0,0.41218153,mid,,ok
b,i_am_a_kaddu,0.76723707,mid_high,,banned
,Leading_Avocado_3358,0.7655231,mid_high,,ok
d,Top_Importance7590,0.7602307,mid_high,,deleted
,UnmakerOrangeJuice,0.75504345,mid_high,,ok
,Dark_lord_25,0.752319,mid_high,,ok
,Boring-Piccolo-347,0.7429404,mid_high,,ok
b,Specialist_Speed8678,0.7373256,mid_high,,banned
,fool-of-the-wallst,0.7264012,mid_high,,ok
b,ali2newyork,0.7038533,mid_high,,banned
b,Downtown-Row-2593,0.69717795,mid_high,,banned
,Inevitable-Chip-9100,0.6854913,mid_high,,ok
d,OtherwiseDrummer3288,0.6833311,mid_high,,deleted
,unosX10,0.67038214,mid_high,,ok
,Traditional-Talk-181,0.6664466,mid_high,,ok
b,Loose-Carry7063,0.65489423,mid_high,,banned
,Clean-Bake-6230,0.6488534,mid_high,,ok
,Agreeable-Bad7018,0.6482542,mid_high,,ok
d,Cornflake3000,0.6397138,mid_high,,deleted
,YashrajMittal,0.6105729,mid_high,,ok
,rajekum512,0.6027896,mid_high,,ok
