,comments_per_day_observed,sample_score_per_day_observed,karma_per_day_since_first_seen,n_own_posts_with_comments,worst_sub_mean_score,n_subs_rejected_but_returned,n_posts_sample,n_comments_sample,n_gaps,removal_rate_pctl,comments_per_day_since_first_seen,shows_silo_mismatch_pattern,contribs_per_month,removal_rate,deleted_later_rate,n_high_tier,n_threads_active,n_distinct_threads,posts_per_day_since_first_seen,n_medium_tier
comments_per_day_observed,1.0,0.7057648633952676,0.42227246995367024,0.09951616398806461,-0.033621755505382024,0.016717132665670705,0.09854820160425655,0.4360761738884348,0.44391988248371206,0.19171335132378547,0.662554957818935,0.016617131874507116,0.6707984366601412,0.19171335132378547,0.19119294528529818,0.08357938280806573,0.4230502370467374,0.4230502370467374,0.1191686548815804,0.08677623539684323
sample_score_per_day_observed,0.7057648633952676,1.0,0.8253688385633771,0.044611135084370486,0.17426540571200308,-0.06970870466084711,0.04287437109022397,0.39327512800830916,0.3935082151267597,0.16521572489949862,0.4926683966106569,-0.05989545653528811,0.4763968638138072,0.16521572489949862,0.166088472218447,0.23657018696903112,0.3905329089701437,0.3905329089701437,0.052919356361901884,0.1625836047852145
karma_per_day_since_first_seen,0.42227246995367024,0.8253688385633771,1.0,0.003813101452731706,0.17596495231639506,-0.06711634353929308,0.0023487277848347134,0.567976536965636,0.5626858544712167,0.12233174611704722,0.6491504294261567,-0.05724417869699806,0.6073013502285746,0.12233174611704722,0.13197479073234128,0.31898125854819925,0.5702038639774195,0.5702038639774195,0.012063963101735978,0.27213970825793415
n_own_posts_with_comments,0.09951616398806461,0.044611135084370486,0.003813101452731706,1.0,0.013616535165537994,-0.013103804598512419,0.9962971381735125,-0.018126956488196826,-0.0007447836254266286,0.08508708352244618,0.033909555227018336,-0.015300007668608707,0.2044155903888639,0.08508708352244618,0.08498176899184469,-0.03405855214237991,-0.049567271026029716,-0.049567271026029716,0.9883039889445688,0.01810526680975951
worst_sub_mean_score,-0.033621755505382024,0.17426540571200308,0.17596495231639506,0.013616535165537994,1.0,-0.3086991353543116,0.011818326563212985,-0.07127209116376877,-0.07126427022206812,-0.09060434456322125,-0.05471466493310568,-0.30416950773542256,-0.05066689807091359,-0.09060434456322125,-0.09075985702615681,-0.10518581170234641,-0.07455666956510437,-0.07455666956510437,0.013770928742046518,-0.03398053379177567
n_subs_rejected_but_returned,0.016717132665670705,-0.06970870466084711,-0.06711634353929308,-0.013103804598512419,-0.3086991353543116,1.0,-0.012656759979736134,0.03403516676113309,0.033292981483332304,0.04932963678016369,0.027344556625605063,0.9840943616850765,0.02461151751984501,0.04932963678016369,0.050298987949822294,0.060459693765682,0.03619546992654707,0.03619546992654707,-0.013798187181382789,0.009062912087050767
n_posts_sample,0.09854820160425655,0.04287437109022397,0.0023487277848347134,0.9962971381735125,0.011818326563212985,-0.012656759979736134,1.0,-0.019321430235913907,-0.0014803210170052806,0.08417676396423018,0.03289401328980059,-0.014819066994405845,0.20411577622174945,0.08417676396423018,0.0840803598104627,-0.03331886149948786,-0.05067437034078577,-0.05067437034078577,0.9921634582539638,0.01750901370827824
n_comments_sample,0.4360761738884348,0.39327512800830916,0.567976536965636,-0.018126956488196826,-0.07127209116376877,0.03403516676113309,-0.019321430235913907,1.0,1.0,0.13002488622081793,0.7609013605094705,0.039885538584708634,0.6986092818500718,0.13002488622081793,0.14654279124769637,0.3015540006463993,0.9940077171632756,0.9940077171632756,-0.03835798675093868,0.35147693743498715
n_gaps,0.44391988248371206,0.3935082151267597,0.5626858544712167,-0.0007447836254266286,-0.07126427022206812,0.033292981483332304,-0.0014803210170052806,1.0,1.0,0.12744198516004152,0.7584401645149303,0.03822186436883727,0.7080018721161095,0.12744198516004152,0.14380133280364024,0.2978553814055665,0.9939042327350616,0.9939042327350616,-0.0206771020016966,0.3460008140210187
removal_rate_pctl,0.19171335132378547,0.16521572489949862,0.12233174611704722,0.08508708352244618,-0.09060434456322125,0.04932963678016369,0.08417676396423018,0.13002488622081793,0.12744198516004152,1.0,0.1435262726491828,0.047843110405066586,0.15055826346839266,1.0,0.9173222213297142,0.09806755473241087,0.12562262482941622,0.12562262482941622,0.08555011803892641,0.027354084577148666
comments_per_day_since_first_seen,0.662554957818935,0.4926683966106569,0.6491504294261567,0.033909555227018336,-0.05471466493310568,0.027344556625605063,0.03289401328980059,0.7609013605094705,0.7584401645149303,0.1435262726491828,1.0,0.029151175566423326,0.9616762882681478,0.1435262726491828,0.15470219173492822,0.19346912423799212,0.7517710350144968,0.7517710350144968,0.0573394507246795,0.2485016028299055
shows_silo_mismatch_pattern,0.016617131874507116,-0.05989545653528811,-0.05724417869699806,-0.015300007668608707,-0.30416950773542256,0.9840943616850765,-0.014819066994405845,0.039885538584708634,0.03822186436883727,0.047843110405066586,0.029151175566423326,1.0,0.02439782512226002,0.047843110405066586,0.04885701312786294,0.06497824255557294,0.04208092995631548,0.04208092995631548,-0.016211084117885792,0.011534454422051603
contribs_per_month,0.6707984366601412,0.4763968638138072,0.6073013502285746,0.2044155903888639,-0.05066689807091359,0.02461151751984501,0.20411577622174945,0.6986092818500718,0.7080018721161095,0.15055826346839266,0.9616762882681478,0.02439782512226002,1.0,0.15055826346839266,0.15966687614304245,0.1645850213808763,0.6832988348097838,0.6832988348097838,0.22731559349500044,0.22080420987713778
removal_rate,0.19171335132378547,0.16521572489949862,0.12233174611704722,0.08508708352244618,-0.09060434456322125,0.04932963678016369,0.08417676396423018,0.13002488622081793,0.12744198516004152,1.0,0.1435262726491828,0.047843110405066586,0.15055826346839266,1.0,0.9173222213297142,0.09806755473241087,0.12562262482941622,0.12562262482941622,0.08555011803892641,0.027354084577148666
deleted_later_rate,0.19119294528529818,0.166088472218447,0.13197479073234128,0.08498176899184469,-0.09075985702615681,0.050298987949822294,0.0840803598104627,0.14654279124769637,0.14380133280364024,0.9173222213297142,0.15470219173492822,0.04885701312786294,0.15966687614304245,0.9173222213297142,1.0,0.09331130540688247,0.14179081984205202,0.14179081984205202,0.08488351394098015,0.040539181238146094
n_high_tier,0.08357938280806573,0.23657018696903112,0.31898125854819925,-0.03405855214237991,-0.10518581170234641,0.060459693765682,-0.03331886149948786,0.3015540006463993,0.2978553814055665,0.09806755473241087,0.19346912423799212,0.06497824255557294,0.1645850213808763,0.09806755473241087,0.09331130540688247,1.0,0.30516074316496106,0.30516074316496106,-0.0440008341373976,0.05168362957872992
n_threads_active,0.4230502370467374,0.3905329089701437,0.5702038639774195,-0.049567271026029716,-0.07455666956510437,0.03619546992654707,-0.05067437034078577,0.9940077171632756,0.9939042327350616,0.12562262482941622,0.7517710350144968,0.04208092995631548,0.6832988348097838,0.12562262482941622,0.14179081984205202,0.30516074316496106,1.0,1.0,-0.06999954424447516,0.34813728405071415
n_distinct_threads,0.4230502370467374,0.3905329089701437,0.5702038639774195,-0.049567271026029716,-0.07455666956510437,0.03619546992654707,-0.05067437034078577,0.9940077171632756,0.9939042327350616,0.12562262482941622,0.7517710350144968,0.04208092995631548,0.6832988348097838,0.12562262482941622,0.14179081984205202,0.30516074316496106,1.0,1.0,-0.06999954424447516,0.34813728405071415
posts_per_day_since_first_seen,0.1191686548815804,0.052919356361901884,0.012063963101735978,0.9883039889445688,0.013770928742046518,-0.013798187181382789,0.9921634582539638,-0.03835798675093868,-0.0206771020016966,0.08555011803892641,0.0573394507246795,-0.016211084117885792,0.22731559349500044,0.08555011803892641,0.08488351394098015,-0.0440008341373976,-0.06999954424447516,-0.06999954424447516,1.0,0.006124692847097794
n_medium_tier,0.08677623539684323,0.1625836047852145,0.27213970825793415,0.01810526680975951,-0.03398053379177567,0.009062912087050767,0.01750901370827824,0.35147693743498715,0.3460008140210187,0.027354084577148666,0.2485016028299055,0.011534454422051603,0.22080420987713778,0.027354084577148666,0.040539181238146094,0.05168362957872992,0.34813728405071415,0.34813728405071415,0.006124692847097794,1.0
