author,n_near_dup_pairs
autopostremover,65
LimpCoco,48
B0tRank,33
malayali-minds,28
Seasor1310,13
mod-bollywoodfashion,11
adane1,9
IndiaSpeaksbotty,8
brawler_r,7
mangoes_love,6
Parfait-Ashamed,6
Rebelwrecker,5
ASandwich72,3
zoismother,3
divaista,3
Humble_Fox_6984,3
complex_chemotherapy,3
HippoBot9000,3
AssMilker9000,3
MonkeyDModi,3
Chilly-777,3
Impressive_Click5828,3
loki00770,2
Akira_ArkaimChick,2
devilliers_17,2
Dry-Ad3046,2
EmberEcho1289,2
A_Simple_Girl_1,2
rah-owl,2
Siesta99,2
Dull-Memory3772,2
Head_Net1597,2
pythoneer07,2
LogicalSpare4403,2
DenverNuggetsIndia,2
CricketerOtaku,2
Pale-one007,2
Excellent_History196,2
Razzmatazzzzzzzx,2
linkontherun,2
degenratekaren,1
SchoolDifficult7268,1
pudi-pa,1
riotmaster256,1
NoPermission6093,1
Training_Acadia_5156,1
NotTheZucc,1
mondegreen__,1
Ok_Wolf8529,1
wittgensteinlanguage,1
dodoleater,1
nobody_none_no,1
Super_Concept5931,1
PuzzleheadedRise7574,1
Best_Piece_4572,1
YuYuWiWi,1
NegotiationThat6130,1
sid3091,1
Social-Credit-1,1
usranonym,1
mike999mike,1
mai_jo_hu_mai_hu,1
Ironman-love-3000,1
Canis_lupus08,1
EnvironmentalRoad595,1
ThinkBluebird690,1
JellyfishOpposite812,1
ah_itsall_good,1
Beginning_Paper_1260,1
CryptedBit,1
arkum667,1
Stunning_Sir4170,1
bloo_acid,1
Stoicxist,1
immortalap96,1
Quirky_Sunflower,1
Dark_Y_vortex,1
Vesper555,1
akg-tatsumi,1
DrDuckno1,1
sniffing_your_mom,1
webclout,1
pollution101,1
2075anant,1
Professional_Cap4665,1
Kindly-Mission-2019,1
wandering-lost4007,1
Ok_Neighborhood6056,1
Ok_Watercress_6545,1
Mammoth_Summer3788,1
SilentObserver_7_,1
Yagyik,1
AbbreviationsLong809,1
Shadow-Realm01,1
CATFISHSIUU,1
ProfessorSingle807,1
Hunterrrrr6969,1
ICanBeYourFlashlight,1
qwert_99,1
Kingofducks3031,1
No-Object-2413,1
Ordinary_Turn_9727,1
Freedomfirefly,1
reddragonaite,1
Suspicious-Pace1102,1
g-man-g-89,1
Best-Fisherman9116,1
Amazing_Purchase_563,1
Horror_Career5580,1
Idlisambarchutney,1
Faniabra,1
sidthefreak,1
GujjubhaiPatel707,1
ctrl-your-stupidness,1
Natural-Yogurt-99,1
TyroshiSellsword,1
Either-Form-3424,1
Prestigious-Pop3538,1
squidward_2022,1
Ill-Assistant4298,1
emberecho1256,1
ninjabillii,1
Silent_Click1381,1
chintu_1313,1
No-Carrot-1131,1
Resident-Tiger-4849,1
stock_robinhood85,1
Calm-Box4187,1
LazyCurvyPanda,1
Suspicious_Fan_7446,1
Icy_Wedding7905,1
i_m_ariiii,1
Straight_Cherry996,1
Legitimate-Bell386,1
Seal____,1
pisces_bangalore,1
ControlOk8231,1
ElegantOrange_,1
Astra7157,1
Similar_Trifle_6974,1
Parth999x,1
Euphoric-Expert523,1
RewardNew8047,1
Thick-Coconut8516,1
HeartOnASearch,1
Automatic_Passage264,1
shuuuuhs,1
Eternal_Dharm,1
_bigS,1
sumisweetie,1
MiracleMagic1305,1
LongShlongLoner,1
Simple-Travel3557,1
Haunting-Clue7877,1
real_nigah2210,1
PressureStraight9666,1
Severe-Apricot-7679,1
OfferWild7312,1
Ancient-Turnip-4426,1
Feisty-Sky8513,1
Pillars_Of_Creations,1
manwhoos,1
CantMkThisUp,1
APOCALYPSE_Area51,1
apex_ash07,1
roadburner123,1
DoNotf___ingDisturb,1
Aloo_ka_paratha_,1
Money_Elderberry_612,1
BROZARKOP,1
bhumiknoob,1
CourseMediocre7998,1
twinblueflame,1
Silly_Company_9779,1
Stock-Breakfast-2197,1
iamritwik_,1
Son_of_Saturn07,1
Obvious-Fisherman998,1
National_Iron8803,1
Ok-Importance-3095,1
Indianopolice,1
hustlerhino-isback,1
martian7r,1
Alarmed-Hornet6865,1
Massive_Length_9959,1
Calm_Goat1766,1
mittals453,1
Dank_Devansh,1
Arnavbkl,1
Winter-Honey-6116,1
Kali2669,1
Level_Scarcity2057,1
Initial_Broccoli_626,1
No_Quantity5477,1
_AkasunaNoSasori,1
AdityaP97,1
jeevn,1
sirDMtheTenth,1
anonymouse_2001,1
rudra9907,1
Zealousideal-Set3649,1
NPC_Boiii,1
SonuMonuDelhiWale,1
goodcatch7,1
dark-light92,1
mr_mindboggler,1
satannnn666,1
levisarutobi,1
Advanced_Lobster2945,1
Agreeable-Dress-2799,1
Reasonable_Treat_233,1
BasicChatter,1
YourstrulyBubble,1
Toni1033,1
East_Information8423,1
iit_grinder,1
Designer_Button_3832,1
theDreamingStar,1
ObligationOk7475,1
RPSPOONIA,1
Jishnujichu1200,1
Extension_Memory_416,1
Unlikely_Plankton597,1
FunnySignal614,1
Putrid_Nectarine_155,1
Despair-_KUN,1
Dark181,1
BMA_Rocks,1
AaaaduThoma,1
PruthviKumar1,1
Dino-Lover-JW,1
Ordinary_Elk7777,1
Expert_Rock437,1
_gorillax_,1
This1999s,1
che-f-you,1
Its_jay1,1
fatehpunjabi,1
peachpepperpop,1
Fickle_Gap4480,1
Lost-Programmer982,1
lotus_eater_rat,1
rahul_joseph,1
Calm-Bumblebee-9023,1
QWatcher_2024,1
darkdaemon000,1
boomstar15,1
Due-Radio3767,1
Grammar_Learn,1
Creative-Jupiter,1
Old_Relation_1633,1
cricket-match,1
FurinaFootWorshiper,1
Womb_Raider696,1
No_Loquat_5131,1
Deep_Car2776,1
anime_X9110,1
KaleAdventurous7037,1
Critical_Builder_902,1
Interesting-King6866,1
Modern-sensibility,1
Global_Caregiver_-_,1
Beneficial_Car_2157,1
chunmunsingh,1
arthur_will_rise,1
Aeritnova,1
No-Thought-1814,1
Know__Pain,1
Striking-Bee7224,1
glider47,1
frameDroid,1
NjanBarozz,1
SubstantialMajor2798,1
TheChillGuy2,1
Longjumping_Ask_1382,1
drk_nick,1
Artistic_Ad_5493,1
amitfreeman01,1
PaintingOk169,1
Lucky-Meeting-206,1
thebellfrombelem,1
Falkun_X,1
Downtown_Leather7975,1
ANIKET_AD,1
Historical_Gas_9105,1
NeedleworkerOwn5120,1
Agreeable_Method_650,1
realagentpenguin,1
Plane_Relation_8474,1
Mrkharbanda,1
Astraea_Venus,1
Beginning-Driver-315,1
arakstav,1
Decim_98,1
His_Highness_Abdulla,1
omunaman,1
Slow-Cupcake-5835,1
ThorOm3123,1
good-industrialist,1
EarthFairy7,1
Frequent-Extreme-881,1
TauntingTony,1
Its_me_unknown_007,1
knucklehead_whizkid,1
Conscious_Jacket_340,1
Varun5621,1
OK-Computer-head,1
yadavexe,1
Feverox,1
ConfidenceShort9792,1
AmanRX7,1
_kr_,1
Fit-Interview-3886,1
batman39107,1
Trick_Ad_2852,1
Parth_8888,1
No_Job2827,1
tyson_5100,1
RoutineAd6853,1
ChocolateOwn3297,1
Old-Noise893,1
OG_Allmight,1
Dig_Express,1
Acrobatic-Bar-3493,1
External_Antelope357,1
illuminandicomrade,1
ashwellick,1
Holiday-Pirate4281,1
Dan_gig,1
HadFood,1
CrocCuttingOnions,1
Fragrant-Ad2694,1
TotalAcademic7669,1
AffectionateQuote286,1
girllwtv,1
Thelonebeing,1
jithinnnnn,1
Appropriate-Can-2341,1
Aphrodisiac_guy,1
obitachihasuminaruto,1
Quiet_Excitement_781,1
Soggsteven,1
morthenoon,1
Bond_Forger_1504,1
whaaa_t3ver,1
Endeka_Valor7011,1
ProudGossiper,1
HalaBharat,1
ag_section,1
SupratimBarman,1
chilladipa,1
NoAntelope7670,1
Remarkable_Sky_,1
Shot-Cranberry-2163,1
Square-Dragonfruit76,1
sauptiksaha,1
Crying_Rani,1
we_all_are_ants,1
sahil__108,1
Scary_Aide7247,1
us_against_the_world,1
switchhitx,1
Creepy_Watercress_58,1
Lazy-Transition8236,1
SherAyaSher,1
Trump_is_Mai_Dad,1
Unfair_Try5164,1
Living-Craft-34,1
ExplanationBright834,1
Disastrous_Orchid180,1
Cool-Contribution580,1
iamHON3Y,1
dhruv194,1
bunsabat287w8w,1
Major-Scale1431,1
Cognitive-dissonaver,1
unskilledlabor_,1
Acrobatic_Mode6966,1
AwayConsideration855,1
Illustrious_Skin8783,1
gilma666,1
Negative-Way-3677,1
SecretIllustrious928,1
Nayagan_of_myworld,1
Lazy-One-1187,1
Significant_Age2721,1
Willing_Line7527,1
Glass-Ad5274,1
Individual-Law7866,1
CaptxLevi,1
Vesper235,1
Daredevilwitheyes,1
erickravi,1
Boring-Piccolo-347,1
Ampere_O,1
PULSARONE9,1
PsvDesigns,1
Amar-Prem,1
XmokamboX,1
Odd_Adhesiveness_95,1
kismisinpayasam,1
Hustler_might,1
FarEntrepreneur5385,1
AwkwardHuman__,1
Ok_Scarcity2091,1
Far_Cupcake1526,1
Ok_Individual_6610,1
chuddakadMard,1
Aggravating_Kiwi_329,1
OutsideInternal6084,1
LocalShare1563,1
EuphoricPipe3903,1
nolanfan2,1
memespecialistt,1
Helpful-Respond1025,1
rishabhtak,1
No-Engine-7543,1
imfrom_mars_,1
Old-Engineering-9232,1
Ill-Clue2804,1
Fifiishere53,1
zqwz,1
VernaVincent,1
srivignesh_ms,1
Mother_Philosopher97,1
Electronic_Win6280,1
Ok-Jellyfish785,1
HakunaMatata603,1
Rehman_Baloch_Dakait,1
JEE27tards,1
Repulsive_Drawer8599,1
pepperoni18,1
Equal_Ad3022,1
Wide-Rooster4188,1
Grill-God,1
ExitCode7,1
AlarmedMaintenance97,1
Spiritual_Pride_9144,1
Assassino_99,1
Coffee_Senior,1
Mountain_Cloud6180,1
_RAAG,1
