author,n_flagged_comments,n_distinct_posts
Akira_ArkaimChick,19,10
HugeInvestigator6131,8,8
Cool-Importance6004,5,5
IndianFashionAddicts-ModTeam,3,3
Trading_Mentor_Amaan,3,3
Critical_Weakness_91,2,2
KST-001,2,2
PlantTreesEveryday,2,1
Mountain_weird_owl,2,2
Heavy_Taste_7313,2,2
No-Contribution-2851,2,2
RemindMeBot,2,2
Significant_Show57,2,2
gstrike99,2,2
YOseSteveDeEng,1,1
ZyrexiaReborn,1,1
TheZoom110,1,1
Long-Lab1903,1,1
mEssileggoat_0195,1,1
iphone4Suser,1,1
Junaid_dev_Tech,1,1
fightwallah,1,1
AkbarOnlineInfo,1,1
SaimanSaid,1,1
sanketsanket,1,1
No-Camel9532,1,1
ChandlerBingsSarcasm,1,1
jai_mauli,1,1
Inevitable-Horror815,1,1
Purple-Extent5381,1,1
RohanRawat24,1,1
Traditional_Beach749,1,1
naiveintrovert2929,1,1
Emergency_Guitar1179,1,1
UpstoxSupport,1,1
swagittarius23,1,1
GodofObertan,1,1
VersatileCrocodile84,1,1
Putrid_Tea6861,1,1
Vegetable_Seaweed_74,1,1
dettergent,1,1
Barney_Ztinson,1,1
MehngaFakeer,1,1
Leather_Trick8751,1,1
Double_Ambassador_23,1,1
midoni4061,1,1
Spidersohon,1,1
LurkingTamilian,1,1
beeple69,1,1
Mempuraan_Returns,1,1
TheGuyWhoLovesInk,1,1
PracticalHead5042,1,1
AppolloAlphaa,1,1
HeyAlok,1,1
Mysterious_6666,1,1
Lonely_Failure0906,1,1
aa_dinagalu,1,1
ROLEX1701,1,1
Roof-Afraid,1,1
ActAgreeable3726,1,1
Muthal_Man,1,1
SanShu1129,1,1
Shaggy_hypersomniac,1,1
priyaanshut,1,1
NihalBISHT,1,1
unmole,1,1
puskuu,1,1
dinde_aniket,1,1
SarthakSidhant,1,1
RoughPea250,1,1
the_midnight_skulker,1,1
Ok_Pineapple_5163,1,1
ExSun_790,1,1
npcirldotexe,1,1
Shot_Pumpkin_4134,1,1
Extremepleasurepro,1,1
aquarianfin,1,1
pg5747,1,1
Icy-Marionberry1840,1,1
Beneficial_Article93,1,1
randomizedlihas,1,1
doezitzmatter,1,1
Little-Pay8294,1,1
meet20hal,1,1
Defenus,1,1
n404r,1,1
Kind_Detective9460,1,1
SuperbPercentage8050,1,1
haikusbot,1,1
AmputatorBot,1,1
Top_Wrangler932,1,1
Spicy-littichokha,1,1
Confident_Trade3953,1,1
TiyaKarekar26,1,1
fl4kkaaa,1,1
Mediocre-Panda246,1,1
GamerSammy2021,1,1
Intelligent_Back_311,1,1
debt-lens,1,1
Extra-Account-6940,1,1
Old-Caterpillar8036,1,1
No-fun-ski,1,1
Sharp-Ad-5549,1,1
Future-Road-3893,1,1
Own-Sheepherder5597,1,1
thunderboltz2304,1,1
Opposite-Sun-4041,1,1
Internal_Site7818,1,1
ok_prakul,1,1
Kindly_Speaker_1138,1,1
bhaavs,1,1
ihatemondaynights,1,1
Rudradev715,1,1
Farming_whooshes,1,1
chhotu0008,1,1
NonphotosyntheticBun,1,1
AdministrativeAd1746,1,1
LongEagle6318,1,1
DonBadsha001,1,1
Striking_Appeal_6982,1,1
HenryDaHorse,1,1
geek166,1,1
livetodaytho,1,1
pft-red,1,1
angry_boy_ash,1,1
tareekpetareek,1,1
Weak_Row5420,1,1
beartobeast,1,1
arjavmodi2809,1,1
pratyushhhhhhhh,1,1
SpiritedMix6991,1,1
NetworkRoutine8157,1,1
floof_petter,1,1
SN47BRO,1,1
KeyApple324,1,1
One_Astronaut3836,1,1
Real_Access2502,1,1
hotcoolhot,1,1
Hotwheels_bagalkot,1,1
ITheAnonymous,1,1
aftab8899,1,1
CellIcy2327,1,1
whynowilltoday,1,1
InsureSmartAdvisor,1,1
Lost-Technician-5436,1,1
coldnomaad,1,1
lawlessbug,1,1
doyoubleedngga,1,1
AnteaterNo2954,1,1
Ok_Wealth8394,1,1
JacksNewDinosaur,1,1
private2fast4u,1,1
Difficult-Emotion631,1,1
sliceshot_,1,1
thatonefanguy1012,1,1
7007007,1,1
Ok-Stretch-1136,1,1
Thamarakshan_pillai,1,1
Tall_Bowl6870,1,1
heuwa_de_furo,1,1
Loose_Constant_4090,1,1
yaths17,1,1
kittidioting,1,1
Shot_Ad_3881,1,1
Sad_Suggestion1678,1,1
pluto_N,1,1
morningdews123,1,1
Unique_499,1,1
TowerAdmirable7305,1,1
Substantial_Mix9812,1,1
VariationLanky727,1,1
just_a_feminist,1,1
_gogoplata_,1,1
spotlight-app,1,1
WASCIV,1,1
Aniket363,1,1
noobprazwal,1,1
Altruistic-Can-4365,1,1
Sermas1n1ly,1,1
OnlyMemer420,1,1
Zealousideal-Role-24,1,1
Stoxiq,1,1
LengthinessHour3697,1,1
frosted_bite,1,1
DeerShotDead,1,1
AskGrok,1,1
posiedon567,1,1
Signal_Help_1459,1,1
sandybro899,1,1
Guaranteed_username,1,1
NoMedicine3572,1,1
NothingOk7410,1,1
attrihemant,1,1
Shambu_plays,1,1
OstakuVibes,1,1
nammaroadtrip,1,1
Exciting_Strike5598,1,1
fanunu21,1,1
Large_Management_718,1,1
CommercialOpen7731,1,1
hold_it_dude,1,1
Cybertronzify,1,1
thinkpunk31,1,1
Additional-Tip-55,1,1
