sub,n_accounts_active,n_accounts_scored,total_activity,coverage_pct,weighted_avg_score,pct_activity_highrisk_5plus
unitedstatesofindia,958.0,523.0,1766.0,67.66704416761041,3.279497907949791,18.459796149490373
BollyBlindsNGossip,1222.0,637.0,2050.0,66.09756097560975,3.5800738007380075,15.073170731707316
ISRO,314.0,85.0,589.0,46.01018675721562,3.047970479704797,13.412563667232597
IndiaCricket,1049.0,490.0,1818.0,61.60616061606161,3.3089285714285714,13.091309130913091
ipl,829.0,376.0,1374.0,57.496360989810775,3.1025316455696204,12.590975254730713
bollywood,1105.0,578.0,1712.0,63.84345794392523,2.9652333028362308,11.448598130841122
bollywoodmemes,1094.0,506.0,1628.0,55.83538083538083,3.1837183718371835,10.626535626535626
india,1205.0,538.0,1855.0,54.66307277628032,3.021696252465483,9.326145552560646
CricketShitpost,985.0,441.0,1706.0,60.609613130128956,3.1150870406189557,9.026963657678781
IndiaSpeaks,1101.0,608.0,1768.0,64.08371040723982,2.7466902030008824,8.597285067873303
IndianStreetBets,1009.0,442.0,1579.0,54.464851171627615,2.802325581395349,8.296390120329322
InstaCelebsGossip,1368.0,405.0,1969.0,37.582529202640934,3.2364864864864864,8.024377856780092
kolkata,1136.0,360.0,1864.0,42.7038626609442,2.8040201005025125,6.437768240343348
delhi,1298.0,394.0,1912.0,37.55230125523013,2.981894150417827,6.328451882845188
indiameme,1390.0,472.0,1893.0,40.51769677760169,2.9986962190352022,6.180665610142631
SaimanSays,1033.0,371.0,1620.0,48.76543209876543,2.881012658227848,6.111111111111111
indiansports,474.0,209.0,1033.0,62.536302032913845,2.76625386996904,6.098741529525653
IndiaNostalgia,994.0,455.0,1625.0,56.30769230769231,2.5453551912568306,5.969230769230769
mumbai,1351.0,571.0,1936.0,51.446280991735534,2.645582329317269,5.733471074380165
Kerala,1132.0,387.0,1835.0,48.06539509536785,2.3072562358276643,5.55858310626703
AnimeMirchi,1082.0,188.0,1489.0,27.53525856279382,2.7170731707317075,5.372733378106111
BollywoodMusic,1044.0,427.0,1551.0,48.16247582205029,2.7322623828647923,5.286911669890393
IndianDankMemes,1027.0,370.0,1642.0,46.34591961023143,2.5295663600525624,5.176613885505481
AskIndia,1332.0,492.0,1961.0,45.385007649158595,2.8123595505617978,5.150433452320245
indiasocial,1524.0,545.0,1940.0,40.77319587628866,2.8508217446270545,5.103092783505154
BollywoodFashion,913.0,404.0,1657.0,62.03983101991551,2.8336575875486383,5.0694025347012674
IndiaTech,1335.0,584.0,1788.0,48.88143176733781,2.5961098398169336,4.977628635346756
personalfinanceindia,1208.0,408.0,1770.0,43.27683615819209,2.510443864229765,4.632768361581921
hyderabad,1225.0,436.0,1949.0,45.972293483837866,2.517857142857143,4.56644433042586
animeindian,1081.0,367.0,1708.0,44.20374707259953,2.51523178807947,4.4496487119437935
CarsIndia,1435.0,622.0,1925.0,47.94805194805195,2.638136511375948,4.363636363636363
GadgetsIndia,1201.0,432.0,1871.0,44.84233030464992,2.525625744934446,4.32923570283271
bangalore,1288.0,457.0,1797.0,43.90651085141903,2.5297845373891,4.006677796327212
IndianStockMarket,1232.0,453.0,1800.0,46.27777777777778,2.524609843937575,3.888888888888889
chennai,1116.0,364.0,1676.0,41.885441527446304,2.0584045584045585,3.818615751789976
funnyIndia,1347.0,394.0,1805.0,35.84487534626039,2.6491499227202473,3.656509695290859
RelationshipIndia,1213.0,271.0,1784.0,28.082959641255606,2.3612774451097804,2.9708520179372195
JEENEETards,1354.0,238.0,1917.0,23.839332290036516,2.702407002188184,2.8690662493479393
IndianGaming,1440.0,417.0,1857.0,34.5718901453958,2.163551401869159,2.10016155088853
developersIndia,1447.0,421.0,1860.0,32.043010752688176,2.238255033557047,2.096774193548387
IndianFashionAddicts,1167.0,226.0,1661.0,29.50030102347983,2.0673469387755103,1.0836845273931366
IncredibleIndia,615.0,171.0,992.0,35.78629032258065,2.1436619718309857,1.0080645161290323
IndiaInvestments,203.0,31.0,255.0,21.176470588235293,1.6296296296296295,0.7843137254901961
IndiaTrending,36.0,5.0,44.0,20.454545454545453,3.3333333333333335,0.0
