sub,month,n_accounts_active,coverage_pct,weighted_avg_score,pct_activity_highrisk_6plus
AnimeMirchi,2026-01,986.0,58.73015873015873,2.04989604989605,7.264957264957265
AnimeMirchi,2026-02,923.0,54.20918367346939,2.684705882352941,8.737244897959183
AnimeMirchi,2026-03,1041.0,51.09090909090909,2.202846975088968,5.515151515151516
AnimeMirchi,2026-04,1288.0,30.051223676721683,2.465909090909091,4.2686397268070575
AnimeMirchi,2026-05,1440.0,20.306716023268113,1.5390625,1.5864621893178212
AnimeMirchi,2026-06,1430.0,18.151815181518153,1.690909090909091,1.5951595159515952
AnimeMirchi,2026-07,1082.0,27.53525856279382,2.3804878048780487,4.231027535258563
AskIndia,2026-01,1538.0,41.20040691759919,1.5530864197530865,1.7293997965412005
AskIndia,2026-02,1514.0,43.979328165374675,1.7132784958871916,3.359173126614987
AskIndia,2026-03,1470.0,42.12678936605317,1.9405339805825244,3.425357873210634
AskIndia,2026-04,1492.0,38.50102669404517,1.8946666666666667,3.131416837782341
AskIndia,2026-05,1424.0,42.009132420091326,2.106280193236715,4.312531709791984
AskIndia,2026-06,1417.0,45.92703648175912,2.115342763873776,4.697651174412794
AskIndia,2026-07,1332.0,45.385007649158595,2.146067415730337,4.79347271800102
BollyBlindsNGossip,2026-01,1091.0,74.96339677891655,3.734375,17.374328940946803
BollyBlindsNGossip,2026-02,1169.0,71.1519364448858,3.433356594556874,15.64051638530288
BollyBlindsNGossip,2026-03,1221.0,71.48475909537856,3.3033012379642366,14.650934119960668
BollyBlindsNGossip,2026-04,1197.0,71.18561710398446,3.7474402730375425,17.152575315840622
BollyBlindsNGossip,2026-05,1207.0,69.11836337067706,3.52431289640592,14.369215781782756
BollyBlindsNGossip,2026-06,1115.0,72.93307086614173,3.739541160593792,15.649606299212598
BollyBlindsNGossip,2026-07,1222.0,66.09756097560975,3.7166051660516604,13.170731707317072
BollywoodFashion,2026-01,800.0,70.18716577540107,2.7676190476190476,10.962566844919786
BollywoodFashion,2026-02,746.0,68.86269070735091,2.7220543806646527,10.332871012482663
BollywoodFashion,2026-03,839.0,69.99372253609542,3.3856502242152464,13.49654739485248
BollywoodFashion,2026-04,787.0,68.75808538163001,2.982126058325494,11.384217335058215
BollywoodFashion,2026-05,874.0,68.71378910776362,2.824620573355818,9.907300115874856
BollywoodFashion,2026-06,721.0,67.19787516600266,3.358695652173913,12.284196547144754
BollywoodFashion,2026-07,913.0,62.03983101991551,1.9173151750972763,4.103802051901026
BollywoodMusic,2026-01,1007.0,64.76617552850736,1.8615232443125618,5.253042921204356
BollywoodMusic,2026-02,993.0,60.43360433604336,1.5997757847533631,4.132791327913279
BollywoodMusic,2026-03,1112.0,56.91056910569106,1.8978021978021977,5.003126954346467
BollywoodMusic,2026-04,991.0,53.473684210526315,1.963254593175853,4.140350877192983
BollywoodMusic,2026-05,1010.0,55.32581453634085,2.3680634201585504,8.646616541353383
BollywoodMusic,2026-06,1029.0,56.97530864197531,2.408450704225352,7.716049382716049
BollywoodMusic,2026-07,1044.0,48.16247582205029,2.1231593038821956,4.6421663442940035
CarsIndia,2026-01,1429.0,55.048198883815324,1.664516129032258,4.718417047184171
CarsIndia,2026-02,1433.0,49.032586558044805,1.4672897196261683,2.9531568228105907
CarsIndia,2026-03,1440.0,49.774209734069245,1.5665322580645162,3.5122930255895635
CarsIndia,2026-04,1441.0,47.666335650446875,1.7489583333333334,3.426017874875869
CarsIndia,2026-05,1454.0,47.81516825715721,1.559873949579832,2.9633350075339027
CarsIndia,2026-06,1435.0,48.3402489626556,1.849785407725322,4.304979253112033
CarsIndia,2026-07,1435.0,47.94805194805195,1.8450704225352113,3.688311688311688
CricketShitpost,2026-01,1030.0,68.61012956419317,3.5510729613733907,14.664310954063604
CricketShitpost,2026-02,1034.0,66.2965019433648,3.659966499162479,12.048861743475847
CricketShitpost,2026-03,1108.0,64.3092105263158,3.393009377664109,11.787280701754385
CricketShitpost,2026-04,1145.0,63.03991252050301,3.200346921075455,11.098961180973209
CricketShitpost,2026-05,1117.0,62.513661202185794,2.8146853146853146,8.633879781420765
CricketShitpost,2026-06,1009.0,64.49399656946827,2.890957446808511,9.033733562035449
CricketShitpost,2026-07,985.0,60.609613130128956,2.706963249516441,7.854630715123095
DesiVideoMemes,2026-01,948.0,53.19767441860465,1.7950819672131149,5.886627906976744
DesiVideoMemes,2026-02,1046.0,52.30071289695399,1.8773234200743494,5.832793259883344
DesiVideoMemes,2026-03,1148.0,43.82566585956417,1.591160220994475,2.9055690072639226
GadgetsIndia,2026-01,1268.0,51.306281267370764,1.6143011917659804,4.724847137298499
GadgetsIndia,2026-02,1254.0,49.887133182844245,1.7307692307692308,5.248306997742664
GadgetsIndia,2026-03,1181.0,52.248750694058856,1.7438894792773645,5.774569683509162
GadgetsIndia,2026-04,1198.0,50.24603608529251,1.602829162132753,4.920721705850191
GadgetsIndia,2026-05,1073.0,41.812865497076025,1.5986013986013985,3.8596491228070176
GadgetsIndia,2026-06,1176.0,47.852093529091896,1.803409090909091,4.9483414899401845
GadgetsIndia,2026-07,1201.0,44.84233030464992,1.6543504171632897,3.1533939070016035
ISRO,2026-01,191.0,70.22058823529412,3.238219895287958,27.205882352941178
ISRO,2026-02,133.0,68.1547619047619,3.3100436681222707,26.785714285714285
ISRO,2026-03,167.0,56.67574931880109,2.6971153846153846,18.256130790190735
ISRO,2026-04,197.0,41.74528301886792,3.3163841807909606,16.9811320754717
ISRO,2026-05,171.0,43.95973154362416,2.564885496183206,13.758389261744966
ISRO,2026-06,186.0,43.8943894389439,3.488721804511278,17.16171617161716
ISRO,2026-07,314.0,46.01018675721562,2.6752767527675276,13.073005093378608
IncredibleIndia,2026-01,322.0,44.23076923076923,0.605072463768116,1.1217948717948718
IncredibleIndia,2026-02,330.0,48.41930116472546,0.9209621993127147,1.9966722129783694
IncredibleIndia,2026-03,297.0,47.818499127399654,0.7445255474452555,0.34904013961605584
IncredibleIndia,2026-04,298.0,49.68454258675079,0.8539682539682539,2.2082018927444795
IncredibleIndia,2026-05,338.0,45.529573590096284,0.6827794561933535,1.6506189821182944
IncredibleIndia,2026-06,296.0,50.0,0.8235294117647058,1.9607843137254901
IncredibleIndia,2026-07,615.0,35.78629032258065,0.780281690140845,0.5040322580645161
IndiaCricket,2026-01,1015.0,71.07438016528926,3.2255813953488373,13.829201101928374
IndiaCricket,2026-02,1056.0,66.3344407530454,3.4290484140233723,12.73532668881506
IndiaCricket,2026-03,1108.0,59.27947598253275,2.9447513812154695,9.06113537117904
IndiaCricket,2026-04,1186.0,63.00768386388584,2.9599303135888504,11.361141602634468
IndiaCricket,2026-05,1214.0,60.883620689655174,2.8584070796460175,10.829741379310345
IndiaCricket,2026-06,1157.0,60.212765957446805,3.2323321554770317,12.712765957446809
IndiaCricket,2026-07,1049.0,61.60616061606161,3.2973214285714287,12.266226622662266
IndiaInvestments,2026-01,345.0,37.149532710280376,2.2452830188679247,7.94392523364486
IndiaInvestments,2026-02,312.0,40.64837905236908,1.803680981595092,5.486284289276808
IndiaInvestments,2026-03,272.0,35.87786259541985,1.7659574468085106,5.343511450381679
IndiaInvestments,2026-04,243.0,30.878186968838527,1.311926605504587,3.3994334277620397
IndiaInvestments,2026-05,266.0,23.795180722891565,1.4177215189873418,3.0120481927710845
IndiaInvestments,2026-06,322.0,24.056603773584907,0.8431372549019608,1.4150943396226414
IndiaInvestments,2026-07,203.0,21.176470588235293,0.6666666666666666,0.7843137254901961
IndiaNostalgia,2026-01,949.0,67.8827361563518,1.817658349328215,6.905537459283388
IndiaNostalgia,2026-02,925.0,65.51034022681787,1.769857433808554,6.937958639092728
IndiaNostalgia,2026-03,980.0,65.68313021167415,2.1728515625,8.274534958306607
IndiaNostalgia,2026-04,979.0,65.26181353767561,2.464774951076321,10.472541507024266
IndiaNostalgia,2026-05,947.0,66.31316281971304,2.4590780809031045,9.295071740486588
IndiaNostalgia,2026-06,917.0,65.82200247218789,2.183098591549296,7.292954264524104
IndiaNostalgia,2026-07,994.0,56.30769230769231,1.6852459016393442,4.0
IndiaSpeaks,2026-01,1038.0,74.59016393442623,2.19701726844584,8.021077283372366
IndiaSpeaks,2026-02,1000.0,75.67251461988305,2.05177743431221,7.83625730994152
IndiaSpeaks,2026-03,1098.0,74.33276547416241,2.361344537815126,10.789324247586599
IndiaSpeaks,2026-04,1060.0,73.12320916905445,2.2664576802507836,9.226361031518625
IndiaSpeaks,2026-05,1052.0,70.95842956120093,2.0716029292107403,7.3325635103926095
IndiaSpeaks,2026-06,1091.0,66.92126909518214,2.0816505706760315,8.343125734430082
IndiaSpeaks,2026-07,1101.0,64.08371040723982,2.006178287731686,7.748868778280543
IndiaTech,2026-01,1374.0,56.09220636663008,1.9853228962818004,6.586169045005488
IndiaTech,2026-02,1398.0,58.337773042088436,2.117808219178082,7.192328183271178
IndiaTech,2026-03,1358.0,58.32432432432432,2.144578313253012,6.864864864864865
IndiaTech,2026-04,1347.0,54.62703309029725,2.204312114989733,6.898485698261357
IndiaTech,2026-05,900.0,49.24901185770751,2.0642054574638844,5.691699604743083
IndiaTech,2026-06,1357.0,55.3226696083839,1.9950149551345961,6.122448979591836
IndiaTech,2026-07,1335.0,48.88143176733781,1.834096109839817,4.47427293064877
IndiaTrending,2026-01,59.0,11.11111111111111,3.1,1.1111111111111112
IndiaTrending,2026-02,49.0,6.896551724137931,3.75,2.586206896551724
IndiaTrending,2026-03,38.0,3.6363636363636362,1.0,0.0
IndiaTrending,2026-04,37.0,9.25925925925926,3.4,3.7037037037037037
IndiaTrending,2026-05,39.0,9.803921568627452,7.8,5.882352941176471
IndiaTrending,2026-06,25.0,31.25,10.0,25.0
IndiaTrending,2026-07,36.0,20.454545454545453,2.6666666666666665,0.0
IndianDankMemes,2026-01,1030.0,55.27479469361971,1.824,4.990524320909665
IndianDankMemes,2026-02,916.0,56.586021505376344,1.6888361045130642,3.8306451612903225
IndianDankMemes,2026-03,1002.0,53.793103448275865,1.6433566433566433,3.072100313479624
IndianDankMemes,2026-04,972.0,55.75221238938053,1.4875283446712018,3.729456384323641
IndianDankMemes,2026-05,1000.0,48.96238651102464,1.7178807947019867,3.566796368352789
IndianDankMemes,2026-06,1053.0,46.71814671814672,1.6707988980716253,4.2471042471042475
IndianDankMemes,2026-07,1027.0,46.34591961023143,1.6872536136662286,4.38489646772229
IndianFashionAddicts,2026-01,991.0,41.43968871595331,0.9608763693270735,1.556420233463035
IndianFashionAddicts,2026-02,993.0,35.67134268537074,1.1235955056179776,1.6032064128256514
IndianFashionAddicts,2026-03,1181.0,32.21957040572792,1.1925925925925926,1.8496420047732698
IndianFashionAddicts,2026-04,1144.0,31.36058572300183,0.980544747081712,0.6711409395973155
IndianFashionAddicts,2026-05,1210.0,28.415614236509757,1.208080808080808,1.0907003444316876
IndianFashionAddicts,2026-06,1219.0,27.42789876397881,1.1781115879828326,2.0011771630370805
IndianFashionAddicts,2026-07,1167.0,29.50030102347983,0.9102040816326531,0.8428657435279951
IndianGaming,2026-01,1448.0,40.17048481619606,0.8090185676392573,0.7458710708577517
IndianGaming,2026-02,1392.0,42.00109950522265,0.9227748691099477,1.0995052226498077
IndianGaming,2026-03,1309.0,44.6078431372549,1.120879120879121,2.505446623093682
IndianGaming,2026-04,1341.0,40.64053009387079,1.091032608695652,2.2087244616234125
IndianGaming,2026-05,1368.0,40.0,1.0817438692098094,1.6893732970027249
IndianGaming,2026-06,1054.0,36.516476126429055,1.022099447513812,1.6812373907195697
IndianGaming,2026-07,1440.0,34.5718901453958,1.1682242990654206,1.0770059235325795
IndianStockMarket,2026-01,1286.0,50.982474774296335,1.5010416666666666,3.6112586298459903
IndianStockMarket,2026-02,1255.0,52.03915171288744,1.3845350052246603,2.2838499184339316
IndianStockMarket,2026-03,1192.0,53.35515548281506,1.5143149284253579,2.9459901800327333
IndianStockMarket,2026-04,1272.0,51.108584422967596,1.6674082313681868,4.548038658328596
IndianStockMarket,2026-05,1328.0,53.59653866955111,1.9233097880928356,6.435911303407247
IndianStockMarket,2026-06,1334.0,52.34828496042216,1.908266129032258,5.804749340369393
IndianStockMarket,2026-07,1232.0,46.27777777777778,1.7130852340936376,3.7222222222222223
IndianStreetBets,2026-01,1231.0,62.64434180138568,1.8175115207373271,5.311778290993072
IndianStreetBets,2026-02,1221.0,63.95881006864989,2.137745974955277,8.466819221967963
IndianStreetBets,2026-03,1207.0,64.29353778751369,2.2265758091993186,9.200438116100766
IndianStreetBets,2026-04,1223.0,58.95522388059702,1.9737098344693282,7.060849598163031
IndianStreetBets,2026-05,1245.0,62.814070351758794,2.2488888888888887,9.324399776661084
IndianStreetBets,2026-06,1215.0,58.6070215175538,2.305314009661836,7.587768969422424
IndianStreetBets,2026-07,1009.0,54.464851171627615,2.1651162790697676,6.713109563014566
InstaCelebsGossip,2026-01,1447.0,44.37720625315179,1.8420454545454545,3.883005547150782
InstaCelebsGossip,2026-02,1371.0,47.501287995878414,1.7483731019522777,3.3487892838742916
InstaCelebsGossip,2026-03,1398.0,47.34945959855893,2.1543478260869566,5.249613998970664
InstaCelebsGossip,2026-04,1329.0,46.194225721784775,2.1784090909090907,5.091863517060368
InstaCelebsGossip,2026-05,1347.0,40.30082987551867,1.8815958815958815,3.112033195020747
InstaCelebsGossip,2026-06,1358.0,38.04902962206333,2.402684563758389,4.902962206332993
InstaCelebsGossip,2026-07,1368.0,37.582529202640934,3.072972972972973,7.567293042153377
JEENEETards,2026-01,1255.0,35.25674960296453,1.984984984984985,4.499735309687665
JEENEETards,2026-02,1326.0,30.484757621189406,1.960655737704918,3.99800099950025
JEENEETards,2026-03,1260.0,33.03804064616988,1.6876971608832807,3.0224075039082856
JEENEETards,2026-04,1365.0,25.681935151827073,1.496993987975952,1.8528049408131755
JEENEETards,2026-05,1332.0,27.039748953974897,1.7195357833655707,2.301255230125523
JEENEETards,2026-06,1321.0,27.68595041322314,1.8600746268656716,2.8925619834710745
JEENEETards,2026-07,1354.0,23.839332290036516,1.9409190371991247,2.3995826812728223
Kerala,2026-01,1201.0,53.96487493347525,1.403353057199211,4.25758382118148
Kerala,2026-02,1187.0,52.928759894459105,1.5932203389830508,5.593667546174142
Kerala,2026-03,1160.0,54.14216996258685,1.4945705824284303,5.024051309460182
Kerala,2026-04,1192.0,50.82843399251737,1.4426919032597265,5.024051309460182
Kerala,2026-05,1112.0,50.97214923804519,1.7907216494845362,6.253284287966369
Kerala,2026-06,1134.0,50.50055617352614,1.6299559471365639,5.617352614015573
Kerala,2026-07,1132.0,48.06539509536785,1.6439909297052153,5.286103542234333
RelationshipIndia,2026-01,1106.0,34.750462107208875,0.8315602836879432,0.36968576709796674
RelationshipIndia,2026-02,1021.0,36.324523663183776,0.9966159052453468,0.6146281499692686
RelationshipIndia,2026-03,1144.0,36.16894705532421,1.0855263157894737,1.0707911957168352
RelationshipIndia,2026-04,1081.0,35.131964809384165,1.2888146911519198,1.2903225806451613
RelationshipIndia,2026-05,1062.0,37.61140819964349,1.4992101105845181,2.6143790849673203
RelationshipIndia,2026-06,1197.0,27.449856733524356,1.2818371607515657,1.6045845272206303
RelationshipIndia,2026-07,1213.0,28.082959641255606,1.6427145708582835,2.6345291479820627
SaimanSays,2026-01,557.0,57.992998833138856,1.9899396378269618,7.584597432905484
SaimanSays,2026-02,592.0,58.370044052863435,1.8584905660377358,8.14977973568282
SaimanSays,2026-03,614.0,55.472103004291846,2.2030947775628626,8.15450643776824
SaimanSays,2026-04,649.0,47.855530474040634,2.0070754716981134,5.3047404063205414
SaimanSays,2026-05,794.0,54.47822514379622,1.8748114630467572,7.5595727198027936
SaimanSays,2026-06,1029.0,50.65584009993754,2.536374845869297,8.30730793254216
SaimanSays,2026-07,1033.0,48.76543209876543,2.232911392405063,5.246913580246914
animeindian,2026-01,1086.0,53.20623916811092,1.3463626492942453,2.657423454650491
animeindian,2026-02,1072.0,53.04948216340621,1.4891540130151844,3.509781357882624
animeindian,2026-03,1036.0,55.58858501783591,1.6363636363636365,4.756242568370987
animeindian,2026-04,1115.0,49.76635514018692,1.7687793427230047,4.848130841121495
animeindian,2026-05,1165.0,48.10126582278481,1.562200956937799,3.567318757192175
animeindian,2026-06,1101.0,46.589595375722546,1.588089330024814,3.2947976878612715
animeindian,2026-07,1081.0,44.20374707259953,1.8291390728476822,3.5714285714285716
bangalore,2026-01,1376.0,45.26840066408412,1.4462102689486553,2.324294410625346
bangalore,2026-02,1323.0,43.20987654320987,1.9402597402597404,3.759820426487093
bangalore,2026-03,1351.0,45.04357298474945,1.7654171704957677,3.104575163398693
bangalore,2026-04,1368.0,44.149512459371614,1.5852760736196319,2.4918743228602382
bangalore,2026-05,1355.0,44.10625345877144,1.5696361355081556,1.8815716657443275
bangalore,2026-06,1324.0,42.248062015503876,1.7929226736566186,2.990033222591362
bangalore,2026-07,1288.0,43.90651085141903,1.9062103929024081,3.617139677239844
bollywood,2026-01,1174.0,68.93687707641196,2.816867469879518,13.067552602436324
bollywood,2026-02,1151.0,66.94352159468438,2.8850289495450787,12.56921373200443
bollywood,2026-03,1201.0,64.02640264026402,2.8127147766323026,10.946094609460946
bollywood,2026-04,1194.0,62.92134831460674,3.0589285714285714,12.247191011235955
bollywood,2026-05,1172.0,59.97764114030184,2.929170549860205,11.738401341531581
bollywood,2026-06,1165.0,62.36679753224902,3.0719424460431655,12.058328659562536
bollywood,2026-07,1105.0,63.84345794392523,2.5498627630375115,9.345794392523365
bollywoodmemes,2026-01,1273.0,62.520914668153935,2.8688670829616414,10.708310094813163
bollywoodmemes,2026-02,1060.0,60.026212319790304,2.6277292576419216,9.501965923984272
bollywoodmemes,2026-03,1081.0,57.681940700808624,2.8586448598130842,10.107816711590296
bollywoodmemes,2026-04,1086.0,58.241042345276874,2.7874720357941833,9.511400651465799
bollywoodmemes,2026-05,1023.0,57.76892430278885,3.0620689655172413,11.288180610889775
bollywoodmemes,2026-06,1085.0,59.64912280701754,3.157563025210084,11.027568922305765
bollywoodmemes,2026-07,1094.0,55.83538083538083,3.022002200220022,9.090909090909092
chennai,2026-01,1089.0,53.12124849939976,1.415819209039548,4.201680672268908
chennai,2026-02,1105.0,50.62987402519496,1.1658767772511849,2.339532093581284
chennai,2026-03,1090.0,44.214372716199755,1.2369146005509641,2.862362971985384
chennai,2026-04,1128.0,48.33819241982507,1.2714113389626056,3.0903790087463556
chennai,2026-05,1047.0,50.98149186763881,1.6314631463146314,4.935501962983735
chennai,2026-06,1035.0,47.71863117870723,1.6626826029216468,4.752851711026616
chennai,2026-07,1116.0,41.885441527446304,1.2564102564102564,3.2816229116945106
delhi,2026-01,1406.0,38.6400431732326,1.5963687150837989,2.698327037236913
delhi,2026-02,1370.0,39.311493614658524,1.7161016949152543,3.220433092726263
delhi,2026-03,1444.0,40.60228452751817,1.7135549872122762,2.907580477673936
delhi,2026-04,1351.0,41.54351395730706,1.603425559947299,2.40831964969896
delhi,2026-05,1394.0,44.00428265524625,1.9744525547445255,4.9785867237687365
delhi,2026-06,1374.0,39.81225842076201,2.1220527045769764,5.245720596355604
delhi,2026-07,1298.0,37.55230125523013,2.447075208913649,5.700836820083682
developersIndia,2026-01,1420.0,36.801752464403066,1.0327380952380953,0.9309967141292442
developersIndia,2026-02,1422.0,39.73582828838745,1.2188365650969528,1.4859658778205833
developersIndia,2026-03,1372.0,41.16343490304709,1.1601615074024225,1.2742382271468145
developersIndia,2026-04,1429.0,40.814140332083554,1.1824146981627297,1.5532940546331013
developersIndia,2026-05,1408.0,36.294277929155314,1.4504504504504505,1.9618528610354224
developersIndia,2026-06,1407.0,35.05933117583603,1.2492307692307691,1.2405609492988134
developersIndia,2026-07,1447.0,32.043010752688176,1.3003355704697988,1.3440860215053763
funnyIndia,2026-01,1152.0,52.68079800498753,1.7053254437869823,5.548628428927681
funnyIndia,2026-02,1160.0,50.50251256281407,1.8109452736318408,5.590452261306533
funnyIndia,2026-03,1192.0,47.55582377791189,1.6383248730964468,3.621001810500905
funnyIndia,2026-04,1130.0,47.588832487309645,1.7893333333333334,4.314720812182741
funnyIndia,2026-05,1254.0,41.740674955595026,1.950354609929078,5.210183540556542
funnyIndia,2026-06,1349.0,41.426146010186756,2.337431693989071,6.621392190152801
funnyIndia,2026-07,1347.0,35.84487534626039,2.009273570324575,3.601108033240997
hyderabad,2026-01,1228.0,49.83801295896328,1.4647887323943662,4.319654427645788
hyderabad,2026-02,1254.0,49.00484131253362,1.6311745334796925,4.841312533620226
hyderabad,2026-03,1312.0,45.090715048025615,1.7207100591715976,5.016008537886873
hyderabad,2026-04,1250.0,49.09862142099682,1.816414686825054,4.878048780487805
hyderabad,2026-05,1249.0,47.83538214858365,1.9162011173184357,4.970603955104222
hyderabad,2026-06,1250.0,45.06075013206551,1.876905041031653,5.018489170628632
hyderabad,2026-07,1225.0,45.972293483837866,1.7120535714285714,4.0020523345305286
india,2026-01,1234.0,61.787709497206706,2.2567811934900543,9.106145251396647
india,2026-02,1205.0,65.1888341543514,2.2930310663308147,9.63327859879584
india,2026-03,1254.0,60.04390779363337,2.574040219378428,9.82436882546652
india,2026-04,1284.0,60.09798584648884,2.4746376811594204,9.14534567229178
india,2026-05,1289.0,57.21128259712613,2.5711627906976746,8.887706226716338
india,2026-06,1251.0,57.44096650192202,2.6787762906309753,8.566721581548599
india,2026-07,1205.0,54.66307277628032,2.581854043392505,8.625336927223719
indiameme,2026-01,1402.0,46.56199242014077,1.7313953488372094,4.060638873849486
indiameme,2026-02,1337.0,48.743718592964825,2.0859106529209623,6.811836962590731
indiameme,2026-03,1427.0,45.71580627993614,1.9057043073341093,4.576902607770091
indiameme,2026-04,1359.0,43.40143567090006,1.9287531806615776,4.141358365543899
indiameme,2026-05,1430.0,42.02294056308655,2.086848635235732,5.1616266944734095
indiameme,2026-06,1404.0,42.422653382275826,2.3374536464771323,5.873099108547457
indiameme,2026-07,1390.0,40.51769677760169,2.5541069100391134,5.441098784997359
indiansports,2026-01,327.0,74.20965058236273,2.320627802690583,12.9783693843594
indiansports,2026-02,270.0,71.71314741035856,2.9805555555555556,20.1195219123506
indiansports,2026-03,293.0,74.85714285714286,2.4618320610687023,13.428571428571429
indiansports,2026-04,255.0,75.46531302876481,2.006726457399103,11.336717428087987
indiansports,2026-05,392.0,73.24516785350967,1.8611111111111112,9.867751780264497
indiansports,2026-06,621.0,63.05084745762712,1.717741935483871,6.101694915254237
indiansports,2026-07,474.0,62.536302032913845,1.8142414860681115,6.001936108422072
indiasocial,2026-01,1485.0,48.678646934460886,2.044516829533116,5.6553911205073994
indiasocial,2026-02,1445.0,48.286768581971536,2.349344978165939,7.380073800738008
indiasocial,2026-03,1455.0,47.21208963001563,2.136865342163355,5.2631578947368425
indiasocial,2026-04,1473.0,48.8176563321072,2.359526372443488,6.305832895428271
indiasocial,2026-05,1469.0,44.60656591974987,2.022196261682243,4.898384575299636
indiasocial,2026-06,1539.0,42.001042209484105,1.968982630272953,3.699843668577384
indiasocial,2026-07,1524.0,40.77319587628866,2.1807838179519594,4.278350515463917
ipl,2026-01,984.0,67.39505462909719,2.426621160409556,9.7757331799885
ipl,2026-02,1020.0,65.62322140011383,2.5143104943625327,11.269208878770632
ipl,2026-03,1199.0,61.681745609366686,2.7808455565142363,11.069717935071846
ipl,2026-04,1246.0,57.68621236133122,2.4404761904761907,8.61067089276281
ipl,2026-05,1251.0,53.61139369277721,2.3519924098671727,7.3245167853509665
ipl,2026-06,1100.0,61.60520607375271,2.806338028169014,12.093275488069414
ipl,2026-07,829.0,57.496360989810775,2.8848101265822783,12.154294032023289
kolkata,2026-01,1172.0,46.032639279684865,1.63080684596577,3.939223410241981
kolkata,2026-02,1160.0,45.8862506902264,1.7340553549939832,4.307012700165655
kolkata,2026-03,1174.0,44.220283533260634,1.6658446362515413,3.816793893129771
kolkata,2026-04,1182.0,46.40591966173361,1.703872437357631,4.4926004228329806
kolkata,2026-05,1295.0,44.66403162055336,2.396017699115044,6.175889328063241
kolkata,2026-06,1160.0,47.37400530503979,2.864501679731243,10.503978779840848
kolkata,2026-07,1136.0,42.7038626609442,2.4020100502512562,6.276824034334764
mumbai,2026-01,1312.0,54.00753093060786,1.6832669322709164,3.9806347498655192
mumbai,2026-02,1349.0,57.28563913729616,1.7952249770431588,4.786954234613361
mumbai,2026-03,1328.0,51.379123850730124,1.805263157894737,4.813412655489453
mumbai,2026-04,1276.0,48.67109634551495,1.7212741751990899,4.761904761904762
mumbai,2026-05,1353.0,48.75541125541125,1.8568257491675915,4.5995670995671
mumbai,2026-06,1354.0,49.00484131253362,1.9462129527991219,5.27165142549758
mumbai,2026-07,1351.0,51.446280991735534,1.8463855421686748,4.597107438016529
personalfinanceindia,2026-01,1149.0,50.630630630630634,1.4400948991696323,3.5435435435435436
personalfinanceindia,2026-02,1158.0,49.01392111368909,1.647337278106509,4.640371229698376
personalfinanceindia,2026-03,1242.0,47.6609796367639,1.3533487297921478,2.7517886626307098
personalfinanceindia,2026-04,1294.0,48.19016747703944,1.404708520179372,2.593192868719611
personalfinanceindia,2026-05,1322.0,43.52812670671764,1.696361355081556,3.3315128345166576
personalfinanceindia,2026-06,1300.0,44.553376906318086,1.8300733496332517,4.357298474945534
personalfinanceindia,2026-07,1208.0,43.27683615819209,1.7597911227154046,4.519774011299435
unitedstatesofindia,2026-01,1039.0,73.91304347826087,2.5324283559577676,12.37458193979933
unitedstatesofindia,2026-02,963.0,74.84419263456091,2.5003785011355033,12.011331444759207
unitedstatesofindia,2026-03,1024.0,70.04405286343612,2.8011006289308176,12.224669603524228
unitedstatesofindia,2026-04,1020.0,69.79225154407636,2.9629927594529364,13.812464907355418
unitedstatesofindia,2026-05,927.0,75.63166760247053,3.249443207126949,16.95676586187535
unitedstatesofindia,2026-06,959.0,72.51131221719457,3.215288611544462,16.459276018099548
unitedstatesofindia,2026-07,958.0,67.66704416761041,3.0778242677824266,17.157417893544732
