sub,n_accounts_active,coverage_pct,w_comment_spread,w_post_spread,w_comm_day,w_post_day,weighted_avg_score,pct_activity_highrisk_6plus
unitedstatesofindia,958.0,67.66704416761041,1.4334728033472803,0.5221757322175732,1.003347280334728,0.3205020920502092,3.0778242677824266,17.157417893544732
BollyBlindsNGossip,1222.0,66.09756097560975,1.5874538745387454,0.5033210332103321,1.1682656826568265,0.3210332103321033,3.7166051660516604,13.170731707317072
ISRO,314.0,46.01018675721562,0.5498154981549815,0.6014760147601476,1.132841328413284,0.7638376383763837,2.6752767527675276,13.073005093378608
IndiaCricket,1049.0,61.60616061606161,1.3,0.4669642857142857,1.1964285714285714,0.3455357142857143,3.2973214285714287,12.266226622662266
ipl,829.0,57.496360989810775,1.2253164556962026,0.4278481012658228,1.1417721518987343,0.30759493670886073,2.8848101265822783,12.154294032023289
bollywood,1105.0,63.84345794392523,1.3266239707227814,0.40347666971637697,0.9469350411710887,0.2881976212259835,2.5498627630375115,9.345794392523365
bollywoodmemes,1094.0,55.83538083538083,1.3949394939493949,0.4444444444444444,1.0847084708470847,0.25962596259625964,3.022002200220022,9.090909090909092
india,1205.0,54.66307277628032,1.4812623274161736,0.38461538461538464,0.9151873767258383,0.2406311637080868,2.581854043392505,8.625336927223719
CricketShitpost,985.0,60.609613130128956,1.2543520309477756,0.40038684719535783,1.1866537717601546,0.2736943907156673,2.706963249516441,7.854630715123095
IndiaSpeaks,1101.0,64.08371040723982,1.4051191526919682,0.35127978817299205,0.795233892321271,0.19505736981465135,2.006178287731686,7.748868778280543
InstaCelebsGossip,1368.0,37.582529202640934,1.5405405405405406,0.34594594594594597,1.0162162162162163,0.33378378378378376,3.072972972972973,7.567293042153377
IndianStreetBets,1009.0,54.464851171627615,1.2337209302325582,0.32558139534883723,0.9383720930232559,0.30465116279069765,2.1651162790697676,6.713109563014566
kolkata,1136.0,42.7038626609442,1.14321608040201,0.36180904522613067,0.9296482412060302,0.3693467336683417,2.4020100502512562,6.276824034334764
indiansports,474.0,62.536302032913845,0.8513931888544891,0.23993808049535603,1.1176470588235294,0.5572755417956656,1.8142414860681115,6.001936108422072
delhi,1298.0,37.55230125523013,1.4623955431754874,0.3649025069637883,0.8885793871866295,0.266016713091922,2.447075208913649,5.700836820083682
indiameme,1390.0,40.51769677760169,1.4524119947848761,0.39374185136897,0.9256844850065189,0.22685788787483702,2.5541069100391134,5.441098784997359
Kerala,1132.0,48.06539509536785,0.9863945578231292,0.29705215419501135,0.7913832199546486,0.23242630385487528,1.6439909297052153,5.286103542234333
SaimanSays,1033.0,48.76543209876543,1.2037974683544304,0.40379746835443037,0.9658227848101266,0.30759493670886073,2.232911392405063,5.246913580246914
AskIndia,1332.0,45.385007649158595,1.3898876404494382,0.31573033707865167,0.9078651685393259,0.19887640449438201,2.146067415730337,4.79347271800102
BollywoodMusic,1044.0,48.16247582205029,1.287817938420348,0.2931726907630522,0.9598393574297188,0.19143239625167335,2.1231593038821956,4.6421663442940035
mumbai,1351.0,51.446280991735534,1.4467871485943775,0.25,0.8122489959839357,0.13654618473895583,1.8463855421686748,4.597107438016529
personalfinanceindia,1208.0,43.27683615819209,1.262402088772846,0.24804177545691905,0.8185378590078329,0.1814621409921671,1.7597911227154046,4.519774011299435
IndiaTech,1335.0,48.88143176733781,1.3524027459954233,0.31922196796338675,0.7963386727688787,0.12814645308924486,1.834096109839817,4.47427293064877
IndianDankMemes,1027.0,46.34591961023143,1.137976346911958,0.2706964520367937,0.9027595269382391,0.21813403416557162,1.6872536136662286,4.38489646772229
indiasocial,1524.0,40.77319587628866,1.4462705436156764,0.3729456384323641,0.8723135271807838,0.1592920353982301,2.1807838179519594,4.278350515463917
AnimeMirchi,1082.0,27.53525856279382,0.8463414634146341,0.44146341463414634,0.9609756097560975,0.4682926829268293,2.3804878048780487,4.231027535258563
BollywoodFashion,913.0,62.03983101991551,1.1780155642023347,0.16731517509727625,1.122568093385214,0.3657587548638132,1.9173151750972763,4.103802051901026
hyderabad,1225.0,45.972293483837866,1.1785714285714286,0.29017857142857145,0.8582589285714286,0.19084821428571427,1.7120535714285714,4.0020523345305286
IndiaNostalgia,994.0,56.30769230769231,1.169398907103825,0.24371584699453552,0.9038251366120219,0.2284153005464481,1.6852459016393442,4.0
IndianStockMarket,1232.0,46.27777777777778,1.2088835534213684,0.20048019207683074,0.9315726290516206,0.1836734693877551,1.7130852340936376,3.7222222222222223
CarsIndia,1435.0,47.94805194805195,1.4420368364030336,0.28710725893824485,0.7865655471289275,0.12242686890574214,1.8450704225352113,3.688311688311688
bangalore,1288.0,43.90651085141903,1.3193916349809887,0.2585551330798479,0.7629911280101395,0.1888466413181242,1.9062103929024081,3.617139677239844
funnyIndia,1347.0,35.84487534626039,1.224111282843895,0.2241112828438949,0.9938176197836167,0.2071097372488408,2.009273570324575,3.601108033240997
animeindian,1081.0,44.20374707259953,1.0066225165562914,0.2410596026490066,1.0211920529801324,0.24635761589403973,1.8291390728476822,3.5714285714285716
chennai,1116.0,41.885441527446304,1.0427350427350428,0.24216524216524216,0.6809116809116809,0.09259259259259259,1.2564102564102564,3.2816229116945106
GadgetsIndia,1201.0,44.84233030464992,1.1370679380214541,0.3468414779499404,0.8641239570917759,0.17759237187127533,1.6543504171632897,3.1533939070016035
RelationshipIndia,1213.0,28.082959641255606,1.215568862275449,0.2554890219560878,0.782435129740519,0.10778443113772455,1.6427145708582835,2.6345291479820627
JEENEETards,1354.0,23.839332290036516,1.1597374179431073,0.3304157549234136,1.026258205689278,0.18599562363238512,1.9409190371991247,2.3995826812728223
developersIndia,1447.0,32.043010752688176,1.3238255033557047,0.19630872483221476,0.6409395973154363,0.07718120805369127,1.3003355704697988,1.3440860215053763
IndianGaming,1440.0,34.5718901453958,1.1292834890965733,0.2336448598130841,0.660436137071651,0.14018691588785046,1.1682242990654206,1.0770059235325795
IndianFashionAddicts,1167.0,29.50030102347983,0.9,0.12653061224489795,0.746938775510204,0.2938775510204082,0.9102040816326531,0.8428657435279951
IndiaInvestments,203.0,21.176470588235293,0.6296296296296297,0.07407407407407407,0.7037037037037037,0.2222222222222222,0.6666666666666666,0.7843137254901961
IncredibleIndia,615.0,35.78629032258065,0.8,0.07887323943661972,1.0732394366197182,0.19154929577464788,0.780281690140845,0.5040322580645161
IndiaTrending,36.0,20.454545454545453,1.4444444444444444,0.5555555555555556,0.6666666666666666,0.6666666666666666,2.6666666666666665,0.0
