sub,n_influencers,n_scored,coverage_pct,pct_highrisk_of_scored,pct_highrisk_of_all,pct_any_signal_of_scored,mean_score_scored
delhi,241.0,82.0,34.024896265560166,18.29268292682927,6.224066390041494,64.63414634146342,2.573170731707317
unitedstatesofindia,248.0,156.0,62.903225806451616,16.666666666666668,10.483870967741936,67.94871794871794,2.532051282051282
CricketShitpost,242.0,126.0,52.06611570247934,16.666666666666668,8.677685950413224,76.19047619047619,2.611111111111111
InstaCelebsGossip,245.0,92.0,37.55102040816327,16.304347826086957,6.122448979591836,66.30434782608695,2.902173913043478
ipl,254.0,128.0,50.39370078740158,15.625,7.874015748031496,72.65625,2.3359375
BollyBlindsNGossip,234.0,148.0,63.24786324786325,14.864864864864865,9.401709401709402,71.62162162162163,3.0135135135135136
indiameme,261.0,108.0,41.37931034482759,14.814814814814815,6.130268199233717,70.37037037037037,2.6296296296296298
IndiaCricket,236.0,133.0,56.355932203389834,14.285714285714286,8.05084745762712,76.69172932330827,2.744360902255639
funnyIndia,268.0,102.0,38.059701492537314,13.72549019607843,5.223880597014926,73.52941176470588,2.2549019607843137
mumbai,253.0,133.0,52.569169960474305,12.781954887218046,6.719367588932807,66.16541353383458,2.180451127819549
bollywood,246.0,158.0,64.22764227642277,12.658227848101266,8.130081300813009,70.88607594936708,2.5126582278481013
indiasocial,258.0,103.0,39.92248062015504,12.62135922330097,5.038759689922481,55.33980582524272,2.0970873786407767
india,247.0,126.0,51.012145748987855,11.904761904761905,6.0728744939271255,62.698412698412696,2.2063492063492065
BollywoodMusic,262.0,122.0,46.56488549618321,11.475409836065573,5.343511450381679,70.49180327868852,2.2540983606557377
AskIndia,255.0,116.0,45.490196078431374,11.206896551724139,5.098039215686274,66.37931034482759,2.1982758620689653
bollywoodmemes,251.0,129.0,51.39442231075697,10.852713178294573,5.577689243027889,73.64341085271317,2.4728682170542635
JEENEETards,257.0,66.0,25.68093385214008,10.606060606060606,2.7237354085603114,69.6969696969697,1.8636363636363635
SaimanSays,248.0,115.0,46.37096774193548,10.434782608695652,4.838709677419355,66.95652173913044,2.1130434782608694
AnimeMirchi,257.0,49.0,19.06614785992218,10.204081632653061,1.9455252918287937,46.93877551020408,1.7551020408163265
CarsIndia,263.0,118.0,44.866920152091254,10.169491525423728,4.562737642585551,62.71186440677966,2.0
BollywoodFashion,229.0,128.0,55.89519650655022,10.15625,5.676855895196507,74.21875,2.3984375
IndianStreetBets,246.0,123.0,50.0,9.75609756097561,4.878048780487805,65.04065040650407,1.8780487804878048
hyderabad,247.0,115.0,46.558704453441294,9.565217391304348,4.4534412955465585,70.43478260869566,2.0
IndianDankMemes,239.0,109.0,45.60669456066945,9.174311926605505,4.184100418410042,52.293577981651374,1.5045871559633028
IndianStockMarket,254.0,133.0,52.36220472440945,9.022556390977444,4.724409448818897,69.17293233082707,1.8345864661654134
Kerala,256.0,103.0,40.234375,8.737864077669903,3.515625,50.48543689320388,1.5339805825242718
kolkata,235.0,98.0,41.702127659574465,8.16326530612245,3.404255319148936,61.224489795918366,1.7653061224489797
personalfinanceindia,260.0,113.0,43.46153846153846,7.964601769911504,3.4615384615384617,58.4070796460177,1.584070796460177
RelationshipIndia,264.0,67.0,25.37878787878788,7.462686567164179,1.893939393939394,46.26865671641791,1.507462686567164
ISRO,147.0,54.0,36.734693877551024,7.407407407407407,2.7210884353741496,42.592592592592595,1.3518518518518519
chennai,260.0,109.0,41.92307692307692,7.339449541284404,3.076923076923077,47.706422018348626,1.2568807339449541
IndiaTech,258.0,124.0,48.06201550387597,7.258064516129032,3.488372093023256,65.3225806451613,1.7096774193548387
IndiaSpeaks,243.0,156.0,64.19753086419753,7.051282051282051,4.526748971193416,57.05128205128205,1.564102564102564
GadgetsIndia,266.0,106.0,39.849624060150376,6.60377358490566,2.6315789473684212,64.15094339622641,1.5660377358490567
animeindian,257.0,109.0,42.4124513618677,5.504587155963303,2.3346303501945527,63.30275229357798,1.6238532110091743
bangalore,263.0,118.0,44.866920152091254,5.084745762711864,2.2813688212927756,58.47457627118644,1.5508474576271187
indiansports,195.0,104.0,53.333333333333336,4.8076923076923075,2.5641025641025643,60.57692307692308,1.5288461538461537
IncredibleIndia,216.0,47.0,21.75925925925926,4.25531914893617,0.9259259259259259,46.808510638297875,1.127659574468085
IndiaInvestments,97.0,26.0,26.804123711340207,3.8461538461538463,1.0309278350515463,53.84615384615385,1.0384615384615385
developersIndia,258.0,90.0,34.883720930232556,3.3333333333333335,1.1627906976744187,43.333333333333336,1.1
IndianFashionAddicts,227.0,60.0,26.431718061674008,3.3333333333333335,0.8810572687224669,43.333333333333336,0.9166666666666666
IndiaNostalgia,251.0,134.0,53.386454183266935,2.985074626865672,1.593625498007968,63.43283582089552,1.4253731343283582
IndianGaming,258.0,87.0,33.72093023255814,2.2988505747126435,0.7751937984496124,47.12643678160919,0.9655172413793104
IndiaTrending,25.0,3.0,12.0,0.0,0.0,66.66666666666667,2.6666666666666665
